date,temperature_2m,precipitation,rain,relative_humidity_2m,wind_speed_100m,wind_direction_100m,dew_point_2m,apparent_temperature,wind_speed_10m,wind_direction_10m
2012-03-01 00:00:00+00:00,14.351,0.0,0.0,53.774086,18.94024,261.2539,5.101,11.013487,14.685176,258.6901
2012-03-01 01:00:00+00:00,13.151,0.0,0.0,61.8758,19.721298,248.58696,6.001,10.014084,14.658676,245.32315
2012-03-01 02:00:00+00:00,11.701,0.0,0.0,72.65088,20.991426,247.8336,6.9509997,9.207388,11.753877,242.6502
2012-03-01 03:00:00+00:00,10.601,0.0,0.0,80.315636,15.39184,259.21576,7.351,8.73804,8.089993,249.14546
2012-03-01 04:00:00+00:00,10.000999,0.0,0.0,84.45779,9.346143,254.3577,7.501,8.829545,3.6,216.86998
2012-03-01 05:00:00+00:00,9.351,0.0,0.0,87.920746,7.42159,247.1663,7.4509997,8.1969595,3.396233,212.00534
2012-03-01 06:00:00+00:00,8.801,0.0,0.0,90.929756,6.489992,250.55988,7.401,7.7513885,2.5959969,213.6901
2012-03-01 07:00:00+00:00,8.001,0.0,0.0,91.50092,6.0347,252.64589,6.7009997,6.856246,2.0991426,210.96368
2012-03-01 08:00:00+00:00,8.101,0.0,0.0,91.50742,6.725354,254.47583,6.8009996,6.9497166,2.3051248,231.34016
2012-03-01 09:00:00+00:00,8.001,0.0,0.0,92.131256,6.725354,254.47583,6.8009996,6.8497066,2.3051248,231.34016
2012-03-01 10:00:00+00:00,8.301,0.0,0.0,91.52037,7.289444,249.77505,7.001,7.151123,2.6208394,254.05453
2012-03-01 11:00:00+00:00,8.201,0.0,0.0,92.459435,9.028754,265.42615,7.0509996,6.96986,3.2599385,263.6599
2012-03-01 12:00:00+00:00,8.201,0.0,0.0,93.09459,7.771331,256.60748,7.151,7.0694437,2.7416782,246.80138
2012-03-01 13:00:00+00:00,8.001,0.0,0.0,93.7239,6.519877,263.6599,7.0509996,6.874017,2.5455842,261.87
2012-03-01 14:00:00+00:00,8.101,0.0,0.0,94.04995,3.219938,296.56497,7.2009997,7.164855,1.484318,284.03625
2012-03-01 15:00:00+00:00,8.701,0.0,0.0,92.1733,1.5273507,44.999897,7.501,7.8317423,1.5273507,44.999897
2012-03-01 16:00:00+00:00,9.951,0.0,0.0,85.90438,3.7585104,106.699326,7.7009997,9.086326,1.835647,101.3099
2012-03-01 17:00:00+00:00,11.151,0.0,0.0,77.16961,5.0142193,111.03758,7.3009996,9.915136,3.7064266,119.05451
2012-03-01 18:00:00+00:00,12.651,0.0,0.0,67.55226,4.6938257,147.52882,6.8009996,11.248949,4.0249224,153.43501
2012-03-01 19:00:00+00:00,14.901,0.0,0.0,54.48178,6.87779,186.00891,5.8009996,13.342934,6.162207,186.70975
2012-03-01 20:00:00+00:00,16.401,0.0,0.0,46.98422,10.966713,203.19862,5.0509996,14.737097,9.360001,202.6199
2012-03-01 21:00:00+00:00,17.001,0.0,0.0,43.222424,14.88242,212.15227,4.401,14.54104,12.783802,212.34741
2012-03-01 22:00:00+00:00,17.301,0.0,0.0,42.26159,9.449572,229.63554,4.351,15.479792,8.404285,226.73567
2012-03-01 23:00:00+00:00,16.451,0.0,0.0,46.510025,10.691453,224.9999,4.9509997,13.8489685,9.422101,223.45189
2012-03-02 00:00:00+00:00,15.201,0.0,0.0,51.799892,12.229406,222.61401,5.351,12.571705,10.195057,222.13753
2012-03-02 01:00:00+00:00,14.051,0.0,0.0,55.019592,13.324863,218.41809,5.151,11.290751,10.799999,216.86998
2012-03-02 02:00:00+00:00,12.851,0.0,0.0,60.95459,12.661564,194.82652,5.501,10.515646,8.4042845,189.86574
2012-03-02 03:00:00+00:00,11.651,0.0,0.0,68.27906,10.829958,158.5522,6.001,9.821809,5.692099,145.30478
2012-03-02 04:00:00+00:00,10.551,0.0,0.0,73.700554,12.594856,120.963684,6.0509996,8.517118,7.172949,107.52566
2012-03-02 05:00:00+00:00,9.351,0.0,0.0,78.49582,11.841756,109.53674,5.8009996,7.4607334,5.8048253,97.12492
2012-03-02 06:00:00+00:00,8.551,0.0,0.0,77.020256,8.049845,100.30479,4.751,6.746278,3.671294,78.6901
2012-03-02 07:00:00+00:00,8.201,0.0,0.0,73.79237,2.5455842,98.13002,3.801,6.4204483,2.1897945,99.46225
2012-03-02 08:00:00+00:00,7.5509996,0.0,0.0,73.415,0.35999998,270.0,3.101,5.6727266,1.9386592,111.801476
2012-03-02 09:00:00+00:00,6.5509996,0.0,0.0,77.240364,2.2768397,108.43504,2.851,4.526581,2.6208394,74.054535
2012-03-02 10:00:00+00:00,5.501,0.0,0.0,81.58926,9.3876505,94.39862,2.601,3.1282978,4.6938252,85.60138
2012-03-02 11:00:00+00:00,4.8009996,0.0,0.0,84.15075,13.138765,99.46225,2.351,2.0995355,6.638072,77.4712
2012-03-02 12:00:00+00:00,4.401,0.0,0.0,84.40413,11.885453,88.264336,2.001,1.7590089,5.8048253,60.255207
2012-03-02 13:00:00+00:00,4.251,0.0,0.0,83.18878,8.427383,70.01681,1.651,1.4268527,6.638072,49.398785
2012-03-02 14:00:00+00:00,4.251,0.0,0.0,81.12868,7.42159,22.833694,1.301,1.4053197,6.379216,16.389616
2012-03-02 15:00:00+00:00,4.901,0.0,0.0,77.80548,11.183201,3.691312,1.3510001,1.9388843,7.2359104,5.7105074
2012-03-02 16:00:00+00:00,9.250999,0.0,0.0,58.386223,12.849528,11.3098955,1.5009999,6.419058,6.519877,6.3401003
2012-03-02 17:00:00+00:00,13.951,0.0,0.0,32.103775,13.684735,26.564985,-2.449,10.091684,9.504273,24.623547
2012-03-02 18:00:00+00:00,16.951,0.0,0.0,16.346025,14.255272,44.999897,-8.799,12.612692,10.182337,44.999897
2012-03-02 19:00:00+00:00,19.201,0.0,0.0,14.19122,15.192682,53.67309,-8.799,15.490253,11.384198,55.304783
2012-03-02 20:00:00+00:00,20.951,0.0,0.0,11.09719,12.783802,57.652576,-10.549,17.869781,9.511088,60.524208
2012-03-02 21:00:00+00:00,22.151,0.0,0.0,9.112134,10.383987,56.309914,-12.099,19.359802,7.5942082,58.570484
2012-03-02 22:00:00+00:00,22.701,0.0,0.0,7.806162,9.531505,10.885482,-13.599,19.564972,6.924738,8.97255
2012-03-02 23:00:00+00:00,22.701,0.0,0.0,7.1640964,6.379216,16.389616,-14.649,19.1153,4.452954,14.036275
2012-03-03 00:00:00+00:00,22.101,0.0,0.0,7.130698,8.587338,33.023872,-15.149,17.635546,5.991594,32.73523
2012-03-03 01:00:00+00:00,20.901,0.0,0.0,8.128861,8.311245,17.650223,-14.449,16.596727,5.1544156,12.094739
2012-03-03 02:00:00+00:00,18.901,0.0,0.0,9.902886,10.086427,357.95462,-13.549,14.760895,4.39436,325.0079
2012-03-03 03:00:00+00:00,15.801,0.0,0.0,15.084563,13.397612,353.82993,-10.749001,11.4453125,7.172949,342.47433
2012-03-03 04:00:00+00:00,12.551,0.0,0.0,22.833344,12.964998,358.40887,-8.149,8.399217,7.2359104,5.7105074
2012-03-03 05:00:00+00:00,10.601,0.0,0.0,26.791153,12.371645,8.365798,-7.7490005,6.428344,7.628263,19.290138
2012-03-03 06:00:00+00:00,9.201,0.0,0.0,29.997963,12.641076,19.983198,-7.499,5.0331173,7.754637,21.801476
2012-03-03 07:00:00+00:00,8.901,0.0,0.0,31.812979,11.753877,27.349789,-6.999,4.7376995,8.049845,26.564985
2012-03-03 08:00:00+00:00,8.101,0.0,0.0,34.103436,9.826088,28.442837,-6.7990003,4.0039053,7.729527,27.758451
2012-03-03 09:00:00+00:00,7.351,0.0,0.0,35.479935,9.511088,29.475794,-6.9490004,3.2392116,7.729527,27.758451
2012-03-03 10:00:00+00:00,6.751,0.0,0.0,35.98572,12.904882,30.1413,-7.2990003,2.5116515,8.373386,25.463305
2012-03-03 11:00:00+00:00,6.3009996,0.0,0.0,35.98806,11.4862,32.195713,-7.6990004,2.1180615,7.729527,27.758451
2012-03-03 12:00:00+00:00,5.9509997,0.0,0.0,35.881664,12.24,28.072395,-8.049,1.6422019,8.373386,25.463305
2012-03-03 13:00:00+00:00,5.651,0.0,0.0,35.790348,12.413477,29.5387,-8.349,1.315412,8.373386,25.463305
2012-03-03 14:00:00+00:00,5.401,0.0,0.0,35.714172,12.7279215,28.739704,-8.599,1.043508,8.373386,25.463305
2012-03-03 15:00:00+00:00,5.901,0.0,0.0,35.313602,12.72283,25.114815,-8.299,1.425971,9.360001,22.61991
2012-03-03 16:00:00+00:00,10.651,0.0,0.0,30.777042,12.768586,21.501507,-5.899,6.59258,8.089993,20.854538
2012-03-03 17:00:00+00:00,17.301,0.0,0.0,15.617373,7.968939,18.435053,-9.099,13.291786,5.6920996,18.435053
2012-03-03 18:00:00+00:00,21.051,0.0,0.0,10.34941,4.6800003,22.61991,-11.349,17.69574,3.4152596,18.435053
2012-03-03 19:00:00+00:00,23.001,0.0,0.0,9.562545,1.9386592,21.801476,-10.849,20.980602,1.1384199,18.435053
2012-03-03 20:00:00+00:00,24.851,0.0,0.0,9.008452,2.4149535,243.43501,-10.199,23.129627,2.5959969,236.3099
2012-03-03 21:00:00+00:00,26.051,0.0,0.0,8.657333,5.315336,241.69934,-9.799,23.954441,5.00128,239.74365
2012-03-03 22:00:00+00:00,26.701,0.0,0.0,8.530421,8.4963045,233.61555,-9.499001,23.793749,7.42159,230.90614
2012-03-03 23:00:00+00:00,26.751,0.0,0.0,8.776321,9.360001,247.3801,-9.099,22.984285,8.049845,243.43501
2012-03-04 00:00:00+00:00,26.251,0.0,0.0,9.398864,9.904906,250.9064,-8.599,21.962013,7.8954163,245.77226
2012-03-04 01:00:00+00:00,25.101,0.0,0.0,11.699338,12.0694,252.64589,-6.649,20.970669,8.049845,243.43501
2012-03-04 02:00:00+00:00,22.851,0.0,0.0,17.641506,14.417988,267.13766,-2.9989998,19.172165,7.771331,256.60748
2012-03-04 03:00:00+00:00,19.451,0.0,0.0,23.49171,11.631956,291.80148,-1.9489999,16.146784,6.151683,290.55612
2012-03-04 04:00:00+00:00,16.501,0.0,0.0,26.95316,8.435069,320.1945,-2.599,13.745373,1.8,306.86996
2012-03-04 05:00:00+00:00,13.701,0.0,0.0,33.607735,6.519877,353.6599,-2.049,10.715588,3.8773184,21.801476
2012-03-04 06:00:00+00:00,13.051,0.0,0.0,32.437656,7.289444,20.224945,-3.099,9.547654,6.489992,33.6901
2012-03-04 07:00:00+00:00,12.801,0.0,0.0,30.944534,8.707237,29.744795,-3.9490001,9.004252,7.7879906,33.6901
2012-03-04 08:00:00+00:00,11.901,0.0,0.0,30.334187,10.00256,30.256361,-4.999,7.9453497,8.049845,26.564985
2012-03-04 09:00:00+00:00,11.151,0.0,0.0,29.771626,11.113451,24.904745,-5.899,7.0728836,8.225035,23.198618
2012-03-04 10:00:00+00:00,10.551,0.0,0.0,29.256958,12.768586,21.501507,-6.649,6.366993,8.427383,19.983198
2012-03-04 11:00:00+00:00,10.101,0.0,0.0,29.236874,12.641076,19.983198,-7.0490003,5.877822,8.427383,19.983198
2012-03-04 12:00:00+00:00,9.701,0.0,0.0,29.457912,12.904882,22.988754,-7.2990003,5.4349594,8.557102,22.249071
2012-03-04 13:00:00+00:00,9.401,0.0,0.0,29.826368,13.049689,24.443953,-7.399,5.104683,8.699793,24.443953
2012-03-04 14:00:00+00:00,9.151,0.0,0.0,30.332327,13.202726,25.866312,-7.399,4.854678,8.699793,24.443953
2012-03-04 15:00:00+00:00,9.701,0.0,0.0,30.146141,12.879752,26.564985,-6.999,5.302927,9.659814,26.564985
2012-03-04 16:00:00+00:00,14.451,0.0,0.0,25.781506,13.363711,27.255245,-4.9490004,10.336246,9.178235,25.559923
2012-03-04 17:00:00+00:00,21.301,0.0,0.0,14.889724,10.787993,25.709915,-6.499,17.394968,6.6185193,22.380184
2012-03-04 18:00:00+00:00,25.351,0.0,0.0,10.922592,9.339208,27.552727,-7.349,21.80669,6.763786,25.201094
2012-03-04 19:00:00+00:00,28.001,0.0,0.0,9.380593,7.6367526,44.999897,-7.2990003,25.51207,5.6002855,44.999897
2012-03-04 20:00:00+00:00,29.751,0.0,0.0,8.5746565,4.5536795,71.564964,-7.149,28.159637,3.319036,77.4712
2012-03-04 21:00:00+00:00,30.851,0.0,0.0,8.0505905,2.4149535,153.43501,-7.149,29.484158,2.2768397,161.56496
2012-03-04 22:00:00+00:00,31.351,0.0,0.0,7.8243947,3.4152596,198.43504,-7.149,29.405396,3.096837,215.53777
2012-03-04 23:00:00+00:00,31.151,0.0,0.0,8.005857,6.193674,234.46223,-6.999,27.95477,5.692099,235.30478
2012-03-05 00:00:00+00:00,30.201,0.0,0.0,8.583604,9.693296,248.19853,-6.7990003,26.09789,7.754637,248.19853
2012-03-05 01:00:00+00:00,28.351,0.0,0.0,10.310355,13.1041975,254.05453,-5.7990003,24.232786,8.557102,247.75093
2012-03-05 02:00:00+00:00,25.651,0.0,0.0,13.231829,14.764389,268.60284,-4.599,21.686945,8.4042845,260.13425
2012-03-05 03:00:00+00:00,23.601,0.0,0.0,16.98569,11.631956,291.80148,-2.899,20.18798,6.0347,287.3541
2012-03-05 04:00:00+00:00,20.601,0.0,0.0,22.12066,7.9932966,324.16226,-1.799,17.95167,1.8,360.0
2012-03-05 05:00:00+00:00,17.851,0.0,0.0,25.023228,5.0911684,8.130019,-2.449,14.925711,3.096837,35.537766
2012-03-05 06:00:00+00:00,15.301,0.0,0.0,30.085543,5.6002855,44.999897,-2.149,12.161137,4.8433046,48.01287
2012-03-05 07:00:00+00:00,14.651,0.0,0.0,33.2724,7.289445,57.094753,-1.349,11.436682,6.1094027,44.999897
2012-03-05 08:00:00+00:00,13.801,0.0,0.0,35.025402,7.9932966,54.16227,-1.3989999,10.535912,6.4096174,38.157276
2012-03-05 09:00:00+00:00,12.901,0.0,0.0,36.599556,7.386582,46.97493,-1.599,9.668942,5.991594,32.73523
2012-03-05 10:00:00+00:00,12.401,0.0,0.0,37.26623,9.422101,43.451904,-1.799,9.00526,6.9247384,27.897186
2012-03-05 11:00:00+00:00,11.901,0.0,0.0,38.229702,6.6087217,29.357658,-1.8989999,8.608958,6.12,28.072395
2012-03-05 12:00:00+00:00,11.601,0.0,0.0,38.565235,5.8603754,42.510403,-2.049,8.246382,6.4096174,38.157276
2012-03-05 13:00:00+00:00,11.451,0.0,0.0,38.378704,7.729527,62.24156,-2.2489998,8.069564,6.4096174,38.157276
2012-03-05 14:00:00+00:00,11.151,0.0,0.0,39.14873,8.225035,66.80139,-2.2489998,7.7695684,6.4096174,38.157276
2012-03-05 15:00:00+00:00,11.801,0.0,0.0,37.919315,7.8625183,74.054535,-2.099,8.439638,6.4096174,38.157276
2012-03-05 16:00:00+00:00,15.801,0.0,0.0,32.7645,6.9899354,78.11137,-0.54899997,12.628328,6.618519,44.999897
2012-03-05 17:00:00+00:00,22.001,0.0,0.0,22.40986,6.162207,83.29026,-0.449,19.35881,3.0758414,69.44387
2012-03-05 18:00:00+00:00,25.551,0.0,0.0,15.861419,3.319036,139.39879,-2.2489998,22.720064,2.6208394,164.05453
2012-03-05 19:00:00+00:00,26.951,0.0,0.0,13.812978,5.8048253,187.12492,-2.9989998,24.013151,5.1544156,192.09474
2012-03-05 20:00:00+00:00,27.901,0.0,0.0,13.863443,8.557102,202.24907,-2.199,25.137741,7.0911775,203.9625
2012-03-05 21:00:00+00:00,28.301,0.0,0.0,13.847102,11.753877,207.3498,-1.8989999,25.17452,9.826088,208.44283
2012-03-05 22:00:00+00:00,27.851,0.0,0.0,14.8558,9.693296,201.80147,-1.299,24.481945,8.225035,203.19861
2012-03-05 23:00:00+00:00,27.201,0.0,0.0,16.065084,10.630672,208.30066,-0.749,23.691689,8.707237,209.7448
2012-03-06 00:00:00+00:00,25.951,0.0,0.0,18.529358,10.799999,216.86998,0.201,22.51097,9.220499,218.65984
2012-03-06 01:00:00+00:00,23.701,0.0,0.0,22.131802,9.931042,223.53127,0.801,20.55032,7.8954163,223.1524
2012-03-06 02:00:00+00:00,21.401,0.0,0.0,28.133879,7.928177,230.52757,2.201,18.852327,5.3999996,216.86998
2012-03-06 03:00:00+00:00,19.401,0.0,0.0,35.27191,5.1165614,230.71062,3.651,17.374075,3.671294,191.30989
2012-03-06 04:00:00+00:00,17.301,0.0,0.0,42.26159,2.9024127,187.12492,4.351,15.549049,2.7416782,156.80138
2012-03-06 05:00:00+00:00,15.651,0.0,0.0,47.765545,4.3349743,138.36655,4.601,13.7380295,4.198285,120.96369
2012-03-06 06:00:00+00:00,14.301,0.0,0.0,52.83266,6.193674,144.46223,4.8009996,12.384104,4.510787,118.61037
2012-03-06 07:00:00+00:00,14.250999,0.0,0.0,48.557648,6.4096174,141.84273,3.551,12.011686,5.00128,120.256355
2012-03-06 08:00:00+00:00,13.500999,0.0,0.0,50.44337,7.8954163,133.1524,3.401,11.045423,6.28713,113.62939
2012-03-06 09:00:00+00:00,12.651,0.0,0.0,52.947617,9.957108,130.60121,3.301,10.146838,6.489992,109.440125
2012-03-06 10:00:00+00:00,13.351,0.0,0.0,50.047337,8.225035,113.198616,3.151,11.033631,5.0142193,111.03758
2012-03-06 11:00:00+00:00,12.351,0.0,0.0,52.86703,7.289445,147.09476,3.0010002,10.439845,2.0364676,135.0001
2012-03-06 12:00:00+00:00,8.801,0.0,0.0,66.49531,9.422101,136.54811,2.901,6.5559874,4.198285,120.96369
2012-03-06 13:00:00+00:00,8.801,0.0,0.0,65.55937,9.1641035,135.0001,2.701,6.661825,3.219938,116.56499
2012-03-06 14:00:00+00:00,8.901,0.0,0.0,64.42866,6.696387,143.74608,2.551,6.941579,1.8,126.86999
2012-03-06 15:00:00+00:00,9.651,0.0,0.0,63.91812,9.422101,133.45189,3.151,7.3132887,5.154415,114.775116
2012-03-06 16:00:00+00:00,12.750999,0.0,0.0,58.8485,9.021574,151.38963,4.901,10.547799,6.6185193,157.61983
2012-03-06 17:00:00+00:00,14.101,0.0,0.0,58.37043,10.086427,177.95464,6.0509996,11.905447,8.28,180.0
2012-03-06 18:00:00+00:00,15.401,0.0,0.0,55.36932,12.324414,173.29025,6.501,13.041746,10.105681,175.91446
2012-03-06 19:00:00+00:00,15.701,0.0,0.0,51.934227,15.941944,186.48297,5.851,13.656395,13.084402,187.90707
2012-03-06 20:00:00+00:00,16.501,0.0,0.0,50.21019,19.734436,194.79681,6.101,14.401953,16.071491,195.59286
2012-03-06 21:00:00+00:00,16.901,0.0,0.0,49.289898,23.532547,209.3099,6.2009997,14.444317,18.847641,208.52303
2012-03-06 22:00:00+00:00,16.951,0.0,0.0,48.628048,17.208603,217.34943,6.0509996,15.00774,14.113652,217.74687
2012-03-06 23:00:00+00:00,16.201,0.0,0.0,47.91872,16.87398,213.6901,5.151,13.092993,13.779114,213.2749
2012-03-07 00:00:00+00:00,15.551,0.0,0.0,47.571064,18.35647,221.82008,4.4509997,12.095394,14.565548,219.98683
2012-03-07 01:00:00+00:00,15.000999,0.0,0.0,49.626377,14.773164,226.97493,4.5509996,12.019138,11.457958,223.72705
2012-03-07 02:00:00+00:00,13.500999,0.0,0.0,54.87613,10.44,223.60289,4.601,11.339488,5.904439,217.56866
2012-03-07 03:00:00+00:00,12.500999,0.0,0.0,58.786484,4.5820518,224.9999,4.651,10.891603,2.1897945,189.46225
2012-03-07 04:00:00+00:00,11.551,0.0,0.0,62.1454,1.5273507,315.0001,4.5509996,10.166145,0.5091169,135.0001
2012-03-07 05:00:00+00:00,10.551,0.0,0.0,63.007767,10.137692,16.504446,3.801,8.502915,4.0249224,26.564985
2012-03-07 06:00:00+00:00,9.351,0.0,0.0,65.91376,10.086427,34.82457,3.301,7.194747,4.1046314,52.124958
2012-03-07 07:00:00+00:00,8.201,0.0,0.0,73.2752,8.825508,11.76827,3.701,6.2477493,3.2399998,360.0
2012-03-07 08:00:00+00:00,7.151,0.0,0.0,67.32909,9.449572,342.25522,1.5009999,4.523571,5.1165614,309.28937
2012-03-07 09:00:00+00:00,6.5509996,0.0,0.0,56.440517,12.783802,327.6526,-1.4990001,3.3155885,6.1094027,315.0001
2012-03-07 10:00:00+00:00,6.001,0.0,0.0,49.247253,18.861387,346.75946,-3.8489997,2.3203373,7.072878,345.25638
2012-03-07 11:00:00+00:00,5.151,0.0,0.0,47.008266,15.188415,5.4402504,-5.249,1.3965349,6.4799995,360.0
2012-03-07 12:00:00+00:00,4.901,0.0,0.0,43.991978,22.79684,21.297422,-6.349,0.46422434,10.365251,20.323217
2012-03-07 13:00:00+00:00,4.9509997,0.0,0.0,40.75558,29.035288,17.311733,-7.2990003,-0.13027668,14.145756,14.743609
2012-03-07 14:00:00+00:00,4.651,0.0,0.0,41.77787,27.766712,13.495748,-7.249,-0.38234043,13.849476,8.97255
2012-03-07 15:00:00+00:00,4.8009996,0.0,0.0,44.469357,23.087763,10.784258,-6.2990003,0.095115185,12.245294,1.6846573
2012-03-07 16:00:00+00:00,9.101,0.0,0.0,31.026695,19.770523,10.491434,-7.149,4.0389347,14.113653,5.8559217
2012-03-07 17:00:00+00:00,11.901,0.0,0.0,19.430305,19.513195,29.875906,-10.749001,6.4294167,14.8257065,29.054508
2012-03-07 18:00:00+00:00,14.000999,0.0,0.0,13.038375,16.075521,34.045982,-13.999001,9.262332,12.181624,34.159744
2012-03-07 19:00:00+00:00,14.851,0.0,0.0,10.124149,12.387348,35.537766,-16.399,11.270996,9.290511,35.537766
2012-03-07 20:00:00+00:00,16.601,0.0,0.0,9.051864,10.086427,34.82457,-16.399,13.777824,7.491114,35.217674
2012-03-07 21:00:00+00:00,18.101,0.0,0.0,8.4067135,7.9036193,30.068504,-16.149,15.621498,5.8048253,29.744795
2012-03-07 22:00:00+00:00,19.151,0.0,0.0,8.03751,5.8603754,190.6196,-15.899,16.386429,5.1544156,192.09474
2012-03-07 23:00:00+00:00,19.851,0.0,0.0,7.856576,8.587338,236.97612,-15.649,15.863245,7.7043357,232.59457
2012-03-08 00:00:00+00:00,19.801,0.0,0.0,8.700157,13.905509,248.74942,-14.449,14.557861,11.592895,244.23071
2012-03-08 01:00:00+00:00,18.351,0.0,0.0,10.804401,19.386593,248.19853,-12.899,12.684917,15.137133,244.65387
2012-03-08 02:00:00+00:00,15.601,0.0,0.0,16.930145,22.55106,253.30067,-9.449,10.413963,13.570615,248.19853
2012-03-08 03:00:00+00:00,13.451,0.0,0.0,22.904057,18.72346,268.89832,-7.349,8.901962,10.464798,266.0549
2012-03-08 04:00:00+00:00,12.051,0.0,0.0,26.79676,14.707222,291.54105,-6.499,8.096993,6.9527545,291.25058
2012-03-08 05:00:00+00:00,10.250999,0.0,0.0,29.848186,10.948973,313.66785,-6.649,6.245986,7.2,323.13
2012-03-08 06:00:00+00:00,8.601,0.0,0.0,30.877625,7.9932966,324.16226,-7.649,4.951419,4.1046314,344.7448
2012-03-08 07:00:00+00:00,7.501,0.0,0.0,33.531895,6.193674,324.46225,-7.5490003,3.9111576,3.7585104,16.699326
2012-03-08 08:00:00+00:00,6.8009996,0.0,0.0,32.298927,5.904439,322.43134,-8.649,3.0617843,4.1046314,15.255177
2012-03-08 09:00:00+00:00,6.251,0.0,0.0,30.89593,5.8048253,330.25522,-9.699,2.2915292,5.0142193,21.037588
2012-03-08 10:00:00+00:00,5.8009996,0.0,0.0,29.920477,6.12,28.072395,-10.499001,1.4908457,6.989936,34.50859
2012-03-08 11:00:00+00:00,5.3009996,0.0,0.0,30.24728,5.3517847,47.72637,-10.799,0.98461723,6.8777895,42.878906
2012-03-08 12:00:00+00:00,4.851,0.0,0.0,30.717129,3.563818,44.999897,-10.999001,0.5940089,6.3690495,42.709366
2012-03-08 13:00:00+00:00,4.501,0.0,0.0,30.85634,2.5455842,44.999897,-11.249001,0.26059055,6.1305785,40.236294
2012-03-08 14:00:00+00:00,4.251,0.0,0.0,30.535482,3.8268526,48.814175,-11.599,-0.12877941,6.9153743,38.65983
2012-03-08 15:00:00+00:00,5.101,0.0,0.0,29.123365,5.6233797,50.194473,-11.449,0.7209978,6.989936,34.50859
2012-03-08 16:00:00+00:00,10.551,0.0,0.0,21.588156,7.653705,41.185837,-10.549,6.310089,6.489992,33.6901
2012-03-08 17:00:00+00:00,16.801,0.0,0.0,11.348169,4.829907,26.564985,-13.499001,12.809635,3.396233,32.005356
2012-03-08 18:00:00+00:00,20.101,0.0,0.0,8.860278,5.3517847,42.27363,-13.999001,16.664623,4.072935,44.999897
2012-03-08 19:00:00+00:00,22.201,0.0,0.0,7.916993,3.5455887,66.037506,-13.799,19.984982,2.2768397,71.564964
2012-03-08 20:00:00+00:00,23.951,0.0,0.0,6.9779634,1.8,143.13002,-14.049,22.284958,1.9386592,158.19853
2012-03-08 21:00:00+00:00,25.201,0.0,0.0,6.528374,3.0547013,224.9999,-13.949,23.307894,3.319036,220.60121
2012-03-08 22:00:00+00:00,25.951,0.0,0.0,6.4247384,9.387651,237.52882,-13.599,22.812574,7.9932966,234.16226
2012-03-08 23:00:00+00:00,26.051,0.0,0.0,6.678441,11.91812,244.98314,-13.049,21.8302,10.00256,239.74365
2012-03-09 00:00:00+00:00,25.401,0.0,0.0,7.3740616,14.799459,251.56496,-12.299,20.216194,12.10157,247.249
2012-03-09 01:00:00+00:00,24.201,0.0,0.0,8.825147,17.076298,251.56496,-10.949,18.993843,12.904882,247.01126
2012-03-09 02:00:00+00:00,21.701,0.0,0.0,11.927365,18.289274,259.79608,-9.049,17.179972,9.227524,249.44388
2012-03-09 03:00:00+00:00,19.951,0.0,0.0,14.359414,14.332341,281.59213,-8.049,15.749233,7.6367526,278.13
2012-03-09 04:00:00+00:00,16.701,0.0,0.0,17.949825,9.585739,304.28693,-7.799,12.889799,5.1165614,309.28937
2012-03-09 05:00:00+00:00,14.201,0.0,0.0,18.673,6.28713,336.3706,-9.349,10.619083,2.6208394,15.945477
2012-03-09 06:00:00+00:00,12.451,0.0,0.0,19.497202,5.506941,11.3098955,-10.249001,8.538643,4.39436,34.9921
2012-03-09 07:00:00+00:00,11.801,0.0,0.0,21.418844,6.9247384,27.897186,-9.599,7.6776943,6.193674,35.537766
2012-03-09 08:00:00+00:00,11.250999,0.0,0.0,21.438442,8.209263,37.875053,-10.049,6.9757166,6.989936,34.50859
2012-03-09 09:00:00+00:00,10.750999,0.0,0.0,21.13446,8.891343,31.75944,-10.649,6.367958,7.4128532,29.054508
2012-03-09 10:00:00+00:00,10.151,0.0,0.0,20.972013,9.028754,23.498587,-11.249001,5.7706985,7.0911775,23.962492
2012-03-09 11:00:00+00:00,9.551,0.0,0.0,20.976986,10.137692,16.504446,-11.749001,5.0871124,7.42159,22.833694
2012-03-09 12:00:00+00:00,9.000999,0.0,0.0,21.335932,11.043261,19.025702,-11.999001,4.450776,7.8954163,24.227736
2012-03-09 13:00:00+00:00,8.601,0.0,0.0,22.0083,12.397806,25.820946,-11.949,3.9844866,8.373386,25.463305
2012-03-09 14:00:00+00:00,8.351,0.0,0.0,22.384037,13.0447235,27.979382,-11.949,3.6642714,8.854829,26.564985
2012-03-09 15:00:00+00:00,9.301,0.0,0.0,21.590008,14.007655,25.90646,-11.599,4.4037952,10.464797,26.564985
2012-03-09 16:00:00+00:00,14.801,0.0,0.0,16.471638,13.849477,27.897186,-10.449,10.175558,9.178235,25.559923
2012-03-09 17:00:00+00:00,21.551,0.0,0.0,9.838542,10.144082,27.474344,-11.599,17.262497,6.28713,23.629398
2012-03-09 18:00:00+00:00,25.151,0.0,0.0,8.141213,10.195057,42.13753,-11.249001,21.29049,7.928177,39.47243
2012-03-09 19:00:00+00:00,26.701,0.0,0.0,7.338925,8.854829,63.435013,-11.399,23.788635,7.24486,63.435013
2012-03-09 20:00:00+00:00,28.051,0.0,0.0,6.7809024,3.6,90.0,-11.399,26.388338,2.9024127,97.12492
2012-03-09 21:00:00+00:00,29.051,0.0,0.0,6.3221188,2.8116899,219.80553,-11.549,27.421036,2.8116899,219.80553
2012-03-09 22:00:00+00:00,29.601,0.0,0.0,6.1000547,8.39657,239.0363,-11.599,26.656656,7.729527,242.24155
2012-03-09 23:00:00+00:00,29.351,0.0,0.0,6.2883444,14.003029,252.03076,-11.399,24.913937,12.181625,251.0295
2012-03-10 00:00:00+00:00,28.301,0.0,0.0,7.037811,20.780453,255.96373,-10.749001,22.59568,16.418526,254.74483
2012-03-10 01:00:00+00:00,25.851,0.0,0.0,9.219178,24.569832,259.01938,-9.149,20.170885,17.114204,255.37909
2012-03-10 02:00:00+00:00,23.051,0.0,0.0,11.877536,25.20257,269.18155,-8.049,18.054394,13.084402,262.09293
2012-03-10 03:00:00+00:00,21.051,0.0,0.0,13.7862625,22.027763,281.3099,-7.6990004,16.730358,8.669949,274.76355
2012-03-10 04:00:00+00:00,18.851,0.0,0.0,15.859913,16.1198,293.70264,-7.649,14.502947,8.891344,291.3707
2012-03-10 05:00:00+00:00,16.451,0.0,0.0,18.95543,10.805998,299.98157,-7.2990003,12.981022,3.096837,305.53775
2012-03-10 06:00:00+00:00,14.101,0.0,0.0,20.88094,6.1305785,310.2363,-7.9990005,10.795163,1.5273507,44.999897
2012-03-10 07:00:00+00:00,12.601,0.0,0.0,22.06154,2.1897945,350.53775,-8.549,8.973839,3.396233,57.99466
2012-03-10 08:00:00+00:00,11.401,0.0,0.0,23.32349,2.7416782,66.801384,-8.849,7.468129,5.315336,61.69934
2012-03-10 09:00:00+00:00,10.601,0.0,0.0,24.885077,4.68,90.0,-8.699,6.6096134,5.8048253,60.255207
2012-03-10 10:00:00+00:00,10.000999,0.0,0.0,26.514303,7.2,90.0,-8.399,5.9897804,6.12,61.92762
2012-03-10 11:00:00+00:00,9.451,0.0,0.0,28.268553,9.885262,100.491425,-8.049,5.424309,6.439876,63.435013
2012-03-10 12:00:00+00:00,8.901,0.0,0.0,30.258045,12.015589,98.61557,-7.649,4.8401604,6.9247384,62.10283
2012-03-10 13:00:00+00:00,8.351,0.0,0.0,32.51439,12.496719,101.63361,-7.1990004,4.238618,7.5685663,64.65388
2012-03-10 14:00:00+00:00,8.151,0.0,0.0,33.857635,11.726277,107.87879,-6.849,4.0637703,7.628263,70.70986
2012-03-10 15:00:00+00:00,9.301,0.0,0.0,32.67408,9.983106,115.64096,-6.2990003,5.5073614,5.991594,57.264786
2012-03-10 16:00:00+00:00,16.051,0.0,0.0,24.616564,9.360001,112.61991,-4.1990004,12.623398,5.0528407,85.91447
2012-03-10 17:00:00+00:00,20.051,0.0,0.0,17.093596,7.9932966,125.837746,-5.6990004,16.263927,6.3690495,132.70937
2012-03-10 18:00:00+00:00,22.301,0.0,0.0,15.819932,9.085988,146.3099,-4.899,19.065367,7.729527,152.24155
2012-03-10 19:00:00+00:00,23.751,0.0,0.0,13.900024,10.829959,164.57777,-5.4490004,21.031809,9.178235,168.69011
2012-03-10 20:00:00+00:00,24.801,0.0,0.0,14.236276,13.32,180.0,-4.2990003,22.269146,11.165805,181.84756
2012-03-10 21:00:00+00:00,25.051,0.0,0.0,15.9816675,16.676977,193.73628,-2.549,22.268782,13.797913,195.12405
2012-03-10 22:00:00+00:00,24.401,0.0,0.0,19.525877,13.896187,196.55714,-0.34899998,21.884354,11.726277,197.87878
2012-03-10 23:00:00+00:00,23.351,0.0,0.0,23.263481,15.315873,203.55228,1.201,20.210585,12.57426,203.6294
2012-03-11 00:00:00+00:00,22.151,0.0,0.0,26.874083,14.8257065,209.0545,2.201,18.624807,12.10157,210.37904
2012-03-11 01:00:00+00:00,19.501,0.0,0.0,33.01074,11.753877,207.3498,2.801,16.486744,9.339208,207.55272
2012-03-11 02:00:00+00:00,17.351,0.0,0.0,41.834328,8.557102,202.24907,4.251,14.982529,6.830519,198.43504
2012-03-11 03:00:00+00:00,15.601,0.0,0.0,50.312958,7.5170207,196.69933,5.3009996,13.653177,5.4477882,187.59456
2012-03-11 04:00:00+00:00,14.250999,0.0,0.0,57.80629,7.5685663,182.72626,6.0509996,12.56249,4.802999,167.00539
2012-03-11 05:00:00+00:00,12.901,0.0,0.0,65.54923,8.825508,168.23174,6.601,11.381212,4.510787,151.38963
2012-03-11 06:00:00+00:00,11.851,0.0,0.0,72.182396,9.511088,150.5242,7.001,10.451215,4.3349743,138.36655
2012-03-11 07:00:00+00:00,11.051,0.0,0.0,74.04391,9.931042,136.46873,6.601,9.48282,4.8433046,131.98714
2012-03-11 08:00:00+00:00,10.000999,0.0,0.0,81.06154,10.464797,130.81499,6.901,8.495561,4.8965297,126.027466
2012-03-11 09:00:00+00:00,9.201,0.0,0.0,86.41638,11.246759,129.80553,7.0509996,7.71599,5.00128,120.256355
2012-03-11 10:00:00+00:00,8.851,0.0,0.0,87.574905,12.261157,130.23628,6.901,7.185812,5.991594,122.73522
2012-03-11 11:00:00+00:00,8.551,0.0,0.0,88.75791,12.7279215,135.0001,6.8009996,6.8893833,5.8048253,119.74479
2012-03-11 12:00:00+00:00,8.401,0.0,0.0,88.74523,12.475961,136.16905,6.651,6.728956,5.634891,116.56499
2012-03-11 13:00:00+00:00,8.151,0.0,0.0,88.41911,11.720751,132.5104,6.351,6.501895,5.00128,120.256355
2012-03-11 14:00:00+00:00,8.151,0.0,0.0,86.60882,10.514218,128.04709,6.0509996,6.3616867,5.495161,121.60746
2012-03-11 15:00:00+00:00,9.651,0.0,0.0,78.00088,11.384198,124.69522,6.001,7.569599,7.42159,129.09386
2012-03-11 16:00:00+00:00,11.401,0.0,0.0,68.70089,13.392774,126.25393,5.851,8.8760605,10.233123,129.28938
2012-03-11 17:00:00+00:00,13.101,0.0,0.0,56.91876,14.512064,133.99501,4.751,10.12236,11.720751,137.4896
2012-03-11 18:00:00+00:00,14.401,0.0,0.0,50.68981,13.281023,147.17146,4.301,11.442493,10.948973,152.59251
2012-03-11 19:00:00+00:00,15.801,0.0,0.0,46.16524,12.641076,160.0168,4.251,13.193111,10.483357,164.05453
2012-03-11 20:00:00+00:00,17.101,0.0,0.0,41.909218,13.441071,172.30405,4.051,15.079657,11.183201,176.30869
2012-03-11 21:00:00+00:00,18.251,0.0,0.0,39.253742,15.517629,183.99083,4.151,16.564072,13.039754,186.3401
2012-03-11 22:00:00+00:00,18.251,0.0,0.0,40.79332,14.764389,178.60284,4.7009997,16.417215,12.245294,181.68465
2012-03-11 23:00:00+00:00,17.451,0.0,0.0,44.72983,17.026896,193.44862,5.3009996,14.850548,13.797913,195.12405
2012-03-12 00:00:00+00:00,16.251,0.0,0.0,49.96901,14.458382,198.88618,5.8009996,13.461554,11.966953,201.16133
2012-03-12 01:00:00+00:00,14.701,0.0,0.0,56.539013,11.043261,199.0257,6.151,12.389774,9.227524,200.55612
2012-03-12 02:00:00+00:00,12.951,0.0,0.0,65.56019,10.30883,204.77512,6.651,10.97347,7.729527,207.75845
2012-03-12 03:00:00+00:00,11.801,0.0,0.0,72.17307,8.534353,207.64589,6.9509997,10.199734,5.634891,206.56499
2012-03-12 04:00:00+00:00,10.951,0.0,0.0,77.66754,6.28713,193.24052,7.2009997,9.517361,4.896529,197.10281
2012-03-12 05:00:00+00:00,10.101,0.0,0.0,83.03996,5.0911684,171.86998,7.351,8.942419,3.2599385,173.6599
2012-03-12 06:00:00+00:00,9.351,0.0,0.0,88.52278,4.5536795,161.56496,7.5509996,8.189217,3.6179552,174.2895
2012-03-12 07:00:00+00:00,9.851,0.0,0.0,83.86557,4.452954,165.96373,7.251,8.723524,2.8799999,180.0
2012-03-12 08:00:00+00:00,9.401,0.0,0.0,85.847206,4.0249224,169.6952,7.151,8.401659,1.835647,191.30989
2012-03-12 09:00:00+00:00,8.951,0.0,0.0,87.28457,4.6938252,175.60138,6.9509997,7.856469,2.16,180.0
2012-03-12 10:00:00+00:00,8.651,0.0,0.0,87.55636,6.0347,197.35411,6.7009997,7.1279116,4.6938257,212.47118
2012-03-12 11:00:00+00:00,8.301,0.0,0.0,87.825676,5.991594,212.73521,6.401,6.760562,4.3349743,221.63345
2012-03-12 12:00:00+00:00,7.7009997,0.0,0.0,89.60916,2.8116899,219.80553,6.101,6.5015583,1.5273507,224.9999
2012-03-12 13:00:00+00:00,7.251,0.0,0.0,90.82209,1.2979984,123.690094,5.851,6.0017366,1.484318,104.03627
2012-03-12 14:00:00+00:00,7.001,0.0,0.0,91.435646,4.510787,118.61037,5.7009997,5.4368916,3.4152596,108.43504
2012-03-12 15:00:00+00:00,8.101,0.0,0.0,85.41483,5.3517847,137.72638,5.8009996,6.685954,2.5455842,135.0001
2012-03-12 16:00:00+00:00,11.101,0.0,0.0,69.59673,5.0142193,158.96242,5.751,9.447626,4.1046314,164.74483
2012-03-12 17:00:00+00:00,12.701,0.0,0.0,60.70752,6.5693827,170.53775,5.3009996,10.706357,5.771239,176.42374
2012-03-12 18:00:00+00:00,14.401,0.0,0.0,53.22881,7.5599995,180.0,5.001,12.233072,6.519877,186.3401
2012-03-12 19:00:00+00:00,16.301,0.0,0.0,45.504684,8.707238,187.12492,4.501,14.70793,7.69592,190.78426
2012-03-12 20:00:00+00:00,17.651,0.0,0.0,41.483135,10.028439,201.03758,4.401,16.451218,8.557102,202.24907
2012-03-12 21:00:00+00:00,18.701,0.0,0.0,38.972923,11.681987,213.6901,4.4509997,17.424889,9.885262,213.11136
2012-03-12 22:00:00+00:00,19.201,0.0,0.0,37.775604,10.703569,222.27362,4.4509997,17.846592,9.178235,221.82008
2012-03-12 23:00:00+00:00,18.801,0.0,0.0,39.550236,12.7279215,224.9999,4.751,16.47543,10.948973,223.66785
2012-03-13 00:00:00+00:00,17.901,0.0,0.0,43.028267,13.276144,229.39879,5.151,15.040827,11.480557,228.81418
2012-03-13 01:00:00+00:00,16.551,0.0,0.0,49.36422,12.387348,234.46223,5.901,14.027382,10.296251,233.53067
2012-03-13 02:00:00+00:00,14.451,0.0,0.0,58.860912,12.783802,237.65257,6.501,12.326597,8.4963045,233.61555
2012-03-13 03:00:00+00:00,12.901,0.0,0.0,67.37347,12.24,241.92761,7.001,11.083325,7.2,233.13002
2012-03-13 04:00:00+00:00,11.801,0.0,0.0,73.67069,10.144082,242.52565,7.251,10.090492,6.8777895,227.12111
2012-03-13 05:00:00+00:00,10.651,0.0,0.0,80.59732,6.8777895,222.87889,7.4509997,9.393682,4.1046314,195.25517
2012-03-13 06:00:00+00:00,9.601,0.0,0.0,87.64409,5.8048253,187.12492,7.651,8.443471,3.7585104,163.30067
2012-03-13 07:00:00+00:00,9.851,0.0,0.0,81.59925,5.937272,165.96373,6.851,8.363278,4.6938257,147.52882
2012-03-13 08:00:00+00:00,9.151,0.0,0.0,84.65126,6.28713,156.3706,6.7009997,7.5662947,5.1165614,140.71062
2012-03-13 09:00:00+00:00,8.851,0.0,0.0,84.909195,5.991594,147.26479,6.4509997,7.2819815,4.6102495,128.65984
2012-03-13 10:00:00+00:00,8.500999,0.0,0.0,85.16364,6.849467,183.01273,6.151,6.7932205,5.0911684,171.86998
2012-03-13 11:00:00+00:00,8.151,0.0,0.0,85.125336,6.9527545,201.25058,5.8009996,6.5795717,3.6179552,185.7105
2012-03-13 12:00:00+00:00,7.851,0.0,0.0,85.09238,4.6800003,202.6199,5.501,6.3737297,2.52,180.0
2012-03-13 13:00:00+00:00,6.9509997,0.0,0.0,88.62162,3.9763298,174.80566,5.2009997,5.235878,3.7064266,150.9455
2012-03-13 14:00:00+00:00,5.8009996,0.0,0.0,92.64151,5.0142193,158.96242,4.7009997,3.9223757,4.1046314,142.12495
2012-03-13 15:00:00+00:00,7.101,0.0,0.0,85.90326,4.6938252,175.60138,4.901,5.439603,2.9024127,172.87508
2012-03-13 16:00:00+00:00,11.051,0.0,0.0,66.28566,3.671294,191.30989,5.001,9.350103,3.319036,192.5288
2012-03-13 17:00:00+00:00,13.500999,0.0,0.0,55.84183,5.4833565,203.19862,4.851,11.500773,5.154415,204.77512
2012-03-13 18:00:00+00:00,15.651,0.0,0.0,47.43294,6.989936,214.50858,4.501,13.829498,6.193674,215.53777
2012-03-13 19:00:00+00:00,16.001,0.0,0.0,49.72802,8.161764,221.42357,5.501,14.573822,7.145796,220.91429
2012-03-13 20:00:00+00:00,17.501,0.0,0.0,44.899548,9.422101,226.54811,5.401,16.766779,8.14587,224.9999
2012-03-13 21:00:00+00:00,18.601,0.0,0.0,41.03643,13.551501,230.38934,5.101,17.452936,11.480557,228.81418
2012-03-13 22:00:00+00:00,18.901,0.0,0.0,40.414444,12.218805,224.9999,5.151,17.495274,10.691453,224.9999
2012-03-13 23:00:00+00:00,18.401,0.0,0.0,42.42891,14.4,233.13002,5.401,16.08008,12.313894,232.12495
2012-03-14 00:00:00+00:00,17.251,0.0,0.0,46.896088,15.778518,242.8504,5.8009996,14.35037,12.7279215,241.2603
2012-03-14 01:00:00+00:00,15.750999,0.0,0.0,52.8522,15.379206,253.68607,6.151,12.959066,12.522619,251.56496
2012-03-14 02:00:00+00:00,14.000999,0.0,0.0,60.600403,15.546833,264.68555,6.501,11.578787,10.538843,262.1468
2012-03-14 03:00:00+00:00,12.750999,0.0,0.0,66.881355,13.75558,276.0089,6.751,10.767946,7.928178,267.3975
2012-03-14 04:00:00+00:00,11.801,0.0,0.0,71.67988,10.137692,286.50443,6.851,10.143135,5.8603754,280.6196
2012-03-14 05:00:00+00:00,10.551,0.0,0.0,78.40762,6.151683,290.55612,6.9509997,9.24652,3.6,270.0
2012-03-14 06:00:00+00:00,9.651,0.0,0.0,84.41804,4.0249224,280.30478,7.151,8.567187,2.4149535,243.43501
2012-03-14 07:00:00+00:00,10.201,0.0,0.0,81.366554,3.8773184,248.19853,7.151,9.059344,2.8116899,219.80553
2012-03-14 08:00:00+00:00,10.201,0.0,0.0,81.08857,5.3999996,233.13002,7.101,9.047323,2.8116899,219.80553
2012-03-14 09:00:00+00:00,9.951,0.0,0.0,82.17354,4.8965297,233.97253,7.0509996,8.785335,2.8116899,219.80553
2012-03-14 10:00:00+00:00,9.000999,0.0,0.0,85.80542,5.692099,235.30478,6.751,7.6789,3.396233,212.00534
2012-03-14 11:00:00+00:00,8.201,0.0,0.0,88.423454,3.7064266,240.94548,6.401,6.9866133,2.0991426,210.96368
2012-03-14 12:00:00+00:00,7.401,0.0,0.0,91.461845,1.2979984,213.6901,6.101,6.234971,1.2979984,123.690094
2012-03-14 13:00:00+00:00,6.8009996,0.0,0.0,93.019615,3.319036,130.60121,5.751,5.322693,2.9024127,97.12492
2012-03-14 14:00:00+00:00,6.651,0.0,0.0,93.0115,5.8048253,119.74479,5.601,4.932925,4.32,90.0
2012-03-14 15:00:00+00:00,7.901,0.0,0.0,88.09279,7.4128532,119.05451,6.0509996,6.1237917,5.4119864,86.186005
2012-03-14 16:00:00+00:00,12.000999,0.0,0.0,68.351364,5.8048253,119.74479,6.351,10.440475,4.39436,124.992096
2012-03-14 17:00:00+00:00,14.401,0.0,0.0,57.24824,4.6800003,157.3801,6.0509996,12.825941,4.0249224,169.6952
2012-03-14 18:00:00+00:00,16.651,0.0,0.0,49.051548,6.763786,205.2011,5.901,15.320293,5.95906,205.01686
2012-03-14 19:00:00+00:00,18.301,0.0,0.0,45.281033,10.739832,219.55963,6.251,17.357473,9.220499,218.65984
2012-03-14 20:00:00+00:00,19.301,0.0,0.0,43.42619,15.273505,224.9999,6.5509996,18.267963,12.475961,223.83095
2012-03-14 21:00:00+00:00,19.701,0.0,0.0,43.390366,18.947083,231.17017,6.901,18.22142,15.580141,229.68597
2012-03-14 22:00:00+00:00,19.551,0.0,0.0,44.85864,18.171976,236.3099,7.251,17.959333,14.689588,233.97253
2012-03-14 23:00:00+00:00,18.951,0.0,0.0,47.855335,19.694992,239.21593,7.651,16.587719,15.876775,237.0306
2012-03-15 00:00:00+00:00,18.001,0.0,0.0,52.013737,19.386593,248.19853,8.001,15.223217,15.463246,245.22488
2012-03-15 01:00:00+00:00,16.401,0.0,0.0,58.34017,16.946787,257.73523,8.201,14.018639,13.1041975,254.05453
2012-03-15 02:00:00+00:00,14.701,0.0,0.0,67.06588,13.797912,262.50424,8.651,12.946104,9.605998,257.00537
2012-03-15 03:00:00+00:00,13.451,0.0,0.0,74.2125,11.570515,264.64426,8.951,12.246613,6.379216,253.61038
2012-03-15 04:00:00+00:00,12.451,0.0,0.0,80.03088,9.3876505,265.60138,9.101,11.387332,5.6920996,251.56496
2012-03-15 05:00:00+00:00,11.250999,0.0,0.0,86.62009,8.473393,257.73523,9.101,10.335,4.6800003,247.3801
2012-03-15 06:00:00+00:00,10.451,0.0,0.0,90.43046,7.69592,259.21576,8.951,9.5626,4.2136917,250.0168
2012-03-15 07:00:00+00:00,10.250999,0.0,0.0,90.41605,6.2145634,259.9921,8.750999,9.439743,3.319036,229.39879
2012-03-15 08:00:00+00:00,9.551,0.0,0.0,93.16579,3.5455887,246.0375,8.500999,8.805799,2.4149535,206.56499
2012-03-15 09:00:00+00:00,9.151,0.0,0.0,94.41762,1.484318,194.03627,8.301,8.471259,1.609969,153.43501
2012-03-15 10:00:00+00:00,8.951,0.0,0.0,95.05212,4.3498964,114.44395,8.201,8.197588,1.9386592,111.801476
2012-03-15 11:00:00+00:00,8.701,0.0,0.0,95.0425,8.942214,130.10085,7.9509997,7.498435,4.5820518,135.0001
2012-03-15 12:00:00+00:00,8.601,0.0,0.0,94.715775,11.019764,141.63248,7.8009996,7.282749,5.1165614,140.71062
2012-03-15 13:00:00+00:00,8.750999,0.0,0.0,93.44146,8.557102,157.75093,7.751,7.5541754,4.198285,149.03632
2012-03-15 14:00:00+00:00,9.000999,0.0,0.0,91.25403,4.32,180.0,7.651,8.108832,1.9386592,201.80147
2012-03-15 15:00:00+00:00,9.701,0.0,0.0,87.35523,2.5455842,171.86998,7.7009997,8.937997,1.1384199,198.43504
2012-03-15 16:00:00+00:00,12.401,0.0,0.0,73.526695,2.8116899,140.19447,7.8009996,11.496887,2.2768397,161.56496
2012-03-15 17:00:00+00:00,14.601,0.0,0.0,63.06948,4.68,180.0,7.651,13.352589,4.379589,189.46225
2012-03-15 18:00:00+00:00,17.151,0.0,0.0,53.403904,7.729527,207.75845,7.601,16.00791,6.9247384,207.89717
2012-03-15 19:00:00+00:00,18.851,0.0,0.0,47.502518,10.883676,214.21576,7.4509997,18.033901,9.387651,212.47118
2012-03-15 20:00:00+00:00,19.901,0.0,0.0,45.264244,14.291592,220.91429,7.7009997,19.159672,12.031756,218.92755
2012-03-15 21:00:00+00:00,20.501,0.0,0.0,44.364697,15.530151,224.0609,7.9509997,19.711689,13.246826,222.79738
2012-03-15 22:00:00+00:00,20.601,0.0,0.0,44.543766,11.090103,215.75398,8.101,20.013683,9.885262,213.11136
2012-03-15 23:00:00+00:00,20.051,0.0,0.0,46.39667,15.124284,218.23386,8.201,18.327858,12.819235,218.15727
2012-03-16 00:00:00+00:00,18.751,0.0,0.0,50.818104,16.563911,227.6426,8.351,16.349775,13.493999,226.08084
2012-03-16 01:00:00+00:00,17.051,0.0,0.0,57.131886,13.584932,237.99466,8.500999,15.069927,10.883676,235.78424
2012-03-16 02:00:00+00:00,15.351,0.0,0.0,64.975105,10.144082,242.52565,8.801,13.955509,7.4128532,240.94548
2012-03-16 03:00:00+00:00,14.201,0.0,0.0,71.16378,6.489992,236.3099,9.051,13.173239,5.3517847,227.72638
2012-03-16 04:00:00+00:00,13.301,0.0,0.0,76.214615,5.991594,212.73521,9.201,12.460127,4.3498964,204.44394
2012-03-16 05:00:00+00:00,12.551,0.0,0.0,80.31477,5.8603754,190.6196,9.250999,11.780697,3.96,180.0
2012-03-16 06:00:00+00:00,11.801,0.0,0.0,84.091995,7.729527,152.24155,9.201,10.9537735,4.39436,145.0079
2012-03-16 07:00:00+00:00,11.051,0.0,0.0,85.72766,8.4042845,170.13426,8.750999,10.059687,4.5536795,161.56496
2012-03-16 08:00:00+00:00,10.201,0.0,0.0,91.02538,7.6367526,171.86998,8.801,9.288449,4.1046314,142.12495
2012-03-16 09:00:00+00:00,9.701,0.0,0.0,92.85908,6.763786,154.7989,8.601,8.838892,3.396233,122.00535
2012-03-16 10:00:00+00:00,9.051,0.0,0.0,94.41333,4.3349743,175.23645,8.201,8.110742,3.219938,153.43501
2012-03-16 11:00:00+00:00,8.601,0.0,0.0,95.038666,5.8603754,132.5104,7.851,7.3773737,4.5536795,108.43504
2012-03-16 12:00:00+00:00,8.451,0.0,0.0,95.35711,8.0899935,122.27562,7.751,7.1523247,4.896529,107.10281
2012-03-16 13:00:00+00:00,8.651,0.0,0.0,95.04058,10.086427,124.82456,7.901,7.3899555,4.896529,107.10281
2012-03-16 14:00:00+00:00,8.351,0.0,0.0,95.35351,9.449572,130.36446,7.651,7.077425,4.5536795,108.43504
2012-03-16 15:00:00+00:00,10.151,0.0,0.0,87.39735,7.42159,140.90616,8.151,9.127036,3.7064266,119.05451
2012-03-16 16:00:00+00:00,12.401,0.0,0.0,77.89174,6.12,151.92761,8.651,11.295587,5.154415,155.22488
2012-03-16 17:00:00+00:00,13.701,0.0,0.0,72.03614,5.95906,154.98314,8.750999,12.642317,5.0142193,158.96242
2012-03-16 18:00:00+00:00,16.151001,0.0,0.0,60.289906,6.489992,160.55988,8.451,14.998266,5.5887027,165.06853
2012-03-16 19:00:00+00:00,16.701,0.0,0.0,62.279243,7.208994,182.86235,9.451,15.913551,6.519877,186.3401
2012-03-16 20:00:00+00:00,17.301,0.0,0.0,59.55489,10.464797,206.56499,9.351,15.772711,9.339208,207.55272
2012-03-16 21:00:00+00:00,18.101,0.0,0.0,55.870316,15.9134655,217.64769,9.151,16.0238,13.104198,217.18478
2012-03-16 22:00:00+00:00,18.251,0.0,0.0,55.533325,11.367109,190.95403,9.201,16.76955,9.6932955,195.06854
2012-03-16 23:00:00+00:00,16.751,0.0,0.0,62.921124,12.57426,203.6294,9.651,15.0947,10.787993,205.7099
2012-03-17 00:00:00+00:00,15.500999,0.0,0.0,68.83126,12.181624,214.15974,9.801,13.989439,10.086427,214.82455
2012-03-17 01:00:00+00:00,14.801,0.0,0.0,74.19801,10.990322,211.60745,10.250999,13.56411,9.085988,213.6901
2012-03-17 02:00:00+00:00,13.651,0.0,0.0,79.66476,11.592894,216.15828,10.201,12.380232,9.220499,218.65984
2012-03-17 03:00:00+00:00,12.701,0.0,0.0,85.04291,11.966954,223.7812,10.250999,11.489628,8.913181,223.36346
2012-03-17 04:00:00+00:00,12.151,0.0,0.0,88.4638,10.383987,213.6901,10.301,11.118272,7.7879906,213.6901
2012-03-17 05:00:00+00:00,12.000999,0.0,0.0,87.8617,10.30883,204.77512,10.051,10.880518,7.8954163,204.22774
2012-03-17 06:00:00+00:00,11.750999,0.0,0.0,87.83931,10.931203,197.24155,9.801,10.577584,7.771331,193.39252
2012-03-17 07:00:00+00:00,11.750999,0.2,0.2,88.72609,10.440001,180.0,9.951,10.702093,7.208994,177.13765
2012-03-17 08:00:00+00:00,11.451,0.2,0.2,92.3353,10.823973,183.814,10.250999,10.542059,6.8399997,180.0
2012-03-17 09:00:00+00:00,11.201,0.5,0.5,94.820625,11.183201,176.30869,10.401,10.271465,7.2805495,171.46931
2012-03-17 10:00:00+00:00,11.051,0.5,0.5,95.449585,8.647496,182.3859,10.351,10.26997,6.162207,173.29025
2012-03-17 11:00:00+00:00,10.951,0.6,0.6,95.765175,14.241629,163.85559,10.301,9.609613,9.904906,160.90642
2012-03-17 12:00:00+00:00,10.951,0.8,0.8,96.72815,19.839235,168.4862,10.451,9.287554,12.413476,163.14153
2012-03-17 13:00:00+00:00,10.851,1.1,1.1,96.0822,25.984917,169.6242,10.250999,8.581162,16.171976,163.17851
2012-03-17 14:00:00+00:00,10.701,1.5,1.5,98.67715,32.91983,174.35185,10.500999,7.866352,20.545246,168.887
2012-03-17 15:00:00+00:00,11.000999,1.9,1.9,98.02617,38.60234,183.74292,10.701,7.7037764,24.122683,180.85507
2012-03-17 16:00:00+00:00,11.401,2.8,2.8,97.06132,40.422726,184.08554,10.951,7.80589,26.67889,183.094
2012-03-17 17:00:00+00:00,11.651,3.5,3.5,96.10633,40.68637,178.98604,11.051,8.142883,26.28986,178.43068
2012-03-17 18:00:00+00:00,11.851,4.8,4.8,94.53217,45.4114,182.72626,11.000999,7.9062357,29.179993,182.12105
2012-03-17 19:00:00+00:00,11.151,3.5,3.5,96.73322,44.966866,209.23273,10.651,7.1039886,29.162222,208.77971
2012-03-17 20:00:00+00:00,10.201,2.1,2.1,91.642,37.24043,253.14151,8.901,6.625846,22.545315,250.40762
2012-03-17 21:00:00+00:00,10.401,0.5,0.5,85.950905,29.381382,262.96216,8.151,7.043454,19.70815,260.53775
2012-03-17 22:00:00+00:00,10.301,0.2,0.2,77.034256,27.009598,248.9076,6.4509997,6.6537457,18.86139,246.3706
2012-03-17 23:00:00+00:00,10.401,0.0,0.0,66.6085,29.644857,245.61363,4.4509997,5.993415,21.096123,244.74687
2012-03-18 00:00:00+00:00,9.851,0.0,0.0,67.42926,30.886656,248.81857,4.101,5.202301,22.26477,247.1663
2012-03-18 01:00:00+00:00,8.651,0.3,0.3,71.325676,26.208395,254.05453,3.7510002,4.589919,17.76081,252.29948
2012-03-18 02:00:00+00:00,7.8009996,0.0,0.0,75.03028,20.364674,261.87,3.651,4.6012125,11.720751,259.3804
2012-03-18 03:00:00+00:00,6.9509997,0.3,0.3,79.51576,15.119999,270.0,3.651,4.3566523,7.5685663,267.27374
2012-03-18 04:00:00+00:00,6.3009996,0.4,0.4,83.73522,11.304229,260.83774,3.7510002,4.1804113,4.452954,255.96373
2012-03-18 05:00:00+00:00,5.7009997,0.4,0.4,87.585495,12.43434,247.8905,3.801,3.5101438,5.00128,239.74365
2012-03-18 06:00:00+00:00,5.651,0.2,0.2,90.70897,11.609651,240.2552,4.251,3.3757067,6.193674,234.46223
2012-03-18 07:00:00+00:00,5.901,0.2,0.2,90.41016,10.195057,227.86247,4.4509997,3.9287167,4.39436,214.9921
2012-03-18 08:00:00+00:00,5.501,0.2,0.2,93.60092,9.686609,228.01286,4.5509996,3.5176382,4.6102495,218.65984
2012-03-18 09:00:00+00:00,5.651,0.1,0.1,92.309814,5.8048253,240.2552,4.501,4.0672417,1.8,233.13002
2012-03-18 10:00:00+00:00,5.501,0.0,0.0,93.274414,5.3517847,312.27362,4.501,3.7798872,2.7416782,336.8014
2012-03-18 11:00:00+00:00,5.101,0.0,0.0,93.90945,1.5273507,224.9999,4.2009997,3.3512883,2.52,90.0
2012-03-18 12:00:00+00:00,4.8009996,0.0,0.0,93.89514,1.4399999,270.0,3.901,3.0068197,2.4149535,63.435013
2012-03-18 13:00:00+00:00,4.851,0.0,0.0,93.89752,4.379589,279.46225,3.951,3.3446417,0.5091169,315.0001
2012-03-18 14:00:00+00:00,4.251,0.0,0.0,95.87447,6.28713,283.24054,3.651,2.3777523,2.6208394,344.05453
2012-03-18 15:00:00+00:00,5.501,0.0,0.0,92.624374,7.289444,290.22495,4.401,3.7807207,2.5959969,326.3099
2012-03-18 16:00:00+00:00,6.851,0.0,0.0,83.21599,11.966954,285.7087,4.2009997,4.1192923,9.255571,283.49576
2012-03-18 17:00:00+00:00,8.301,0.0,0.0,78.33571,15.905319,275.19434,4.751,5.2435694,12.261158,273.3664
2012-03-18 18:00:00+00:00,9.801,0.0,0.0,70.80255,18.391735,266.6336,4.751,6.721798,14.440443,265.71094
2012-03-18 19:00:00+00:00,11.051,0.0,0.0,67.21438,22.505037,262.6477,5.2009997,8.07573,17.518356,260.53775
2012-03-18 20:00:00+00:00,11.951,0.0,0.0,58.649616,29.070974,262.17102,4.101,8.527937,22.314192,259.7779
2012-03-18 21:00:00+00:00,11.701,0.1,0.1,51.946903,35.85932,263.6599,2.151,7.0217495,26.882141,262.30405
2012-03-18 22:00:00+00:00,12.201,0.1,0.1,47.640285,32.619255,259.18616,1.401,7.6409826,24.717085,257.38068
2012-03-18 23:00:00+00:00,12.000999,0.0,0.0,47.583668,37.936893,260.71652,1.201,6.4452305,27.887802,258.83514
2012-03-19 00:00:00+00:00,11.151,0.0,0.0,51.61178,37.114933,261.6342,1.5510001,5.3855934,26.693459,259.90256
2012-03-19 01:00:00+00:00,9.901,0.0,0.0,59.60148,35.747112,260.72748,2.401,4.5835714,24.64094,258.1976
2012-03-19 02:00:00+00:00,8.500999,0.0,0.0,67.857994,32.68871,258.56635,2.901,3.976428,19.829433,254.19742
2012-03-19 03:00:00+00:00,7.501,0.0,0.0,71.10204,29.888672,260.99158,2.601,3.3299708,17.026896,256.55136
2012-03-19 04:00:00+00:00,6.7009997,0.0,0.0,74.045105,25.683926,264.36942,2.401,3.1029387,12.849528,258.6901
2012-03-19 05:00:00+00:00,5.901,0.0,0.0,78.799164,21.129885,261.1797,2.5010002,2.5345473,11.384199,251.56496
2012-03-19 06:00:00+00:00,5.901,0.0,0.0,77.41047,21.188072,260.21765,2.251,2.5394382,11.043261,250.9743
2012-03-19 07:00:00+00:00,5.851,0.0,0.0,80.20272,19.09358,267.83896,2.701,2.7597265,9.746631,265.76367
2012-03-19 08:00:00+00:00,5.851,0.0,0.0,78.23329,15.905319,275.19434,2.351,3.2519016,5.937272,284.03625
2012-03-19 09:00:00+00:00,5.401,0.0,0.0,80.99804,14.799459,274.18484,2.401,2.9341903,5.0911684,278.13
2012-03-19 10:00:00+00:00,4.751,0.0,0.0,85.04733,5.0142193,291.03757,2.451,2.8695173,1.1384199,341.56494
2012-03-19 11:00:00+00:00,4.651,0.0,0.0,85.94782,6.9899354,281.88864,2.5010002,2.755249,1.2979984,303.6901
2012-03-19 12:00:00+00:00,4.151,0.0,0.0,87.75074,4.829907,296.56497,2.301,2.0299473,2.5959969,326.3099
2012-03-19 13:00:00+00:00,3.851,0.0,0.0,88.66592,6.792466,32.005356,2.151,1.2651205,5.6002855,44.999897
2012-03-19 14:00:00+00:00,3.851,0.0,0.0,87.72274,8.534353,62.354122,2.001,1.2540622,5.495161,58.392544
2012-03-19 15:00:00+00:00,5.251,0.0,0.0,83.01748,8.891344,68.62931,2.601,2.7752738,5.3999996,53.13002
2012-03-19 16:00:00+00:00,8.201,0.0,0.0,61.34553,4.6938252,85.60138,1.201,5.79399,3.2599385,83.659904
2012-03-19 17:00:00+00:00,10.201,0.0,0.0,52.284603,3.5455887,113.962494,0.851,7.788577,2.9024127,119.74479
2012-03-19 18:00:00+00:00,11.750999,0.0,0.0,45.172386,3.0758414,159.44388,0.25100002,9.925256,2.968636,165.96373
2012-03-19 19:00:00+00:00,12.801,0.0,0.0,40.80728,4.510787,208.61037,-0.199,11.588302,4.510787,208.61037
2012-03-19 20:00:00+00:00,14.101,0.0,0.0,37.768482,7.289445,212.90524,-0.09899998,12.92725,6.792466,212.00534
2012-03-19 21:00:00+00:00,14.901,0.0,0.0,37.730446,11.090103,215.75398,0.601,13.422134,9.585739,214.28693
2012-03-19 22:00:00+00:00,15.000999,0.0,0.0,40.281742,8.217153,208.8107,1.6010001,13.6564045,7.4128532,209.0545
2012-03-19 23:00:00+00:00,14.250999,0.0,0.0,46.708218,10.315115,209.24873,3.0010002,12.092951,9.021574,208.61037
2012-03-20 00:00:00+00:00,12.851,0.0,0.0,55.673683,14.480773,214.8754,4.2009997,9.705176,12.096214,216.52895
2012-03-20 01:00:00+00:00,11.151,0.0,0.0,61.833878,19.107151,227.29063,4.101,7.669029,14.264361,227.04541
2012-03-20 02:00:00+00:00,9.901,0.0,0.0,66.500175,17.072504,245.05612,3.951,7.1074553,9.339208,242.44727
2012-03-20 03:00:00+00:00,9.051,0.0,0.0,71.15301,12.6462,265.10098,4.101,6.7323446,6.28713,256.75946
2012-03-20 04:00:00+00:00,7.901,0.0,0.0,80.49297,7.653705,311.18582,4.751,5.879937,5.1544156,347.90527
2012-03-20 05:00:00+00:00,6.901,0.0,0.0,85.88226,7.172949,17.52567,4.7009997,4.801055,5.6233797,39.805527
2012-03-20 06:00:00+00:00,6.2009997,0.0,0.0,89.17811,5.8603754,47.489597,4.5509996,4.249238,4.39436,55.0079
2012-03-20 07:00:00+00:00,6.101,0.0,0.0,86.09968,4.6938257,57.528828,3.951,4.128583,3.7064266,60.94549
2012-03-20 08:00:00+00:00,5.601,0.0,0.0,87.57611,4.452954,75.96373,3.701,3.5718217,3.7585104,73.300674
2012-03-20 09:00:00+00:00,5.251,0.0,0.0,87.54321,4.68,90.0,3.351,3.1038375,4.1046314,74.74483
2012-03-20 10:00:00+00:00,5.001,0.0,0.0,85.68059,5.5887027,75.068535,2.801,2.5976472,5.154415,65.22488
2012-03-20 11:00:00+00:00,4.8009996,0.0,0.0,83.25705,6.725354,105.52418,2.201,2.3503313,4.73506,81.25392
2012-03-20 12:00:00+00:00,4.501,0.0,0.0,81.45416,6.519877,96.340096,1.6010001,1.8559313,5.3517847,70.346085
2012-03-20 13:00:00+00:00,4.251,0.0,0.0,79.68496,5.4477882,82.40546,1.051,1.5479107,5.1165614,50.710617
2012-03-20 14:00:00+00:00,4.151,0.0,0.0,77.96679,4.896529,72.89719,0.651,1.386486,5.0911684,44.999897
2012-03-20 15:00:00+00:00,5.651,0.0,0.0,77.094765,5.0142193,68.96242,1.951,3.0665402,5.3517847,42.27363
2012-03-20 16:00:00+00:00,10.801,0.0,0.0,57.133762,3.8939953,56.3099,2.651,8.743724,2.5959969,56.309914
2012-03-20 17:00:00+00:00,13.651,0.0,0.0,41.353405,1.2979984,123.690094,0.75100005,11.456207,1.2979984,146.3099
2012-03-20 18:00:00+00:00,15.651,0.0,0.0,38.223278,1.609969,206.56499,1.451,14.326838,2.0991426,210.96368
2012-03-20 19:00:00+00:00,17.201,0.0,0.0,38.53846,3.6,233.13002,2.951,16.757948,3.563818,224.9999
2012-03-20 20:00:00+00:00,18.501,0.0,0.0,38.104954,6.696387,233.74606,3.951,18.278744,5.8603754,227.4896
2012-03-20 21:00:00+00:00,19.401,0.0,0.0,38.364933,9.504272,232.69597,4.851,18.903847,8.435069,230.19447
2012-03-20 22:00:00+00:00,19.751,0.0,0.0,39.548542,8.891343,211.75943,5.601,19.16196,7.5942082,211.42952
2012-03-20 23:00:00+00:00,19.401,0.0,0.0,42.27465,10.1887,212.00534,6.251,17.926676,9.085988,213.6901
2012-03-21 00:00:00+00:00,18.201,0.0,0.0,47.648396,12.218805,224.9999,6.901,15.960293,9.931042,223.53127
2012-03-21 01:00:00+00:00,16.601,0.0,0.0,52.89565,12.413477,240.4613,6.9509997,14.433804,9.511088,240.5242
2012-03-21 02:00:00+00:00,14.750999,0.0,0.0,61.19652,13.324863,268.45187,7.351,13.161198,6.2145634,259.9921
2012-03-21 03:00:00+00:00,13.551,0.0,0.0,66.36809,13.849477,297.8972,7.401,11.940708,6.439876,296.56497
2012-03-21 04:00:00+00:00,12.051,0.0,0.0,75.23805,10.703569,317.72638,7.8009996,10.415905,7.289445,327.09476
2012-03-21 05:00:00+00:00,10.901,0.0,0.0,78.19281,6.439876,333.43503,7.251,9.561347,4.3349743,4.763556
2012-03-21 06:00:00+00:00,9.801,0.0,0.0,82.719315,2.5455842,8.130019,7.001,8.697255,2.3051248,38.65983
2012-03-21 07:00:00+00:00,9.201,0.0,0.0,84.07746,2.968636,75.96373,6.651,7.8337,3.5455887,66.037506
2012-03-21 08:00:00+00:00,8.601,0.0,0.0,85.763435,3.6179552,95.7105,6.351,7.0943184,4.0249224,63.435013
2012-03-21 09:00:00+00:00,8.201,0.0,0.0,86.01787,4.5536795,108.43504,6.001,6.567465,4.3498964,65.55606
2012-03-21 10:00:00+00:00,7.901,0.0,0.0,85.689545,2.16,90.0,5.651,6.328765,3.396233,57.99466
2012-03-21 11:00:00+00:00,7.5509996,0.0,0.0,85.95032,2.16,90.0,5.351,5.9134016,3.396233,57.99466
2012-03-21 12:00:00+00:00,7.151,0.0,0.0,86.50871,4.6938252,94.39862,5.0509996,5.286681,4.510787,61.389645
2012-03-21 13:00:00+00:00,6.8009996,0.0,0.0,86.77565,6.162207,96.70974,4.751,4.7097435,5.634891,63.435013
2012-03-21 14:00:00+00:00,6.4509997,0.0,0.0,87.65547,5.4119864,86.186005,4.5509996,4.4338045,4.8433046,48.01287
2012-03-21 15:00:00+00:00,8.500999,0.0,0.0,84.57795,4.2136917,70.01681,6.0509996,6.755928,5.1919937,33.6901
2012-03-21 16:00:00+00:00,14.750999,0.0,0.0,66.62437,3.6,53.13002,8.601,14.086832,2.0364676,44.999897
2012-03-21 17:00:00+00:00,18.251,0.0,0.0,45.111137,0.71999997,90.0,6.151,17.23223,0.35999998,180.0
2012-03-21 18:00:00+00:00,20.201,0.0,0.0,42.356625,2.8116899,230.19447,7.001,19.934242,2.8116899,219.80553
2012-03-21 19:00:00+00:00,21.651,0.0,0.0,38.611744,6.193674,234.46223,6.9509997,21.793264,5.3999996,233.13002
2012-03-21 20:00:00+00:00,22.751,0.0,0.0,38.009396,9.19939,239.42085,7.7009997,23.002186,8.0899935,237.72438
2012-03-21 21:00:00+00:00,23.351,0.0,0.0,38.3098,11.923557,241.11351,8.351,23.387455,10.1887,237.99466
2012-03-21 22:00:00+00:00,23.351,0.0,0.0,39.494152,13.089354,238.49579,8.801,22.935732,11.183201,236.82147
2012-03-21 23:00:00+00:00,22.651,0.0,0.0,41.48239,15.2947035,243.43501,8.901,21.345448,12.24,241.92761
2012-03-22 00:00:00+00:00,21.401,0.0,0.0,44.316185,16.279802,251.96562,8.750999,19.227884,12.641076,250.0168
2012-03-22 01:00:00+00:00,19.551,0.0,0.0,48.020218,14.561099,261.46933,8.251,17.536848,10.661107,258.31067
2012-03-22 02:00:00+00:00,17.551,0.0,0.0,56.108727,13.084402,277.90707,8.701,16.206505,6.87779,263.9911
2012-03-22 03:00:00+00:00,15.901,0.0,0.0,69.83757,9.021574,298.61035,10.401,15.268131,5.2416787,285.94547
2012-03-22 04:00:00+00:00,14.551,0.0,0.0,69.80656,4.6102495,321.34018,9.101,14.127869,1.2979984,303.6901
2012-03-22 05:00:00+00:00,13.250999,0.0,0.0,76.9798,1.4399999,360.0,9.301,12.954401,0.8049845,63.435013
2012-03-22 06:00:00+00:00,12.201,0.0,0.0,82.45885,1.1384199,108.43504,9.301,11.832605,1.2979984,123.690094
2012-03-22 07:00:00+00:00,11.351,0.0,0.0,89.2898,2.5455842,171.86998,9.651,11.046057,1.5273507,135.0001
2012-03-22 08:00:00+00:00,11.151,0.0,0.0,88.97435,2.8799999,180.0,9.401,10.77668,1.5273507,135.0001
2012-03-22 09:00:00+00:00,10.901,0.0,0.0,88.35646,2.4149535,153.43501,9.051,10.419209,1.609969,116.56499
2012-03-22 10:00:00+00:00,10.701,0.0,0.0,87.44855,4.1046314,142.12495,8.701,9.908916,3.096837,125.537766
2012-03-22 11:00:00+00:00,10.401,0.0,0.0,86.83012,8.287822,145.6196,8.301,9.532821,2.9024127,119.74479
2012-03-22 12:00:00+00:00,9.750999,0.0,0.0,87.359924,9.504272,142.69597,7.751,8.579514,4.0249224,116.56499
2012-03-22 13:00:00+00:00,9.151,0.0,0.0,88.50559,10.587918,125.311295,7.351,7.777261,4.73506,98.74608
2012-03-22 14:00:00+00:00,9.000999,0.0,0.0,87.58878,11.119281,119.05451,7.0509996,7.560815,4.6938252,94.39862
2012-03-22 15:00:00+00:00,11.451,0.0,0.0,82.92353,8.707237,119.74479,8.651,10.414828,4.68,90.0
2012-03-22 16:00:00+00:00,16.151001,0.0,0.0,65.58879,5.00128,120.256355,9.701,15.562382,3.563818,135.0001
2012-03-22 17:00:00+00:00,18.251,0.0,0.0,58.010963,4.829907,153.43501,9.851,17.62514,4.1046314,164.74483
2012-03-22 18:00:00+00:00,19.801,0.0,0.0,53.3749,6.489992,183.17976,10.051,19.85503,5.8603754,190.6196
2012-03-22 19:00:00+00:00,20.801,0.0,0.0,48.03798,9.227524,200.55612,9.401,21.055239,8.225035,203.19861
2012-03-22 20:00:00+00:00,21.551,0.0,0.0,46.341984,10.630672,208.30066,9.551,22.074587,9.339208,207.55272
2012-03-22 21:00:00+00:00,22.051,0.0,0.0,45.099392,11.609651,209.7448,9.601,22.445501,10.00256,210.25635
2012-03-22 22:00:00+00:00,22.201,0.0,0.0,44.390114,10.787993,205.7099,9.500999,22.288507,9.339208,207.55272
2012-03-22 23:00:00+00:00,21.701,0.0,0.0,45.91884,11.808878,217.56866,9.551,20.922152,10.009036,217.6943
2012-03-23 00:00:00+00:00,20.251,0.0,0.0,51.390312,12.475961,223.83095,9.901,18.750366,10.195057,222.13753
2012-03-23 01:00:00+00:00,18.351,0.0,0.0,58.230015,10.948973,226.33215,10.000999,17.104124,8.654987,224.9999
2012-03-23 02:00:00+00:00,16.451,0.0,0.0,67.65649,9.726664,218.991,10.451,15.766935,5.692099,214.69522
2012-03-23 03:00:00+00:00,14.701,0.0,0.0,76.69589,9.085988,213.6901,10.651,14.009285,6.151683,200.55612
2012-03-23 04:00:00+00:00,13.451,0.0,0.0,83.72158,8.707237,209.7448,10.750999,12.934673,5.1544156,192.09474
2012-03-23 05:00:00+00:00,12.250999,0.0,0.0,89.65933,7.69592,190.78426,10.601,11.7415085,4.802999,167.00539
2012-03-23 06:00:00+00:00,11.301,0.0,0.0,92.63564,7.771331,166.60748,10.151,10.748431,4.198285,149.03632
2012-03-23 07:00:00+00:00,10.601,0.0,0.0,94.479576,8.557102,157.75093,9.750999,9.874525,4.6102495,141.34016
2012-03-23 08:00:00+00:00,10.151,0.0,0.0,96.06092,8.39657,149.03632,9.551,9.482847,3.8268526,138.81418
2012-03-23 09:00:00+00:00,10.250999,0.0,0.0,95.74223,8.654987,135.0001,9.601,9.522665,4.3349743,131.63345
2012-03-23 10:00:00+00:00,10.401,0.0,0.0,95.426735,10.233123,129.28938,9.701,9.429567,6.193674,144.46223
2012-03-23 11:00:00+00:00,10.901,0.0,0.0,91.378944,10.233123,129.28938,9.551,9.782438,6.9153743,141.34016
2012-03-23 12:00:00+00:00,10.701,0.0,0.0,90.75335,9.726664,141.009,9.250999,9.569137,6.439876,153.43501
2012-03-23 13:00:00+00:00,10.500999,0.0,0.0,91.96997,8.534353,152.35411,9.250999,9.607847,4.802999,167.00539
2012-03-23 14:00:00+00:00,10.301,0.0,0.0,91.33979,8.0899935,147.72438,8.951,9.363017,4.5536795,161.56496
2012-03-23 15:00:00+00:00,11.151,0.0,0.0,87.196014,8.287822,145.6196,9.101,9.953731,6.6087217,150.64235
2012-03-23 16:00:00+00:00,12.301,0.0,0.0,78.404976,8.287822,145.6196,8.651,10.983507,6.6087217,150.64235
2012-03-23 17:00:00+00:00,13.901,0.0,0.0,69.67818,9.0,143.13002,8.451,12.387239,7.5942082,148.57048
2012-03-23 18:00:00+00:00,15.901,0.0,0.0,60.026024,10.948973,136.33215,8.151,14.160109,8.942214,139.89915
2012-03-23 19:00:00+00:00,16.751,0.0,0.0,57.83583,12.538134,140.82635,8.401,15.675852,10.086427,145.17545
2012-03-23 20:00:00+00:00,18.151,0.0,0.0,52.764584,13.527572,154.7989,8.351,17.685274,11.165805,159.22766
2012-03-23 21:00:00+00:00,18.801,0.0,0.0,50.488136,14.77755,177.20735,8.301,17.969719,12.24,180.0
2012-03-23 22:00:00+00:00,18.751,0.0,0.0,51.3371,12.768586,201.5015,8.500999,18.016603,10.966713,203.19862
2012-03-23 23:00:00+00:00,17.951,0.0,0.0,54.71283,13.513193,221.76021,8.701,16.392714,11.480557,221.18582
2012-03-24 00:00:00+00:00,17.301,0.0,0.0,57.19436,9.449572,220.36446,8.750999,15.816624,7.928177,219.47243
2012-03-24 01:00:00+00:00,16.451,0.0,0.0,60.361515,6.489992,199.44012,8.750999,15.274872,5.815978,201.80147
2012-03-24 02:00:00+00:00,15.151,0.0,0.0,66.934456,7.342588,191.30989,9.051,14.189461,4.896529,197.10281
2012-03-24 03:00:00+00:00,13.601,0.0,0.0,75.24499,6.28713,203.6294,9.301,12.757671,4.5536795,198.43504
2012-03-24 04:00:00+00:00,12.351,0.0,0.0,83.31261,5.904439,217.56866,9.601,11.550415,4.829907,206.56499
2012-03-24 05:00:00+00:00,11.500999,0.0,0.0,85.774536,4.1046314,217.87505,9.201,10.912427,2.6208394,195.94547
2012-03-24 06:00:00+00:00,11.451,0.0,0.0,84.906685,3.2599385,186.3401,9.000999,10.928011,1.8,180.0
2012-03-24 07:00:00+00:00,10.601,0.0,0.0,89.229706,4.379589,189.46225,8.901,10.103705,1.4399999,180.0
2012-03-24 08:00:00+00:00,10.851,0.0,0.0,87.462456,5.8048253,209.7448,8.851,10.282655,1.835647,191.30989
2012-03-24 09:00:00+00:00,10.651,0.0,0.0,87.1487,5.95906,205.01686,8.601,9.916691,2.52,180.0
2012-03-24 10:00:00+00:00,10.201,0.0,0.0,88.29571,3.396233,237.99466,8.351,9.462882,2.0991426,210.96368
2012-03-24 11:00:00+00:00,9.551,0.0,0.0,90.05884,2.0364676,224.9999,8.001,8.710009,2.1897945,189.46225
2012-03-24 12:00:00+00:00,8.901,0.0,0.0,91.55907,3.0758414,200.55612,7.601,7.9079285,2.5455842,188.13002
2012-03-24 13:00:00+00:00,8.750999,0.0,0.0,91.549416,4.452954,194.03627,7.4509997,7.7247066,2.52,180.0
2012-03-24 14:00:00+00:00,8.951,0.0,0.0,91.87479,5.0911684,188.13002,7.7009997,7.8785696,3.2599385,173.6599
2012-03-24 15:00:00+00:00,10.451,0.0,0.0,89.21763,4.73506,171.25392,8.750999,9.596153,3.6179552,174.2895
2012-03-24 16:00:00+00:00,11.901,0.0,0.0,80.224335,6.297428,149.03632,8.601,10.782468,5.154415,155.22488
2012-03-24 17:00:00+00:00,13.351,0.0,0.0,71.00154,8.78872,145.0079,8.201,11.84474,7.10031,149.53453
2012-03-24 18:00:00+00:00,14.701,0.0,0.0,62.026157,11.019764,141.63248,7.501,12.757559,8.891343,148.24057
2012-03-24 19:00:00+00:00,16.451,0.0,0.0,54.697285,13.18308,145.0079,7.3009996,14.841915,10.805998,150.01845
2012-03-24 20:00:00+00:00,17.701,0.0,0.0,48.00278,15.778518,152.8504,6.5509996,16.29637,12.57426,156.3706
2012-03-24 21:00:00+00:00,18.551,0.0,0.0,43.81492,17.654686,163.41258,6.001,17.290222,13.979871,168.11136
2012-03-24 22:00:00+00:00,18.401,0.0,0.0,44.076008,16.808569,170.13426,5.9509997,16.73283,13.397612,173.82993
2012-03-24 23:00:00+00:00,17.951,0.0,0.0,45.182518,18.448023,174.40076,5.901,15.55497,14.77755,177.20735
2012-03-25 00:00:00+00:00,16.801,0.0,0.0,49.26248,17.462784,188.29706,6.101,13.795198,13.910169,190.43742
2012-03-25 01:00:00+00:00,15.801,0.0,0.0,55.28241,15.463246,204.77512,6.851,13.236385,12.074766,206.56499
2012-03-25 02:00:00+00:00,13.901,0.0,0.0,65.097725,13.281023,212.82854,7.4509997,11.989733,8.587338,213.02386
2012-03-25 03:00:00+00:00,12.351,0.0,0.0,74.2722,10.799999,216.86998,7.901,10.973945,5.692099,214.69522
2012-03-25 04:00:00+00:00,11.250999,0.0,0.0,81.22964,8.39657,210.96368,8.151,10.067111,4.802999,192.99461
2012-03-25 05:00:00+00:00,10.051,0.0,0.0,89.791664,7.0911775,203.9625,8.451,8.908087,5.0528407,184.08554
2012-03-25 06:00:00+00:00,9.051,0.0,0.0,92.823494,5.7599998,180.0,7.9509997,7.834176,4.6800003,157.3801
2012-03-25 07:00:00+00:00,8.750999,0.0,0.0,93.44146,7.8954163,136.8476,7.751,7.4523487,4.8965297,126.027466
2012-03-25 08:00:00+00:00,8.201,0.0,0.0,94.37646,13.397612,120.699646,7.351,6.5037727,6.9527545,111.25058
2012-03-25 09:00:00+00:00,7.901,0.0,0.0,94.040726,15.629971,118.92633,7.001,6.1868324,6.489992,109.440125
2012-03-25 10:00:00+00:00,7.8009996,0.0,0.0,93.393265,12.031756,128.92755,6.8009996,5.903533,7.42159,129.09386
2012-03-25 11:00:00+00:00,7.851,0.0,0.0,92.43916,12.496718,138.50363,6.7009997,6.0471535,6.618519,135.0001
2012-03-25 12:00:00+00:00,8.201,0.0,0.0,90.88828,14.529915,131.98714,6.8009996,6.395322,6.792466,122.00535
2012-03-25 13:00:00+00:00,8.701,0.0,0.0,88.4668,16.548256,135.88132,6.901,6.8171215,7.491114,125.21768
2012-03-25 14:00:00+00:00,8.951,0.0,0.0,86.6881,17.566378,134.16977,6.851,6.9679623,8.0899935,122.27562
2012-03-25 15:00:00+00:00,9.951,0.0,0.0,81.05475,18.171976,123.6901,6.851,7.5719223,10.805998,119.98155
2012-03-25 16:00:00+00:00,11.351,0.0,0.0,69.16727,21.889065,126.30459,5.901,8.040508,15.696165,126.60716
2012-03-25 17:00:00+00:00,12.750999,0.3,0.3,63.295994,25.96496,135.0001,5.9509997,9.06777,18.328207,135.0001
2012-03-25 18:00:00+00:00,13.701,0.7,0.7,63.731182,32.048088,141.84273,6.9509997,9.714958,21.986542,140.31459
2012-03-25 19:00:00+00:00,12.000999,1.6,1.6,76.26048,32.28981,149.14587,7.9509997,8.350108,21.370783,147.38077
2012-03-25 20:00:00+00:00,11.101,2.8,2.8,92.314964,32.69664,159.37004,9.901,8.027972,20.991426,157.8336
2012-03-25 21:00:00+00:00,10.801,4.1,4.1,95.760284,29.620802,163.76758,10.151,8.236746,17.992796,160.11475
2012-03-25 22:00:00+00:00,10.701,3.8,3.8,96.07766,30.430117,169.08891,10.101,7.9957,18.861387,166.75948
2012-03-25 23:00:00+00:00,10.750999,4.2,4.2,93.85519,35.9946,210.66885,9.801,7.350526,23.042812,208.96756
2012-03-26 00:00:00+00:00,10.301,1.5,1.5,84.779755,22.493519,230.19447,7.851,7.661313,14.264361,227.04541
2012-03-26 01:00:00+00:00,9.601,0.5,0.5,90.67632,8.161764,221.42357,8.151,8.476696,4.39436,214.9921
2012-03-26 02:00:00+00:00,8.750999,0.8,0.8,91.2374,4.73506,171.25392,7.401,7.797245,1.9386592,158.19853
2012-03-26 03:00:00+00:00,8.051,1.3,1.3,91.50418,9.585739,124.286934,6.751,6.325453,6.162207,96.70974
2012-03-26 04:00:00+00:00,7.8009996,0.6,0.6,93.714195,15.379206,110.55613,6.851,5.736559,8.647496,87.614105
2012-03-26 05:00:00+00:00,7.7009997,0.7,0.7,96.3141,17.555305,105.46127,7.151,5.6001854,9.3876505,85.60138
2012-03-26 06:00:00+00:00,7.9509997,0.7,0.7,96.98114,18.861387,103.24053,7.501,5.8259964,10.1376915,83.88459
2012-03-26 07:00:00+00:00,7.401,0.5,0.5,95.9756,19.416653,100.68486,6.8009996,5.0310574,10.661107,78.31066
2012-03-26 08:00:00+00:00,7.0509996,0.2,0.2,94.65176,18.584509,98.914856,6.251,4.6438913,10.041354,75.46551
2012-03-26 09:00:00+00:00,7.2009997,0.0,0.0,95.639984,18.03237,93.43356,6.5509996,4.8991385,9.793058,72.89719
2012-03-26 10:00:00+00:00,7.4509997,0.0,0.0,95.32081,15.463244,77.90526,6.751,5.500492,7.7043357,52.594578
2012-03-26 11:00:00+00:00,7.401,0.0,0.0,93.37281,14.934577,74.623695,6.401,5.4841595,6.9153743,51.34017
2012-03-26 12:00:00+00:00,7.4509997,0.0,0.0,93.05458,13.556282,79.28693,6.401,5.648615,6.1305785,49.76371
2012-03-26 13:00:00+00:00,7.351,0.0,0.0,92.091934,10.829959,74.57778,6.151,5.7132397,4.6102495,38.65983
2012-03-26 14:00:00+00:00,7.151,0.0,0.0,92.717926,9.605998,77.00539,6.0509996,5.5307693,4.3349743,41.63345
2012-03-26 15:00:00+00:00,8.551,0.0,0.0,93.43135,11.212135,84.47256,7.5509996,6.9262133,6.792466,57.99466
2012-03-26 16:00:00+00:00,10.901,0.0,0.0,80.084045,10.105681,94.08554,7.601,9.175465,7.5685663,92.72626
2012-03-26 17:00:00+00:00,11.951,0.0,0.0,70.00676,10.636766,113.962494,6.651,9.879645,8.373386,115.46331
2012-03-26 18:00:00+00:00,13.101,0.0,0.0,63.376186,10.703569,132.27362,6.3009996,10.907602,8.654987,135.0001
2012-03-26 19:00:00+00:00,13.951,0.0,0.0,64.886925,11.923557,151.11351,7.4509997,11.906008,9.504273,155.37645
2012-03-26 20:00:00+00:00,14.250999,0.0,0.0,63.20488,12.768586,158.4985,7.351,12.023491,10.587917,162.18102
2012-03-26 21:00:00+00:00,14.801,0.0,0.0,61.20835,12.413476,163.14153,7.401,12.677603,9.9571085,167.4712
2012-03-26 22:00:00+00:00,15.051,0.0,0.0,59.82113,11.113451,204.90474,7.3009996,12.993305,9.339208,207.55272
2012-03-26 23:00:00+00:00,15.000999,0.0,0.0,58.794296,12.031756,218.92755,7.001,12.780977,9.957108,220.60121
2012-03-27 00:00:00+00:00,15.101,0.0,0.0,58.617847,13.089354,238.49579,7.0509996,12.786699,10.685391,237.38077
2012-03-27 01:00:00+00:00,14.201,0.0,0.0,62.548477,14.587776,254.24875,7.151,11.8247795,11.27553,253.30067
2012-03-27 02:00:00+00:00,12.500999,0.0,0.0,74.04636,14.417988,272.86234,8.001,10.980417,6.849467,266.98727
2012-03-27 03:00:00+00:00,11.000999,0.0,0.0,82.587425,11.966953,291.16132,8.151,9.611265,6.2145634,280.0079
2012-03-27 04:00:00+00:00,9.901,0.0,0.0,88.56984,7.8954163,316.8476,8.101,8.732456,4.6102495,321.34018
2012-03-27 05:00:00+00:00,8.601,0.0,0.0,92.79869,3.8773184,338.19852,7.501,7.635126,2.1897945,350.53775
2012-03-27 06:00:00+00:00,7.651,0.0,0.0,94.02918,1.8,53.13002,6.751,6.5270796,2.0364676,44.999897
2012-03-27 07:00:00+00:00,7.851,0.0,0.0,94.03843,1.609969,116.56499,6.9509997,6.808873,1.8,53.13002
2012-03-27 08:00:00+00:00,7.101,0.0,0.0,94.980415,1.0182338,224.9999,6.351,6.0326347,1.0182338,44.999897
2012-03-27 09:00:00+00:00,6.501,0.0,0.0,95.28592,2.16,270.0,5.8009996,5.339596,0.8049845,26.564985
2012-03-27 10:00:00+00:00,5.9509997,0.0,0.0,95.59702,3.8773184,291.80148,5.3009996,4.7451906,0.35999998,90.0
2012-03-27 11:00:00+00:00,5.501,0.0,0.0,95.248764,3.096837,305.53775,4.8009996,4.093214,1.0182338,44.999897
2012-03-27 12:00:00+00:00,5.2009997,0.0,0.0,95.23754,2.0991426,329.03632,4.501,3.6171598,1.8,53.13002
2012-03-27 13:00:00+00:00,4.9509997,0.0,0.0,95.22815,2.8799999,90.0,4.251,3.043426,3.671294,78.6901
2012-03-27 14:00:00+00:00,4.9509997,0.0,0.0,94.89515,6.763786,115.20109,4.2009997,2.9300694,4.379589,80.53775
2012-03-27 15:00:00+00:00,7.901,0.0,0.0,90.24428,7.5685663,115.34614,6.401,6.2558355,5.0528407,85.91447
2012-03-27 16:00:00+00:00,11.750999,0.0,0.0,74.42104,5.904439,127.568665,7.351,10.361487,4.8433046,131.98714
2012-03-27 17:00:00+00:00,13.651,0.0,0.0,67.992035,5.6920996,161.56496,7.851,12.326925,5.2416787,164.05453
2012-03-27 18:00:00+00:00,15.051,0.0,0.0,62.95806,7.2805495,171.46931,8.051,14.597313,6.130579,176.6336
2012-03-27 19:00:00+00:00,16.451,0.0,0.0,56.40268,9.0,196.26028,7.751,16.432497,7.628263,199.29015
2012-03-27 20:00:00+00:00,17.201,0.0,0.0,54.89103,11.966954,223.7812,8.051,17.239037,10.182337,224.9999
2012-03-27 21:00:00+00:00,17.551,0.0,0.0,54.240498,13.896187,233.42688,8.201,17.424633,11.808878,232.43134
2012-03-27 22:00:00+00:00,17.601,0.0,0.0,53.70389,14.277983,236.3099,8.101,17.036884,11.885453,234.86572
2012-03-27 23:00:00+00:00,17.251,0.0,0.0,54.71775,16.42247,243.9967,8.051,15.679331,13.363711,242.74475
2012-03-28 00:00:00+00:00,16.601,0.0,0.0,56.440655,17.076298,251.56496,7.901,14.0932255,13.441071,249.62347
2012-03-28 01:00:00+00:00,15.401,0.0,0.0,59.701805,16.454008,259.91946,7.601,12.996071,12.224107,256.373
2012-03-28 02:00:00+00:00,13.601,0.0,0.0,69.14746,16.343367,262.40546,8.051,11.894691,8.209263,254.74483
2012-03-28 03:00:00+00:00,11.851,0.0,0.0,77.280235,17.057314,277.2749,8.001,10.279341,7.2,270.0
2012-03-28 04:00:00+00:00,10.500999,0.0,0.0,86.839836,13.708391,293.1986,8.401,9.047837,7.0911775,293.9625
2012-03-28 05:00:00+00:00,9.401,0.0,0.0,88.82935,7.145796,310.91428,7.651,8.339955,3.096837,305.53775
2012-03-28 06:00:00+00:00,8.851,0.0,0.0,88.7832,2.3051248,321.34018,7.101,8.033059,0.5091169,44.999897
2012-03-28 07:00:00+00:00,8.601,0.0,0.0,89.06704,3.2599385,263.6599,6.901,7.6202774,1.2979984,236.3099
2012-03-28 08:00:00+00:00,8.001,0.0,0.0,90.25168,5.0911684,261.87,6.501,6.881008,1.609969,243.43501
2012-03-28 09:00:00+00:00,7.2009997,0.0,0.0,91.133194,6.849467,273.01273,5.851,5.905694,1.8,270.0
2012-03-28 10:00:00+00:00,6.651,0.0,0.0,91.09579,1.484318,255.96373,5.3009996,5.3317814,1.1384199,108.43504
2012-03-28 11:00:00+00:00,6.2009997,0.0,0.0,91.065,3.563818,224.9999,4.851,4.6897697,1.8,180.0
2012-03-28 12:00:00+00:00,5.901,0.0,0.0,90.72678,2.3051248,231.34016,4.501,4.3904915,1.2979984,123.690094
2012-03-28 13:00:00+00:00,5.651,0.0,0.0,91.02717,2.8116899,129.80553,4.301,3.8165464,3.2399998,90.0
2012-03-28 14:00:00+00:00,5.751,0.0,0.0,90.39913,4.6102495,128.65984,4.301,3.8020954,4.0249224,100.30479
2012-03-28 15:00:00+00:00,8.051,0.0,0.0,86.30013,5.692099,124.69522,5.901,6.3994284,4.32,90.0
2012-03-28 16:00:00+00:00,12.351,0.0,0.0,62.985348,4.3349743,131.63345,5.501,10.721582,3.563818,135.0001
2012-03-28 17:00:00+00:00,14.351,0.0,0.0,57.23563,4.3349743,175.23645,6.001,12.774172,3.96,180.0
2012-03-28 18:00:00+00:00,15.750999,0.0,0.0,56.224945,6.297428,210.96368,7.0509996,14.298206,5.8048253,209.7448
2012-03-28 19:00:00+00:00,17.251,0.0,0.0,55.65417,9.0,233.13002,8.301,17.026321,7.42159,230.90614
2012-03-28 20:00:00+00:00,18.151,0.0,0.0,55.69515,11.592895,244.23071,9.151,18.030832,9.826088,241.55717
2012-03-28 21:00:00+00:00,18.751,0.0,0.0,56.60041,13.779114,250.1447,9.951,18.70211,11.298495,247.52052
2012-03-28 22:00:00+00:00,18.901,0.0,0.0,57.399643,14.830076,264.4279,10.301,18.0396,12.015589,261.38443
2012-03-28 23:00:00+00:00,18.351,0.0,0.0,60.206783,15.941944,244.59233,10.500999,16.608753,13.0447235,242.02061
2012-03-29 00:00:00+00:00,17.651,0.0,0.0,65.69295,18.532135,240.94548,11.151,15.935139,14.20062,239.53453
2012-03-29 01:00:00+00:00,16.351,0.0,0.0,73.73115,14.658676,245.32315,11.651,15.26465,10.948973,242.5925
2012-03-29 02:00:00+00:00,14.951,0.0,0.0,81.98465,11.113451,245.09526,11.901,14.739527,5.495161,238.39255
2012-03-29 03:00:00+00:00,13.651,0.0,0.0,88.590706,10.823973,266.186,11.801,13.4288845,5.3517847,250.34608
2012-03-29 04:00:00+00:00,12.551,0.0,0.0,93.938934,6.519877,276.3401,11.601,12.571028,3.2599385,263.6599
2012-03-29 05:00:00+00:00,11.500999,0.0,0.0,95.783104,3.2599385,276.3401,10.851,11.5039625,1.8,216.86998
2012-03-29 06:00:00+00:00,10.901,0.0,0.0,95.76354,1.8,180.0,10.250999,10.706853,1.9386592,158.19853
2012-03-29 07:00:00+00:00,11.301,0.0,0.0,97.70592,5.3517847,199.65392,10.951,11.277222,2.1897945,189.46225
2012-03-29 08:00:00+00:00,12.000999,0.0,0.0,95.48269,6.1094027,224.9999,11.301,11.90797,3.396233,212.00534
2012-03-29 09:00:00+00:00,11.901,0.0,0.0,95.79605,3.096837,234.46223,11.250999,12.071417,1.484318,165.96373
2012-03-29 10:00:00+00:00,11.851,0.0,0.0,96.75087,2.2768397,71.564964,11.351,12.1512985,0.8049845,116.56499
2012-03-29 11:00:00+00:00,12.000999,0.0,0.0,96.43526,2.7416782,113.19862,11.451,12.0974865,2.4149535,153.43501
2012-03-29 12:00:00+00:00,11.851,0.0,0.0,96.75087,4.5820518,135.0001,11.351,11.799118,3.219938,153.43501
2012-03-29 13:00:00+00:00,11.551,0.0,0.0,97.38708,6.792466,147.99466,11.151,11.295024,4.198285,149.03632
2012-03-29 14:00:00+00:00,11.151,0.0,0.0,97.703224,6.9153743,141.34016,10.801,11.0653305,2.3051248,128.65984
2012-03-29 15:00:00+00:00,12.351,0.0,0.0,93.001526,6.6185193,112.38018,11.250999,12.197325,3.7064266,119.05451
2012-03-29 16:00:00+00:00,13.601,0.0,0.0,85.42255,4.8433046,131.98714,11.201,13.40448,3.8939953,146.3099
2012-03-29 17:00:00+00:00,15.250999,0.0,0.0,78.06463,5.0528407,175.91446,11.451,15.014639,4.6938252,184.39862
2012-03-29 18:00:00+00:00,16.651,0.0,0.0,72.577095,6.489992,176.82024,11.701,16.335386,5.771239,183.57626
2012-03-29 19:00:00+00:00,18.651,0.0,0.0,61.084064,7.5685663,177.27374,11.000999,19.161896,6.849467,183.01273
2012-03-29 20:00:00+00:00,19.701,0.0,0.0,59.53512,11.792404,211.26367,11.601,20.107569,10.315115,209.24873
2012-03-29 21:00:00+00:00,19.951,0.0,0.0,60.783833,18.35647,221.82008,12.151,19.715862,15.072783,220.15593
2012-03-29 22:00:00+00:00,19.601,0.0,0.0,63.146515,15.315873,240.42226,12.401,19.606947,12.287555,238.17259
2012-03-29 23:00:00+00:00,18.601,0.0,0.0,67.87278,15.646544,246.97447,12.551,17.927382,12.72283,244.8852
2012-03-30 00:00:00+00:00,17.751,0.0,0.0,70.19675,12.313893,254.74483,12.250999,16.990362,10.028439,248.96242
2012-03-30 01:00:00+00:00,16.651,0.0,0.0,71.62448,8.557102,255.37909,11.500999,16.051294,7.289444,249.77505
2012-03-30 02:00:00+00:00,15.601,0.0,0.0,75.828804,7.9932966,234.16226,11.351,15.230589,5.3999996,216.86998
2012-03-30 03:00:00+00:00,14.151,0.0,0.0,82.97512,7.4128532,209.0545,11.301,13.862448,4.73506,188.74608
2012-03-30 04:00:00+00:00,13.051,0.0,0.0,89.42421,7.289444,200.22495,11.351,12.940956,3.6179552,174.2895
2012-03-30 05:00:00+00:00,12.250999,0.0,0.0,93.304955,5.04,180.0,11.201,12.152945,3.219938,153.43501
2012-03-30 06:00:00+00:00,11.801,0.0,0.0,95.159615,6.12,118.072395,11.051,11.558938,3.8939953,123.6901
2012-03-30 07:00:00+00:00,11.250999,0.0,0.0,96.41456,10.163227,112.93214,10.701,10.822271,4.452954,104.03627
2012-03-30 08:00:00+00:00,10.750999,0.0,0.0,96.40066,11.792404,121.26367,10.201,10.142614,4.6800003,112.61991
2012-03-30 09:00:00+00:00,10.451,0.0,0.0,95.7488,10.97262,131.00899,9.801,9.893872,3.5455887,113.962494
2012-03-30 10:00:00+00:00,10.151,0.0,0.0,94.77866,9.028754,113.49858,9.351,9.552742,2.968636,75.96373
2012-03-30 11:00:00+00:00,9.951,0.0,0.0,93.50158,6.8777895,132.87889,8.951,9.267052,2.8116899,129.80553
2012-03-30 12:00:00+00:00,9.451,0.0,0.0,93.47662,8.435069,140.19447,8.451,8.708775,2.3051248,128.65984
2012-03-30 13:00:00+00:00,9.151,0.0,0.0,93.46158,9.0,143.13002,8.151,8.25748,2.8116899,129.80553
2012-03-30 14:00:00+00:00,8.851,0.0,0.0,93.12901,9.021574,151.38963,7.8009996,7.855665,2.9024127,150.2552
2012-03-30 15:00:00+00:00,11.601,0.0,0.0,87.53167,8.557102,157.75093,9.601,10.964305,3.7064266,150.9455
2012-03-30 16:00:00+00:00,15.601,0.0,0.0,66.356766,7.42159,165.96373,9.351,14.528818,6.2145634,169.99208
2012-03-30 17:00:00+00:00,17.301,0.0,0.0,62.835754,7.928178,182.60251,10.151,16.356634,6.87779,186.00891
2012-03-30 18:00:00+00:00,18.851,0.0,0.0,60.525734,9.565437,199.79897,11.051,18.947865,8.089993,200.85454
2012-03-30 19:00:00+00:00,19.101,0.0,0.0,61.798702,10.630672,208.30066,11.601,20.023245,9.021574,208.61037
2012-03-30 20:00:00+00:00,19.801,0.0,0.0,61.75619,11.384198,214.69522,12.250999,21.12682,9.885262,213.11136
2012-03-30 21:00:00+00:00,20.151,0.0,0.0,62.243027,12.819235,218.15727,12.701,21.413742,10.799999,216.86998
2012-03-30 22:00:00+00:00,20.151,0.0,0.0,62.039486,8.942214,220.10085,12.651,21.340506,8.209263,217.87505
2012-03-30 23:00:00+00:00,19.801,0.0,0.0,62.77831,11.090103,215.75398,12.500999,19.997044,9.585739,214.28693
2012-03-31 00:00:00+00:00,19.101,0.0,0.0,65.141785,12.031756,218.92755,12.401,18.391678,10.009036,217.6943
2012-03-31 01:00:00+00:00,17.901,0.0,0.0,69.30888,10.948973,226.33215,12.201,17.250105,9.1641035,224.9999
2012-03-31 02:00:00+00:00,16.201,0.0,0.0,77.44042,10.195057,227.86247,12.250999,15.826149,7.386582,223.02507
2012-03-31 03:00:00+00:00,14.651,0.0,0.0,84.97204,7.145796,220.91429,12.151,14.569614,5.154415,204.77512
2012-03-31 04:00:00+00:00,13.551,0.0,0.0,90.94865,5.634891,206.56499,12.101,13.72994,3.2599385,186.3401
2012-03-31 05:00:00+00:00,12.551,0.0,0.0,94.87386,5.95906,205.01686,11.750999,12.621166,3.2399998,180.0
2012-03-31 06:00:00+00:00,12.301,0.0,0.0,94.550934,5.1544156,192.09474,11.451,12.316715,2.968636,165.96373
2012-03-31 07:00:00+00:00,11.301,0.0,0.0,97.059044,5.4833565,156.80138,10.851,11.008389,3.8268526,138.81418
2012-03-31 08:00:00+00:00,10.551,0.0,0.0,98.01921,6.9153743,141.34016,10.250999,10.071704,3.8939953,123.6901
2012-03-31 09:00:00+00:00,10.551,0.0,0.0,97.69248,7.7879906,146.3099,10.201,9.882654,5.0911684,135.0001
2012-03-31 10:00:00+00:00,10.451,0.0,0.0,98.01766,11.304229,142.76509,10.151,9.680598,5.692099,145.30478
2012-03-31 11:00:00+00:00,10.651,0.0,0.0,98.676636,11.113451,155.09526,10.451,9.7518015,7.172949,162.47433
2012-03-31 12:00:00+00:00,10.500999,0.0,0.0,99.00485,9.531505,169.11452,10.351,9.876169,5.0911684,171.86998
2012-03-31 13:00:00+00:00,10.651,0.0,0.0,98.34822,9.19939,149.42085,10.401,9.914192,5.95906,154.98314
2012-03-31 14:00:00+00:00,10.101,0.0,0.0,98.67091,9.957108,139.39879,9.901,9.17085,6.297428,149.03632
2012-03-31 15:00:00+00:00,11.401,0.0,0.0,94.19902,10.44,136.39711,10.500999,10.365331,8.209263,142.12495
2012-03-31 16:00:00+00:00,12.451,0.0,0.0,83.885,10.514218,141.95291,9.801,11.202213,8.287822,145.6196
2012-03-31 17:00:00+00:00,13.401,0.0,0.0,77.78309,10.594036,170.21767,9.601,11.982748,9.0645685,173.15732
2012-03-31 18:00:00+00:00,14.101,0.0,0.0,74.82564,12.4811535,213.23172,9.701,12.518192,10.383987,213.6901
2012-03-31 19:00:00+00:00,15.401,0.1,0.1,68.811134,11.720751,227.4896,9.701,14.516203,9.931042,226.46873
2012-03-31 20:00:00+00:00,15.500999,0.0,0.0,67.233635,10.464797,220.81499,9.451,14.058601,8.942214,220.10085
2012-03-31 21:00:00+00:00,15.601,0.0,0.0,66.58021,12.475961,226.16905,9.401,13.926361,10.44,223.60289
2012-03-31 22:00:00+00:00,16.201,0.0,0.0,63.646935,10.931203,197.24155,9.301,14.643194,9.449572,197.74477
2012-03-31 23:00:00+00:00,16.101,0.0,0.0,62.772808,14.88242,212.15227,9.000999,14.092316,11.983188,212.73521
2012-04-01 00:00:00+00:00,15.301,0.0,0.0,65.18392,15.496736,210.73541,8.801,13.176262,12.413477,209.53868
2012-04-01 01:00:00+00:00,15.000999,0.0,0.0,71.55453,19.228851,218.15727,9.901,12.89798,14.336861,218.8845
2012-04-01 02:00:00+00:00,13.701,0.1,0.1,81.28187,15.580141,220.31403,10.551,12.276838,10.97262,221.00899
2012-04-01 03:00:00+00:00,12.951,0.5,0.5,88.53174,10.365251,200.32323,11.101,12.195677,7.5170207,196.69933
2012-04-01 04:00:00+00:00,12.301,1.0,1.0,95.80896,14.84318,194.03627,11.651,11.327232,10.182337,188.13002
2012-04-01 05:00:00+00:00,12.101,0.6,0.6,95.80251,18.218275,217.77574,11.451,10.810806,11.923557,208.88649
2012-04-01 06:00:00+00:00,11.801,0.0,0.0,95.47575,23.34455,250.16779,11.101,9.934515,15.137133,244.65387
2012-04-01 07:00:00+00:00,10.951,0.1,0.1,96.085236,26.758923,264.5963,10.351,8.677715,16.394829,261.15826
2012-04-01 08:00:00+00:00,9.951,0.0,0.0,95.090225,26.642431,270.7742,9.201,7.484705,15.496736,267.33704
2012-04-01 09:00:00+00:00,9.101,0.0,0.0,95.38049,27.288855,278.3438,8.401,6.5064945,14.917212,278.32556
2012-04-01 10:00:00+00:00,8.851,0.0,0.0,94.08432,21.734581,296.56497,7.9509997,6.6959505,11.113451,294.90472
2012-04-01 11:00:00+00:00,8.401,0.0,0.0,93.743256,15.1884165,301.4295,7.4509997,6.803029,6.439876,296.56497
2012-04-01 12:00:00+00:00,7.901,0.0,0.0,93.719055,9.957108,310.60123,6.9509997,6.5632954,3.8268526,311.18582
2012-04-01 13:00:00+00:00,7.151,0.0,0.0,95.63827,7.928177,309.47244,6.501,5.740696,3.6,306.86996
2012-04-01 14:00:00+00:00,6.351,0.0,0.0,96.94285,6.8777895,312.8789,5.901,4.8806515,3.0758414,339.44388
2012-04-01 15:00:00+00:00,8.651,0.0,0.0,92.801445,6.489992,326.3099,7.5509996,7.5472164,3.219938,333.43503
2012-04-01 16:00:00+00:00,10.651,0.0,0.0,79.7757,6.989936,304.50858,7.3009996,9.154286,5.495161,301.60745
2012-04-01 17:00:00+00:00,12.750999,0.0,0.0,62.42665,12.599998,306.86996,5.751,10.254537,9.885262,303.11136
2012-04-01 18:00:00+00:00,14.901,0.0,0.0,49.080963,14.689588,306.02747,4.301,12.801714,11.4862,302.1957
2012-04-01 19:00:00+00:00,16.351,0.0,0.0,40.81842,16.548256,314.11868,3.0010002,14.291773,13.276144,310.60123
2012-04-01 20:00:00+00:00,17.751,0.0,0.0,34.669647,19.083395,324.21094,1.951,15.450199,14.84318,320.90613
2012-04-01 21:00:00+00:00,18.601,0.0,0.0,30.81602,19.134262,318.81415,1.051,16.112755,14.76439,315.0001
2012-04-01 22:00:00+00:00,19.201,0.0,0.0,28.632841,22.218153,333.01984,0.551,16.29051,16.299694,329.47037
2012-04-01 23:00:00+00:00,19.001,0.0,0.0,28.88757,26.141552,337.3194,0.50100005,14.954279,19.486609,334.85526
2012-04-02 00:00:00+00:00,18.401,0.0,0.0,30.647984,25.282152,340.0168,0.801,13.70038,18.532133,335.9245
2012-04-02 01:00:00+00:00,17.501,0.0,0.0,33.259605,24.162947,331.5259,1.151,13.055923,17.174677,326.97614
2012-04-02 02:00:00+00:00,15.801,0.0,0.0,39.236458,26.089443,320.59937,1.951,11.918097,14.255272,315.0001
2012-04-02 03:00:00+00:00,13.851,0.0,0.0,45.937576,26.14403,321.70978,2.401,10.2707405,12.7279215,315.0001
2012-04-02 04:00:00+00:00,12.351,0.0,0.0,52.308525,23.113008,322.59457,2.851,9.149814,10.691453,315.0001
2012-04-02 05:00:00+00:00,11.151,0.0,0.0,58.449524,22.238562,330.9455,3.301,8.151754,9.885262,326.88864
2012-04-02 06:00:00+00:00,10.401,0.0,0.0,62.091827,20.150354,341.24124,3.451,7.575347,8.891344,338.6293
2012-04-02 07:00:00+00:00,9.750999,0.0,0.0,67.8826,18.228943,350.9098,4.101,6.9681835,9.47012,351.2539
2012-04-02 08:00:00+00:00,9.201,0.0,0.0,70.191025,17.294992,357.6141,4.051,6.37078,9.726665,2.1210518
2012-04-02 09:00:00+00:00,8.651,0.0,0.0,72.33523,16.575644,2.4894993,3.951,5.793149,9.779817,6.3401003
2012-04-02 10:00:00+00:00,8.151,0.0,0.0,74.04324,13.358861,14.036275,3.801,5.51,8.089993,20.854538
2012-04-02 11:00:00+00:00,7.8009996,0.0,0.0,74.766624,13.627795,12.200457,3.601,5.103607,8.209263,15.255177
2012-04-02 12:00:00+00:00,7.4509997,0.0,0.0,75.23453,13.896187,16.557161,3.351,4.74059,7.968939,18.435053
2012-04-02 13:00:00+00:00,7.101,0.0,0.0,74.90855,13.32,18.924751,2.951,4.3152466,7.968939,18.435053
2012-04-02 14:00:00+00:00,7.001,0.0,0.0,73.575,13.441071,20.37652,2.601,4.150874,7.968939,18.435053
2012-04-02 15:00:00+00:00,9.500999,0.0,0.0,66.64748,13.237039,22.380184,3.601,6.752984,8.557102,22.249071
2012-04-02 16:00:00+00:00,14.401,0.0,0.0,49.28758,9.227524,20.556128,3.901,12.129227,5.6920996,18.435053
2012-04-02 17:00:00+00:00,18.001,0.0,0.0,33.88574,6.8399997,360.0,1.8510001,15.686008,4.6938252,355.60138
2012-04-02 18:00:00+00:00,20.451,0.0,0.0,25.83578,9.028754,4.5738406,0.201,18.658491,6.8399997,360.0
2012-04-02 19:00:00+00:00,22.401,0.0,0.0,21.397692,7.5685663,357.27374,-0.749,21.46803,5.4477882,352.40543
2012-04-02 20:00:00+00:00,23.601,0.0,0.0,19.754019,6.297428,329.03632,-0.84900004,23.102459,4.6102495,321.34018
2012-04-02 21:00:00+00:00,24.451,0.0,0.0,18.97752,6.151683,290.55612,-0.69899994,23.819445,5.1544156,282.09473
2012-04-02 22:00:00+00:00,24.851,0.0,0.0,19.076767,17.551615,244.48618,-0.29899997,22.18386,14.336861,241.50446
2012-04-02 23:00:00+00:00,24.601,0.0,0.0,20.224976,18.511143,256.50424,0.301,21.203438,14.799459,251.56496
2012-04-03 00:00:00+00:00,23.601,0.0,0.0,23.497757,20.176065,254.47583,1.5510001,19.451801,15.596767,251.14674
2012-04-03 01:00:00+00:00,21.801,0.0,0.0,30.208817,19.93048,253.20154,3.551,18.241953,14.039999,247.3801
2012-04-03 02:00:00+00:00,19.451,0.0,0.0,39.3255,15.745627,259.46088,5.251,17.320848,6.6185193,247.61981
2012-04-03 03:00:00+00:00,17.601,0.0,0.0,50.681496,8.759178,279.46225,7.251,16.364975,3.6179552,264.2895
2012-04-03 04:00:00+00:00,15.551,0.0,0.0,55.028446,3.219938,333.43503,6.5509996,14.38007,2.0364676,44.999897
2012-04-03 05:00:00+00:00,13.601,0.0,0.0,61.98146,3.8268526,41.185837,6.4509997,12.228785,3.2599385,83.659904
2012-04-03 06:00:00+00:00,11.701,0.0,0.0,71.17048,5.6920996,71.564964,6.651,10.238526,4.198285,59.03632
2012-04-03 07:00:00+00:00,10.851,0.0,0.0,80.350525,6.4799995,90.0,7.601,9.47753,5.154415,65.22488
2012-04-03 08:00:00+00:00,10.451,0.0,0.0,78.392456,5.4477882,97.59455,6.851,8.867335,5.3517847,70.346085
2012-04-03 09:00:00+00:00,9.951,0.0,0.0,77.51105,3.2599385,83.659904,6.2009997,8.356258,4.39436,55.0079
2012-04-03 10:00:00+00:00,9.301,0.0,0.0,77.94671,8.587338,56.976128,5.651,7.221139,6.8777895,47.12111
2012-04-03 11:00:00+00:00,8.851,0.0,0.0,77.60652,5.3999996,53.13002,5.151,6.811268,5.8603754,42.510403
2012-04-03 12:00:00+00:00,8.551,0.0,0.0,76.48458,5.634891,63.435013,4.651,6.3669004,6.1305785,49.76371
2012-04-03 13:00:00+00:00,8.301,0.0,0.0,75.380424,7.2805495,81.46932,4.2009997,6.0159636,6.193674,54.46224
2012-04-03 14:00:00+00:00,8.251,0.0,0.0,74.58297,9.36,90.0,4.001,5.926011,6.193674,54.46224
2012-04-03 15:00:00+00:00,11.701,0.0,0.0,68.289406,8.287822,92.4895,6.0509996,9.766693,6.489992,56.3099
2012-04-03 16:00:00+00:00,17.951,0.0,0.0,47.253292,6.130579,93.366394,6.5509996,16.54891,3.6179552,84.2895
2012-04-03 17:00:00+00:00,21.151,0.0,0.0,29.918459,5.0911684,135.0001,2.851,18.99825,4.198285,149.03632
2012-04-03 18:00:00+00:00,22.851,0.0,0.0,28.140642,6.162207,173.29025,3.451,21.608345,5.3999996,180.0
2012-04-03 19:00:00+00:00,23.701,0.0,0.0,24.729017,8.311245,197.6502,2.351,22.62264,7.289444,200.22495
2012-04-03 20:00:00+00:00,24.651,0.0,0.0,24.032192,11.269782,206.56499,2.7510002,23.77617,9.659814,206.56499
2012-04-03 21:00:00+00:00,25.051,0.0,0.0,24.396252,14.57889,212.90524,3.301,23.765123,11.983188,212.73521
2012-04-03 22:00:00+00:00,24.851,0.0,0.0,25.484365,15.281989,226.90913,3.7510002,23.214128,12.7279215,224.9999
2012-04-03 23:00:00+00:00,24.151,0.0,0.0,26.668215,16.92383,231.91118,3.801,21.604961,13.830749,231.34016
2012-04-04 00:00:00+00:00,23.051,0.0,0.0,28.898685,15.876775,237.0306,4.001,19.806911,12.4811535,236.76828
2012-04-04 01:00:00+00:00,21.251,0.0,0.0,32.588436,13.237039,247.61981,4.151,18.354187,10.30883,245.22488
2012-04-04 02:00:00+00:00,19.401,0.0,0.0,40.8397,13.009903,255.5792,5.751,17.26259,7.42159,247.1663
2012-04-04 03:00:00+00:00,17.651,0.0,0.0,51.567814,9.826088,261.57312,7.5509996,16.216236,5.4833565,246.80138
2012-04-04 04:00:00+00:00,16.001,0.0,0.0,57.062664,3.2599385,276.3401,7.501,15.13751,1.484318,194.03627
2012-04-04 05:00:00+00:00,14.451,0.0,0.0,63.035137,1.484318,104.03627,7.501,13.422047,2.6208394,105.945465
2012-04-04 06:00:00+00:00,13.000999,0.0,0.0,69.97471,4.3498964,114.44395,7.651,11.942923,3.0758414,110.55613
2012-04-04 07:00:00+00:00,11.951,0.0,0.0,74.965256,7.4128532,119.05451,7.651,10.776124,3.8773184,111.801476
2012-04-04 08:00:00+00:00,11.351,0.0,0.0,76.4146,9.504272,127.30403,7.351,10.033458,4.3498964,114.44395
2012-04-04 09:00:00+00:00,10.901,0.0,0.0,76.079796,9.931042,133.53127,6.851,9.39344,4.829907,116.56499
2012-04-04 10:00:00+00:00,10.801,0.0,0.0,74.2549,6.489992,146.3099,6.401,9.4442835,3.0758414,110.55613
2012-04-04 11:00:00+00:00,10.151,0.0,0.0,75.432915,2.9024127,172.87508,6.001,8.994426,1.08,180.0
2012-04-04 12:00:00+00:00,9.301,0.0,0.0,77.677185,3.6179552,84.2895,5.601,7.7178936,3.396233,57.99466
2012-04-04 13:00:00+00:00,8.951,0.0,0.0,78.7076,8.311245,94.96966,5.4509997,7.1010923,5.00128,59.743652
2012-04-04 14:00:00+00:00,8.451,0.0,0.0,81.413086,9.422101,96.581856,5.4509997,6.578727,5.154415,65.22488
2012-04-04 15:00:00+00:00,11.901,0.0,0.0,77.2881,6.638072,102.5288,8.051,10.777531,4.2136917,70.01681
2012-04-04 16:00:00+00:00,16.751,0.0,0.0,50.625504,3.8773184,111.801476,6.4509997,15.482441,2.5455842,135.0001
2012-04-04 17:00:00+00:00,19.051,0.0,0.0,40.880966,4.6800003,157.3801,5.4509997,17.290607,4.379589,170.53775
2012-04-04 18:00:00+00:00,20.851,0.0,0.0,36.44171,6.130579,183.3664,5.401,19.923016,5.4477882,187.59456
2012-04-04 19:00:00+00:00,21.751,0.0,0.0,35.21022,8.825508,191.76826,5.7009997,21.007751,7.771331,193.39252
2012-04-04 20:00:00+00:00,22.851,0.0,0.0,34.088417,11.620809,196.18927,6.2009997,22.462042,10.137692,196.50444
2012-04-04 21:00:00+00:00,23.401,0.0,0.0,33.546204,15.137133,205.34613,6.4509997,22.737045,12.879752,206.56499
2012-04-04 22:00:00+00:00,23.101,0.0,0.0,34.632706,12.7279215,208.7397,6.651,22.506285,10.805998,209.98155
2012-04-04 23:00:00+00:00,22.501,0.0,0.0,36.162914,13.493999,223.91916,6.751,21.063162,11.457958,223.72705
2012-04-05 00:00:00+00:00,21.651,0.0,0.0,38.08563,13.479583,235.88548,6.751,19.21611,11.090103,234.24602
2012-04-05 01:00:00+00:00,20.551,0.0,0.0,40.46771,13.53236,241.38963,6.651,18.096273,10.990322,238.39255
2012-04-05 02:00:00+00:00,18.901,0.0,0.0,46.076794,12.413477,240.4613,7.0509996,16.9643,8.0899935,237.72438
2012-04-05 03:00:00+00:00,17.201,0.0,0.0,53.235245,7.9932966,234.16226,7.601,15.864281,4.8965297,216.02747
2012-04-05 04:00:00+00:00,15.401,0.0,0.0,62.188923,2.3051248,218.65984,8.201,14.610537,2.1897945,170.53775
2012-04-05 05:00:00+00:00,13.801,0.0,0.0,71.81187,2.5455842,98.13002,8.801,13.115583,2.5455842,98.13002
2012-04-05 06:00:00+00:00,12.551,0.0,0.0,77.65203,5.4119864,93.814,8.750999,11.856184,2.52,90.0
2012-04-05 07:00:00+00:00,12.000999,0.0,0.0,81.32948,6.87779,96.00892,8.901,11.293659,2.8799999,90.0
2012-04-05 08:00:00+00:00,11.101,0.0,0.0,84.86822,7.771331,103.39252,8.651,10.327339,2.8799999,90.0
2012-04-05 09:00:00+00:00,10.451,0.0,0.0,86.54112,8.311245,107.650215,8.301,9.586089,2.8799999,90.0
2012-04-05 10:00:00+00:00,9.951,0.0,0.0,86.78628,2.2768397,108.43504,7.851,9.234026,1.08,180.0
2012-04-05 11:00:00+00:00,9.250999,0.0,0.0,87.312904,3.4152596,161.56496,7.251,8.385999,1.08,180.0
2012-04-05 12:00:00+00:00,8.500999,0.0,0.0,88.146225,4.39436,145.0079,6.651,7.4342556,1.484318,165.96373
2012-04-05 13:00:00+00:00,7.901,0.0,0.0,87.78916,4.8433046,138.01286,6.001,6.5195904,2.6208394,164.05453
2012-04-05 14:00:00+00:00,7.7009997,0.0,0.0,86.563896,3.8268526,131.18582,5.601,6.37827,1.609969,153.43501
2012-04-05 15:00:00+00:00,11.301,0.0,0.0,71.33895,1.835647,168.69011,6.3009996,10.317398,0.35999998,270.0
2012-04-05 16:00:00+00:00,14.301,0.0,0.0,57.8188,2.9024127,187.12492,6.101,12.891272,2.968636,194.03627
2012-04-05 17:00:00+00:00,16.151001,0.0,0.0,52.95824,3.7585104,196.69933,6.5509996,14.9489155,3.5455887,203.9625
2012-04-05 18:00:00+00:00,17.701,0.0,0.0,47.18383,4.39436,214.9921,6.3009996,17.492365,4.1046314,217.87505
2012-04-05 19:00:00+00:00,18.601,0.0,0.0,37.20757,6.8777895,227.12111,3.701,18.304123,6.3690495,222.70937
2012-04-05 20:00:00+00:00,19.601,0.0,0.0,34.591774,12.496718,228.50363,3.551,18.86091,10.691453,224.9999
2012-04-05 21:00:00+00:00,20.001,0.0,0.0,33.38949,16.800856,224.9999,3.401,18.630035,14.003028,223.95847
2012-04-05 22:00:00+00:00,19.951,0.0,0.0,33.257526,19.134262,228.81418,3.301,17.896158,15.546833,227.81563
2012-04-05 23:00:00+00:00,19.401,0.0,0.0,33.690422,19.694992,239.21593,3.0010002,16.496151,15.876775,237.0306
2012-04-06 00:00:00+00:00,18.501,0.0,0.0,33.90988,18.388212,246.94867,2.301,14.6795635,14.658676,245.32315
2012-04-06 01:00:00+00:00,17.501,0.0,0.0,34.47342,15.459054,242.24155,1.651,13.880039,12.10157,239.62096
2012-04-06 02:00:00+00:00,15.851,0.0,0.0,39.814613,13.779114,236.7251,2.201,12.778471,9.0,233.13002
2012-04-06 03:00:00+00:00,14.201,0.0,0.0,48.20267,10.383987,236.3099,3.401,11.83213,5.692099,214.69522
2012-04-06 04:00:00+00:00,13.000999,0.0,0.0,55.71256,2.8799999,270.0,4.351,11.439485,1.4399999,180.0
2012-04-06 05:00:00+00:00,11.651,0.0,0.0,65.273926,4.8433046,48.01287,5.351,10.075901,2.968636,75.96373
2012-04-06 06:00:00+00:00,10.500999,0.0,0.0,67.56706,6.8777895,47.12111,4.751,8.762169,3.219938,63.435013
2012-04-06 07:00:00+00:00,9.750999,0.0,0.0,68.36015,8.4963045,36.38445,4.2009997,7.737097,4.3349743,41.63345
2012-04-06 08:00:00+00:00,9.051,0.0,0.0,64.921486,9.511088,29.475794,2.801,6.5983953,5.495161,31.607454
2012-04-06 09:00:00+00:00,8.201,0.0,0.0,61.78745,10.315115,29.248732,1.301,5.3469496,6.439876,26.564985
2012-04-06 10:00:00+00:00,7.401,0.0,0.0,59.62149,11.841756,19.536749,0.051,4.2653847,6.9899354,11.888645
2012-04-06 11:00:00+00:00,6.7009997,0.0,0.0,57.94616,11.043261,19.025702,-0.999,3.510788,6.28713,13.240531
2012-04-06 12:00:00+00:00,6.101,0.0,0.0,55.908257,7.771331,13.392516,-2.049,2.990387,4.73506,8.746089
2012-04-06 13:00:00+00:00,5.5509996,0.0,0.0,53.930016,7.69592,10.784258,-3.049,2.197133,5.506941,11.3098955
2012-04-06 14:00:00+00:00,5.3009996,0.0,0.0,52.277172,9.826088,28.442837,-3.6990001,1.5660505,7.5685663,25.346138
2012-04-06 15:00:00+00:00,8.201,0.0,0.0,47.01416,10.799999,36.86998,-2.449,4.741395,6.763786,25.201094
2012-04-06 16:00:00+00:00,13.051,0.0,0.0,28.5578,7.0911775,23.962492,-4.7990003,9.560359,5.0142193,21.037588
2012-04-06 17:00:00+00:00,16.201,0.0,0.0,21.604403,7.342588,11.3098955,-5.7990003,12.959339,5.4477882,7.59456
2012-04-06 18:00:00+00:00,18.901,0.0,0.0,17.010326,9.178235,11.3098955,-6.6990004,16.521845,6.5693827,9.462261
2012-04-06 19:00:00+00:00,20.201,0.0,0.0,15.274431,8.427383,19.983198,-7.0490003,18.564707,6.0347,17.354122
2012-04-06 20:00:00+00:00,22.151,0.0,0.0,13.396334,6.151683,20.556128,-7.1990004,21.31583,4.1046314,15.255177
2012-04-06 21:00:00+00:00,23.451,0.0,0.0,12.525028,3.96,360.0,-7.0490003,22.947617,2.6208394,344.05453
2012-04-06 22:00:00+00:00,24.251,0.0,0.0,12.168227,2.0991426,300.96368,-6.7990003,23.41938,1.8,270.0
2012-04-06 23:00:00+00:00,24.451,0.0,0.0,12.350168,4.198285,329.03632,-6.4490004,22.471066,3.319036,310.60123
2012-04-07 00:00:00+00:00,24.151,0.0,0.0,12.719314,5.3517847,317.72638,-6.2990003,20.768616,4.39436,304.9921
2012-04-07 01:00:00+00:00,23.501,0.0,0.0,12.975855,7.10031,300.46545,-6.5490003,19.67477,6.0347,287.3541
2012-04-07 02:00:00+00:00,21.601,0.0,0.0,18.068275,9.178235,295.5599,-3.6990001,18.165945,5.506941,281.3099
2012-04-07 03:00:00+00:00,18.701,0.0,0.0,23.288597,10.685391,302.61923,-2.699,15.379601,5.5887027,284.93146
2012-04-07 04:00:00+00:00,15.601,0.0,0.0,31.072878,11.119281,330.9455,-1.4489999,12.595247,4.5820518,315.0001
2012-04-07 05:00:00+00:00,13.101,0.0,0.0,38.725674,12.964998,1.5911111,-0.649,9.898148,6.725354,15.524177
2012-04-07 06:00:00+00:00,12.051,0.0,0.0,38.84107,14.003029,17.969234,-1.549,8.455119,8.534353,27.645891
2012-04-07 07:00:00+00:00,11.351,0.0,0.0,37.36786,14.182355,23.962492,-2.699,7.6241074,8.373386,25.463305
2012-04-07 08:00:00+00:00,10.250999,0.0,0.0,39.463634,14.182355,23.962492,-2.949,6.5136757,8.225035,23.198618
2012-04-07 09:00:00+00:00,9.401,0.0,0.0,40.2492,13.708391,23.198618,-3.449,5.552661,8.557102,22.249071
2012-04-07 10:00:00+00:00,8.701,0.0,0.0,40.341797,12.074766,26.564985,-4.0490003,4.8972635,7.754637,21.801476
2012-04-07 11:00:00+00:00,8.151,0.0,0.0,39.875595,12.10157,30.379045,-4.6990004,4.2289524,8.049845,26.564985
2012-04-07 12:00:00+00:00,7.751,0.0,0.0,39.00988,13.397612,30.699654,-5.349,3.7097206,8.373386,25.463305
2012-04-07 13:00:00+00:00,7.351,0.0,0.0,38.74173,13.854155,24.567156,-5.7990003,3.2348585,8.557102,22.249071
2012-04-07 14:00:00+00:00,7.3009996,0.0,0.0,38.579468,13.779114,19.855309,-5.899,3.1438274,8.766573,19.179106
2012-04-07 15:00:00+00:00,10.750999,0.0,0.0,36.230137,14.24163,20.72564,-3.649,6.6145277,10.365251,20.323217
2012-04-07 16:00:00+00:00,17.401,0.0,0.0,23.545279,13.441071,20.37652,-3.649,13.679487,7.5170207,16.699326
2012-04-07 17:00:00+00:00,22.101,0.0,0.0,12.103081,10.966713,23.198618,-8.549,18.249847,8.089993,20.854538
2012-04-07 18:00:00+00:00,25.001,0.0,0.0,8.892991,11.019764,38.367523,-10.249001,22.05357,8.4963045,36.38445
2012-04-07 19:00:00+00:00,26.701,0.0,0.0,7.397723,7.5942082,58.570484,-11.299,24.93445,5.991594,57.264786
2012-04-07 20:00:00+00:00,28.151,0.0,0.0,6.68788,5.0911684,98.13002,-11.499001,27.21719,3.7585104,106.699326
2012-04-07 21:00:00+00:00,29.101,0.0,0.0,6.405359,5.2416787,164.05453,-11.349,27.921902,4.802999,167.00539
2012-04-07 22:00:00+00:00,29.501,0.0,0.0,6.385062,8.587338,213.02386,-11.099,27.316986,7.5942082,211.42952
2012-04-07 23:00:00+00:00,28.951,0.0,0.0,7.078977,13.783817,229.23648,-10.199,25.31805,11.480557,228.81418
2012-04-08 00:00:00+00:00,27.201,0.0,0.0,9.530951,16.981165,237.99466,-7.6990004,22.335546,13.779114,236.7251
2012-04-08 01:00:00+00:00,24.851,0.0,0.0,13.112264,16.904673,243.43501,-5.349,20.127073,13.0447235,242.02061
2012-04-08 02:00:00+00:00,22.551,0.0,0.0,18.6444,13.5515,253.0091,-2.4989998,18.966215,7.5685663,244.65387
2012-04-08 03:00:00+00:00,20.801,0.0,0.0,25.011303,9.0,270.0,0.051,17.718506,6.6185193,247.61981
2012-04-08 04:00:00+00:00,17.801,0.0,0.0,38.986153,2.0991426,300.96368,3.651,16.152338,1.08,180.0
2012-04-08 05:00:00+00:00,15.750999,0.0,0.0,41.519646,4.452954,104.03627,2.701,13.482473,4.1046314,105.25517
2012-04-08 06:00:00+00:00,13.951,0.0,0.0,45.640476,8.217153,118.8107,2.401,11.475202,5.1544156,102.09474
2012-04-08 07:00:00+00:00,12.201,0.0,0.0,51.714397,8.161764,131.42357,2.551,9.871896,4.3349743,94.76356
2012-04-08 08:00:00+00:00,11.101,0.0,0.0,53.858395,5.692099,145.30478,2.101,8.890738,2.968636,75.96373
2012-04-08 09:00:00+00:00,10.250999,0.0,0.0,55.38795,2.5455842,171.86998,1.701,8.107063,2.0364676,44.999897
2012-04-08 10:00:00+00:00,9.500999,0.0,0.0,57.20777,2.7416782,336.8014,1.451,7.188141,2.9024127,7.12493
2012-04-08 11:00:00+00:00,8.851,0.0,0.0,58.284863,3.563818,315.0001,1.1010001,6.570799,2.2768397,18.435053
2012-04-08 12:00:00+00:00,8.151,0.0,0.0,60.02419,2.0364676,315.0001,0.851,5.855647,2.0991426,30.963696
2012-04-08 13:00:00+00:00,7.5509996,0.0,0.0,61.630936,1.8,36.86999,0.651,5.077753,3.096837,35.537766
2012-04-08 14:00:00+00:00,7.401,0.0,0.0,62.71574,3.396233,57.99466,0.75100005,4.7633047,4.3349743,41.63345
2012-04-08 15:00:00+00:00,11.851,0.0,0.0,58.62468,3.8773184,68.19853,4.001,9.797131,4.3349743,41.63345
2012-04-08 16:00:00+00:00,19.501,0.0,0.0,32.31541,2.5455842,81.86999,2.5010002,17.583994,1.4399999,90.0
2012-04-08 17:00:00+00:00,22.751,0.0,0.0,18.487793,2.6208394,164.05453,-2.449,20.341282,2.52,180.0
2012-04-08 18:00:00+00:00,25.001,0.0,0.0,16.694263,5.771239,183.57626,-1.9989998,23.401926,5.1544156,192.09474
2012-04-08 19:00:00+00:00,26.851,0.0,0.0,14.207387,9.255571,193.49574,-2.699,25.421772,7.8625183,195.94547
2012-04-08 20:00:00+00:00,27.601,0.0,0.0,13.748029,13.854155,204.56715,-2.549,25.85729,11.592895,205.76927
2012-04-08 21:00:00+00:00,27.551,0.0,0.0,14.04571,16.489416,216.11943,-2.299,25.411968,13.608762,217.47626
2012-04-08 22:00:00+00:00,27.151,0.0,0.0,14.115255,14.618837,232.0012,-2.549,24.844261,12.031756,231.07245
2012-04-08 23:00:00+00:00,26.501,0.0,0.0,13.716228,14.4,233.13002,-3.449,23.324833,12.031756,231.07245
2012-04-09 00:00:00+00:00,25.651,0.0,0.0,13.483156,13.896187,233.42688,-4.349,21.378998,11.525623,231.34016
2012-04-09 01:00:00+00:00,24.251,0.0,0.0,14.330058,12.4811535,236.76828,-4.649,20.036236,10.086427,235.17543
2012-04-09 02:00:00+00:00,21.951,0.0,0.0,19.053396,11.298495,239.34941,-2.699,18.361746,7.42159,230.90614
2012-04-09 03:00:00+00:00,19.401,0.0,0.0,26.686638,8.699793,245.55606,-0.24900001,16.383415,5.8603754,227.4896
2012-04-09 04:00:00+00:00,17.401,0.0,0.0,35.44344,4.39436,235.0079,1.951,15.314018,1.9386592,201.80147
2012-04-09 05:00:00+00:00,15.301,0.0,0.0,46.51178,2.8799999,180.0,3.901,13.480625,2.5959969,146.3099
2012-04-09 06:00:00+00:00,14.151,0.0,0.0,46.679935,3.7064266,150.9455,2.901,12.108061,2.8116899,129.80553
2012-04-09 07:00:00+00:00,13.750999,0.0,0.0,47.232536,3.8939953,123.6901,2.701,11.699093,2.6208394,105.945465
2012-04-09 08:00:00+00:00,12.250999,0.0,0.0,51.91192,4.0249224,100.30479,2.651,10.19006,2.6208394,74.054535
2012-04-09 09:00:00+00:00,10.901,0.0,0.0,54.968384,5.0911684,81.86999,2.201,8.718079,2.9024127,60.255207
2012-04-09 10:00:00+00:00,9.801,0.0,0.0,56.673496,5.937272,75.96373,1.6010001,7.39639,3.7064266,60.94549
2012-04-09 11:00:00+00:00,9.151,0.0,0.0,56.50484,5.3999996,90.0,0.95100003,6.708581,3.219938,63.435013
2012-04-09 12:00:00+00:00,8.651,0.0,0.0,56.171215,3.9763298,95.19434,0.40100002,6.1795406,2.8116899,50.194473
2012-04-09 13:00:00+00:00,8.201,0.0,0.0,56.053204,2.8799999,90.0,-0.048999995,5.6593494,2.8116899,39.805527
2012-04-09 14:00:00+00:00,8.151,0.0,0.0,57.272102,2.968636,104.03627,0.201,5.57409,3.319036,40.601215
2012-04-09 15:00:00+00:00,13.000999,0.0,0.0,50.48424,3.319036,102.5288,2.951,10.932001,3.0547013,44.999897
2012-04-09 16:00:00+00:00,19.051,0.0,0.0,26.39563,2.2768397,108.43504,-0.69899994,16.586063,1.609969,153.43501
2012-04-09 17:00:00+00:00,21.651,0.0,0.0,25.062937,4.32,180.0,0.801,19.472195,4.0249224,190.3048
2012-04-09 18:00:00+00:00,23.701,0.0,0.0,22.291758,6.8399997,180.0,0.901,22.382706,5.8048253,187.12492
2012-04-09 19:00:00+00:00,25.301,0.0,0.0,18.707474,7.8625183,164.05453,-0.199,24.439754,6.5693827,170.53775
2012-04-09 20:00:00+00:00,26.651,0.0,0.0,15.477414,11.792404,167.66092,-1.6989999,25.263569,9.779817,173.6599
2012-04-09 21:00:00+00:00,27.051,0.0,0.0,14.624563,17.106628,188.47105,-2.149,24.88046,13.979871,191.88864
2012-04-09 22:00:00+00:00,26.201,0.0,0.0,16.247908,17.10284,220.73201,-1.3989999,23.672113,14.291592,220.91429
2012-04-09 23:00:00+00:00,24.851,0.0,0.0,18.596815,16.870138,230.19447,-0.649,21.671799,13.783817,229.23648
2012-04-10 00:00:00+00:00,23.901,0.0,0.0,19.40057,15.072783,229.84407,-0.84900004,19.958664,12.496718,228.50363
2012-04-10 01:00:00+00:00,22.001,0.0,0.0,21.449905,12.768586,220.426,-1.049,18.18596,10.514218,218.04709
2012-04-10 02:00:00+00:00,19.701,0.0,0.0,27.957508,13.397612,210.69965,0.651,16.219807,10.00256,210.25635
2012-04-10 03:00:00+00:00,17.101,0.0,0.0,38.237423,13.830749,218.65984,2.7510002,14.08515,9.290511,215.53777
2012-04-10 04:00:00+00:00,15.051,0.0,0.0,49.294487,11.246759,230.19447,4.501,12.72682,6.8777895,227.12111
2012-04-10 05:00:00+00:00,13.601,0.0,0.0,58.246014,5.8048253,240.2552,5.5509996,11.944023,3.8268526,221.18582
2012-04-10 06:00:00+00:00,12.151,0.0,0.0,64.933655,1.08,90.0,5.751,10.861391,1.609969,153.43501
2012-04-10 07:00:00+00:00,10.851,0.0,0.0,72.99569,7.5942073,95.44024,6.2009997,9.282611,4.2136917,109.98319
2012-04-10 08:00:00+00:00,10.101,0.0,0.0,74.1315,9.565437,109.798965,5.7009997,8.35268,4.6800003,112.61991
2012-04-10 09:00:00+00:00,9.801,0.0,0.0,71.54692,6.8777895,132.87889,4.901,8.226906,2.3051248,128.65984
2012-04-10 10:00:00+00:00,9.500999,0.0,0.0,69.76048,4.1046314,195.25517,4.251,7.683861,3.0547013,224.9999
2012-04-10 11:00:00+00:00,8.951,0.0,0.0,69.40498,8.669949,228.36655,3.651,6.925173,3.671294,258.6901
2012-04-10 12:00:00+00:00,8.601,0.0,0.0,68.36097,7.42159,255.96373,3.101,6.470133,3.671294,258.6901
2012-04-10 13:00:00+00:00,8.351,0.0,0.0,67.34682,4.3349743,274.76355,2.651,6.366111,2.0991426,239.0363
2012-04-10 14:00:00+00:00,8.101,0.0,0.0,68.4989,5.95906,244.98314,2.651,6.1597185,1.8,233.13002
2012-04-10 15:00:00+00:00,11.301,0.0,0.0,62.522537,7.2,233.13002,4.401,9.287404,4.6102495,218.65984
2012-04-10 16:00:00+00:00,14.451,0.0,0.0,46.435383,3.9763298,185.19434,3.101,12.319971,3.671294,191.30989
2012-04-10 17:00:00+00:00,17.051,0.0,0.0,37.417114,8.089993,159.14546,2.401,14.642773,7.072878,165.2564
2012-04-10 18:00:00+00:00,19.101,0.0,0.0,31.181934,11.874544,165.96373,1.651,17.17124,9.826088,171.57312
2012-04-10 19:00:00+00:00,20.051,0.0,0.0,32.01701,14.830076,174.4279,2.851,18.629818,12.245294,178.31535
2012-04-10 20:00:00+00:00,20.801,0.0,0.0,30.031736,17.643673,181.16911,2.601,19.189995,14.799459,184.18483
2012-04-10 21:00:00+00:00,20.601,0.0,0.0,30.729195,20.364674,188.13002,2.7510002,18.682255,16.454008,190.08054
2012-04-10 22:00:00+00:00,19.751,0.0,0.0,32.27267,17.58481,202.89058,2.701,17.812943,14.512064,203.38524
2012-04-10 23:00:00+00:00,18.551,0.0,0.0,34.901905,17.87718,205.01686,2.7510002,15.814388,14.48972,206.56499
2012-04-11 00:00:00+00:00,16.951,0.0,0.0,39.992634,17.873556,207.5972,3.2510002,13.378733,14.336861,208.49554
2012-04-11 01:00:00+00:00,15.601,0.0,0.0,47.088364,18.35647,205.55992,4.351,12.159048,14.33234,205.27768
2012-04-11 02:00:00+00:00,13.451,0.0,0.0,57.60542,15.596767,198.85326,5.251,10.510706,12.181625,198.9705
2012-04-11 03:00:00+00:00,11.851,0.0,0.0,67.85073,12.605142,178.36346,6.101,9.56192,9.0,180.0
2012-04-11 04:00:00+00:00,11.051,0.0,0.0,74.04391,14.021525,150.80261,6.601,8.850642,9.178235,154.44008
2012-04-11 05:00:00+00:00,10.901,0.0,0.0,76.079796,16.92383,141.91118,6.851,8.490752,11.019764,141.63248
2012-04-11 06:00:00+00:00,10.651,0.0,0.0,77.88729,18.79255,143.56905,6.9509997,8.107489,12.096214,143.47105
2012-04-11 07:00:00+00:00,11.451,0.1,0.1,76.69217,20.12461,132.82524,7.501,8.86843,13.276144,130.60121
2012-04-11 08:00:00+00:00,11.151,0.7,0.7,79.847046,20.188908,129.93633,7.8009996,8.783211,12.313894,127.875046
2012-04-11 09:00:00+00:00,10.801,1.6,1.6,85.41189,21.437386,130.91429,8.451,8.557465,12.599998,126.86999
2012-04-11 10:00:00+00:00,10.301,2.1,2.1,96.065506,22.218153,130.39983,9.701,8.426322,12.387348,125.537766
2012-04-11 11:00:00+00:00,10.401,3.8,3.8,97.03841,24.703976,161.30092,9.951,8.30738,14.372974,157.93205
2012-04-11 12:00:00+00:00,10.500999,3.1,3.1,98.34627,20.730501,200.32323,10.250999,8.8948765,11.620809,196.18927
2012-04-11 13:00:00+00:00,10.651,0.3,0.3,96.720535,19.95972,230.85602,10.151,9.075592,11.212135,227.60262
2012-04-11 14:00:00+00:00,10.451,0.3,0.3,95.10913,18.86139,246.3706,9.701,8.903467,10.144082,242.52565
2012-04-11 15:00:00+00:00,11.301,0.0,0.0,92.01846,15.937878,251.56496,10.051,9.828598,10.30883,245.22488
2012-04-11 16:00:00+00:00,12.651,0.1,0.1,89.98811,16.645864,248.42863,11.051,11.333232,11.269782,243.43501
2012-04-11 17:00:00+00:00,13.351,0.4,0.4,87.691025,15.463246,245.22488,11.351,12.077902,11.592895,244.23071
2012-04-11 18:00:00+00:00,14.951,0.3,0.3,81.714874,14.658676,245.32315,11.851,14.017525,11.269782,243.43501
2012-04-11 19:00:00+00:00,14.051,0.2,0.2,79.987274,13.684735,243.43501,10.651,12.680649,10.805998,240.01845
2012-04-11 20:00:00+00:00,15.801,0.2,0.2,74.12455,14.982228,234.78232,11.201,15.637901,12.096214,233.47105
2012-04-11 21:00:00+00:00,16.001,0.5,0.5,72.69988,20.523157,232.12495,11.101,14.768761,16.135872,231.34016
2012-04-11 22:00:00+00:00,14.451,1.9,1.9,72.66127,23.277834,238.27644,9.601,12.343477,17.782686,238.24055
2012-04-11 23:00:00+00:00,13.851,0.1,0.1,73.04247,21.068459,253.11313,9.101,11.226358,16.394829,250.76923
2012-04-12 00:00:00+00:00,13.651,0.0,0.0,73.00637,20.393293,249.3255,8.901,11.0529,15.844089,248.68202
2012-04-12 01:00:00+00:00,13.551,0.0,0.0,73.73106,19.164717,241.99092,8.951,11.205977,14.20062,239.53453
2012-04-12 02:00:00+00:00,12.851,0.0,0.0,77.17624,16.981165,237.99466,8.951,10.946097,11.183201,236.82147
2012-04-12 03:00:00+00:00,12.000999,0.0,0.0,83.27061,15.1884165,238.57048,9.250999,10.483199,9.085988,236.3099
2012-04-12 04:00:00+00:00,11.151,0.0,0.0,89.57419,14.81259,244.05775,9.500999,10.087899,6.439876,243.43501
2012-04-12 05:00:00+00:00,10.301,0.0,0.0,94.78469,12.0694,252.64589,9.500999,9.328892,5.815978,248.19853
2012-04-12 06:00:00+00:00,10.250999,0.0,0.0,96.06398,11.901798,266.53183,9.651,9.484292,4.6938252,265.60138
2012-04-12 07:00:00+00:00,10.101,0.2,0.2,95.41612,11.659777,278.88058,9.401,9.146325,5.506941,281.3099
2012-04-12 08:00:00+00:00,10.000999,0.0,0.0,95.41259,10.163227,292.93213,9.301,9.164127,4.510787,298.61035
2012-04-12 09:00:00+00:00,9.951,0.0,0.0,94.1342,7.9932966,305.83774,9.051,9.136117,3.8939953,303.6901
2012-04-12 10:00:00+00:00,9.901,0.0,0.0,93.18406,10.383987,303.6901,8.851,8.653889,6.489992,303.6901
2012-04-12 11:00:00+00:00,9.701,0.0,0.0,93.17363,7.69592,280.78424,8.651,8.760363,4.0249224,259.69522
2012-04-12 12:00:00+00:00,9.301,0.0,0.0,93.78648,5.8048253,262.8751,8.351,8.423497,3.0547013,224.9999
2012-04-12 13:00:00+00:00,8.301,0.0,0.0,96.00384,1.484318,284.03625,7.7009997,7.487461,1.484318,75.96373
2012-04-12 14:00:00+00:00,8.051,0.0,0.0,95.017426,5.0528407,85.91447,7.3009996,6.820139,3.671294,78.6901
2012-04-12 15:00:00+00:00,10.201,0.0,0.0,85.05774,6.0347,107.35411,7.8009996,8.914916,4.896529,107.10281
2012-04-12 16:00:00+00:00,12.051,0.0,0.0,70.99388,5.315336,208.30066,6.9509997,10.6371155,4.3498964,204.44394
2012-04-12 17:00:00+00:00,13.701,0.0,0.0,61.579815,10.787993,244.2901,6.4509997,11.55959,8.534353,242.35411
2012-04-12 18:00:00+00:00,14.801,0.0,0.0,56.17575,12.57426,246.3706,6.151,12.539516,10.30883,245.22488
2012-04-12 19:00:00+00:00,15.801,0.0,0.0,52.865475,14.84318,247.1663,6.2009997,13.837553,11.91812,244.98314
2012-04-12 20:00:00+00:00,15.951,0.0,0.0,51.822067,17.388409,242.90453,6.0509996,12.980972,13.849477,242.10283
2012-04-12 21:00:00+00:00,15.701,0.0,0.0,54.31542,19.826164,240.64233,6.501,12.483471,15.990646,238.81508
2012-04-12 22:00:00+00:00,15.651,0.0,0.0,56.007164,18.723461,232.02834,6.901,12.694525,14.84318,230.90614
2012-04-12 23:00:00+00:00,15.250999,0.0,0.0,58.6548,20.018072,232.3057,7.2009997,12.251646,15.629971,231.54626
2012-04-13 00:00:00+00:00,14.451,0.0,0.0,63.250538,19.171478,235.71307,7.5509996,11.631657,14.982228,234.78232
2012-04-13 01:00:00+00:00,13.551,0.0,0.0,67.97137,15.876775,237.0306,7.751,11.189825,12.181624,235.84026
2012-04-13 02:00:00+00:00,12.851,0.0,0.0,73.606926,12.496718,228.50363,8.251,11.167472,8.404285,226.73567
2012-04-13 03:00:00+00:00,12.151,0.0,0.0,80.80265,9.673221,224.9999,8.951,11.244857,4.3349743,221.63345
2012-04-13 04:00:00+00:00,11.801,0.0,0.0,84.945015,6.9153743,231.34016,9.351,11.041667,4.072935,224.9999
2012-04-13 05:00:00+00:00,11.351,0.1,0.1,88.692566,4.510787,241.38963,9.551,10.81765,2.9024127,240.2552
2012-04-13 06:00:00+00:00,11.000999,0.2,0.2,90.16657,3.4152596,251.56496,9.451,10.580495,1.9386592,248.19853
2012-04-13 07:00:00+00:00,11.201,0.0,0.0,87.49482,0.5091169,224.9999,9.201,10.778181,1.484318,75.96373
2012-04-13 08:00:00+00:00,10.951,0.0,0.0,89.5586,3.2599385,96.340096,9.301,10.339029,2.968636,75.96373
2012-04-13 09:00:00+00:00,10.551,0.0,0.0,91.66412,5.4477882,97.59455,9.250999,9.657848,4.802999,77.00539
2012-04-13 10:00:00+00:00,10.101,0.0,0.0,93.19448,6.193674,125.537766,9.051,8.984964,5.95906,115.01687
2012-04-13 11:00:00+00:00,10.000999,0.0,0.0,93.8198,9.693296,158.19853,9.051,9.069476,4.6938257,147.52882
2012-04-13 12:00:00+00:00,10.451,0.0,0.0,90.43046,10.144082,152.52565,8.951,9.396628,5.3517847,132.27362
2012-04-13 13:00:00+00:00,10.451,0.0,0.0,88.31746,9.793059,143.97253,8.601,9.354839,5.00128,120.256355
2012-04-13 14:00:00+00:00,10.351,0.3,0.3,89.20957,14.565548,129.98683,8.651,8.870122,7.729527,117.75845
2012-04-13 15:00:00+00:00,10.851,0.5,0.5,86.580696,16.595179,130.60121,8.701,8.935537,10.799999,126.86998
2012-04-13 16:00:00+00:00,11.351,0.9,0.9,88.09886,22.89611,143.31018,9.451,8.808498,16.489416,143.88057
2012-04-13 17:00:00+00:00,11.750999,1.5,1.5,88.72609,28.412645,157.6593,9.951,8.828444,20.056877,158.96242
2012-04-13 18:00:00+00:00,12.301,2.6,2.6,89.962,32.559605,161.96562,10.701,9.317376,21.9718,161.86183
2012-04-13 19:00:00+00:00,11.601,2.7,2.7,90.210625,37.022285,166.50426,10.051,8.117592,24.098497,166.17133
2012-04-13 20:00:00+00:00,11.801,5.1,5.1,91.13289,38.894997,178.40889,10.401,8.357013,24.522316,176.6336
2012-04-13 21:00:00+00:00,11.451,6.3,6.3,90.80533,32.726357,230.35587,10.000999,8.458637,20.633371,227.1211
2012-04-13 22:00:00+00:00,10.351,2.0,2.0,88.60813,25.153671,260.9422,8.551,7.7160187,15.463244,257.90524
2012-04-13 23:00:00+00:00,9.951,0.6,0.6,87.67618,21.96,259.6112,8.001,7.3280563,14.408997,257.00537
2012-04-14 00:00:00+00:00,9.750999,0.9,0.9,84.429405,26.368616,255.774,7.251,6.2669706,19.0392,254.64981
2012-04-14 01:00:00+00:00,10.151,0.1,0.1,81.918564,26.987997,260.78903,7.2009997,6.7029524,18.709612,258.9063
2012-04-14 02:00:00+00:00,9.750999,0.0,0.0,84.14118,27.038372,266.94717,7.2009997,6.7587166,15.5843,263.36758
2012-04-14 03:00:00+00:00,8.951,0.0,0.0,87.88465,24.482647,269.1575,7.0509996,6.302413,12.979984,266.82022
2012-04-14 04:00:00+00:00,8.251,0.0,0.0,90.580475,24.482647,269.1575,6.8009996,5.595398,12.620554,266.72958
2012-04-14 05:00:00+00:00,7.5509996,0.0,0.0,92.74034,25.570139,271.6135,6.4509997,4.7109804,13.324863,268.45187
2012-04-14 06:00:00+00:00,7.4509997,0.0,0.0,91.465126,23.893261,276.0541,6.151,4.6882696,12.324414,276.70975
2012-04-14 07:00:00+00:00,7.3009996,0.0,0.0,89.26801,21.746504,276.65433,5.651,4.5147066,11.720751,280.6196
2012-04-14 08:00:00+00:00,7.2009997,0.0,0.0,89.259895,20.991426,275.90604,5.5509996,4.4958706,11.013882,281.3099
2012-04-14 09:00:00+00:00,6.901,0.0,0.0,89.54596,21.38897,276.76608,5.3009996,4.153702,10.931203,287.24155
2012-04-14 10:00:00+00:00,6.751,0.0,0.0,89.534035,19.296133,284.03625,5.151,4.227206,9.178235,295.5599
2012-04-14 11:00:00+00:00,6.601,0.0,0.0,89.5221,17.076298,288.43503,5.001,4.320813,7.289445,302.90524
2012-04-14 12:00:00+00:00,6.0509996,0.0,0.0,90.42116,14.039999,292.6199,4.601,4.0440283,4.8433046,311.98712
2012-04-14 13:00:00+00:00,5.601,0.0,0.0,91.34301,8.78872,304.9921,4.301,3.606854,4.3349743,311.63345
2012-04-14 14:00:00+00:00,5.401,0.0,0.0,92.29488,6.9153743,308.65982,4.251,3.5448809,3.319036,319.39877
2012-04-14 15:00:00+00:00,8.051,0.0,0.0,87.50049,5.904439,322.43134,6.101,6.579048,3.396233,327.99466
2012-04-14 16:00:00+00:00,9.801,0.0,0.0,75.89718,9.693296,301.32864,5.751,7.6651716,7.4128532,299.0545
2012-04-14 17:00:00+00:00,11.851,0.0,0.0,61.568424,12.641076,289.9832,4.7009997,9.417509,10.24578,288.43503
2012-04-14 18:00:00+00:00,13.500999,0.0,0.0,50.088696,15.141414,288.00424,3.301,10.9942255,12.313893,285.25516
2012-04-14 19:00:00+00:00,14.451,0.0,0.0,43.407555,15.192682,283.70697,2.151,11.481901,12.496719,281.6336
2012-04-14 20:00:00+00:00,15.500999,0.0,0.0,40.14014,15.876775,266.09958,2.001,12.496962,12.7279215,261.87
2012-04-14 21:00:00+00:00,16.501,0.0,0.0,38.198498,19.211996,257.00537,2.201,13.6378765,15.281989,254.98158
2012-04-14 22:00:00+00:00,16.901,0.0,0.0,40.546543,14.84318,247.1663,3.401,14.975943,12.245293,245.69547
2012-04-14 23:00:00+00:00,16.101,0.0,0.0,49.928032,18.709612,239.98172,5.651,13.665482,14.88242,237.84773
2012-04-15 00:00:00+00:00,15.451,0.0,0.0,56.1485,17.906157,239.82657,6.751,12.552864,14.20062,239.53453
2012-04-15 01:00:00+00:00,14.151,0.0,0.0,62.75129,17.57744,235.0079,7.151,11.496602,13.18308,235.0079
2012-04-15 02:00:00+00:00,13.000999,0.0,0.0,72.15026,12.88981,234.09018,8.101,11.650031,5.8603754,227.4896
2012-04-15 03:00:00+00:00,11.750999,0.0,0.0,80.20339,3.219938,243.43501,8.451,11.122196,1.5273507,135.0001
2012-04-15 04:00:00+00:00,10.551,0.0,0.0,85.96637,7.9932976,82.234924,8.301,9.405652,4.802999,77.00539
2012-04-15 05:00:00+00:00,9.601,0.0,0.0,87.64409,13.722565,94.5139,7.651,8.092932,6.162207,83.29026
2012-04-15 06:00:00+00:00,8.901,0.0,0.0,87.57954,14.84318,104.03627,6.9509997,7.279826,5.771239,86.423744
2012-04-15 07:00:00+00:00,8.001,0.0,0.0,85.70014,12.522619,108.43504,5.751,6.106104,5.7599998,90.0
2012-04-15 08:00:00+00:00,7.3009996,0.0,0.0,87.1271,9.983106,115.64096,5.3009996,5.358637,5.4119864,93.814
2012-04-15 09:00:00+00:00,6.601,0.0,0.0,87.97581,8.39657,120.96369,4.751,4.594599,5.0528407,85.91447
2012-04-15 10:00:00+00:00,5.9509997,0.0,0.0,88.22546,10.594036,99.78234,4.151,3.7592468,5.4833565,66.801384
2012-04-15 11:00:00+00:00,5.501,0.0,0.0,88.185265,12.57426,113.62939,3.701,3.3293905,4.73506,81.25392
2012-04-15 12:00:00+00:00,5.151,0.0,0.0,87.84334,14.081477,122.471176,3.301,2.8036485,5.4119864,93.814
2012-04-15 13:00:00+00:00,4.8009996,0.0,0.0,88.12234,12.413477,119.53869,3.0010002,2.4494882,5.0528407,85.91447
2012-04-15 14:00:00+00:00,5.0509996,0.0,0.0,88.14487,10.464797,116.56499,3.2510002,2.8008928,4.6800003,67.3801
2012-04-15 15:00:00+00:00,9.651,0.0,0.0,75.60966,10.00256,120.256355,5.5509996,7.787842,5.2416787,105.945465
2012-04-15 16:00:00+00:00,13.301,0.0,0.0,51.4664,8.287822,145.6196,3.5010002,10.817722,6.6087217,150.64235
2012-04-15 17:00:00+00:00,15.201,0.0,0.0,49.163883,6.924738,171.02745,4.601,13.442148,6.162207,173.29025
2012-04-15 18:00:00+00:00,16.651,0.0,0.0,49.051548,7.42159,194.03627,5.901,16.228407,6.28713,193.24052
2012-04-15 19:00:00+00:00,17.451,0.0,0.0,53.300907,8.39657,210.96368,7.851,18.010632,7.4128532,209.0545
2012-04-15 20:00:00+00:00,18.501,0.0,0.0,53.57547,10.195057,222.13753,8.901,19.392508,8.942214,220.10085
2012-04-15 21:00:00+00:00,19.101,0.0,0.0,55.377285,13.044722,230.59937,9.951,19.854715,10.97262,228.99101
2012-04-15 22:00:00+00:00,19.251,0.0,0.0,57.869865,12.496718,228.50363,10.750999,19.905605,10.44,226.39711
2012-04-15 23:00:00+00:00,18.801,0.0,0.0,61.321976,13.104198,232.81522,11.201,18.708176,11.019764,231.63248
2012-04-16 00:00:00+00:00,18.051,0.0,0.0,63.8478,13.089354,238.49579,11.101,16.929726,10.685391,237.38077
2012-04-16 01:00:00+00:00,16.801,0.0,0.0,66.8333,12.397806,244.17906,10.601,15.511742,10.144082,242.52565
2012-04-16 02:00:00+00:00,15.351,0.0,0.0,73.31107,10.931203,252.75845,10.601,14.5762615,6.6185193,247.61981
2012-04-16 03:00:00+00:00,13.851,0.0,0.0,80.49386,9.007196,272.29056,10.551,13.275301,5.1544156,257.90524
2012-04-16 04:00:00+00:00,12.551,0.0,0.0,88.79269,4.6800003,292.6199,10.750999,12.467123,2.1897945,260.53775
2012-04-16 05:00:00+00:00,11.351,0.0,0.0,92.32949,0.71999997,270.0,10.151,11.25318,1.08,180.0
2012-04-16 06:00:00+00:00,10.500999,0.0,0.0,94.15891,2.0364676,135.0001,9.601,10.142351,1.8,143.13002
2012-04-16 07:00:00+00:00,10.651,0.0,0.0,93.22299,3.6,126.86999,9.601,10.218687,2.3051248,128.65984
2012-04-16 08:00:00+00:00,9.851,0.0,0.0,94.44766,4.198285,120.96369,9.000999,9.271172,2.1897945,99.46225
2012-04-16 09:00:00+00:00,9.250999,0.0,0.0,94.42194,3.8773184,111.801476,8.401,8.512585,2.1897945,80.53775
2012-04-16 10:00:00+00:00,8.651,0.0,0.0,94.39602,3.96,90.0,7.8009996,7.81122,1.835647,101.3099
2012-04-16 11:00:00+00:00,8.201,0.0,0.0,94.05454,3.7064266,119.05451,7.3009996,7.2430515,1.8,143.13002
2012-04-16 12:00:00+00:00,7.901,0.0,0.0,92.759865,3.396233,122.00535,6.8009996,6.8965683,1.2979984,123.690094
2012-04-16 13:00:00+00:00,7.601,0.0,0.0,91.474915,2.6208394,105.945465,6.3009996,6.503721,1.1384199,71.564964
2012-04-16 14:00:00+00:00,7.9509997,0.0,0.0,89.32063,2.6208394,74.054535,6.3009996,6.6097393,2.8116899,39.805527
2012-04-16 15:00:00+00:00,12.301,0.0,0.0,75.793335,3.319036,49.398785,8.151,11.365873,3.096837,35.537766
2012-04-16 16:00:00+00:00,16.951,0.0,0.0,54.640217,2.5455842,44.999897,7.751,16.14295,1.5273507,44.999897
2012-04-16 17:00:00+00:00,19.701,0.0,0.0,43.241825,0.8049845,26.564985,6.851,19.351288,0.0,270.0
2012-04-16 18:00:00+00:00,21.701,0.0,0.0,40.795166,2.0364676,224.9999,7.8009996,22.406841,2.3051248,218.65984
2012-04-16 19:00:00+00:00,23.051,0.0,0.0,37.580063,5.904439,232.43134,7.8009996,23.987991,5.3517847,227.72638
2012-04-16 20:00:00+00:00,23.901,0.0,0.0,38.595917,10.086427,235.17543,8.951,24.838636,8.78872,235.0079
2012-04-16 21:00:00+00:00,24.201,0.0,0.0,40.40596,13.363711,242.74475,9.901,24.910913,11.119281,240.94548
2012-04-16 22:00:00+00:00,24.051,0.0,0.0,42.722126,13.527572,244.7989,10.601,24.504845,11.269782,243.43501
2012-04-16 23:00:00+00:00,23.601,0.0,0.0,44.6303,14.934577,254.62369,10.851,23.232336,12.0694,252.64589
2012-04-17 00:00:00+00:00,22.851,0.0,0.0,46.54428,14.154915,262.69434,10.801,21.562794,11.304229,260.83774
2012-04-17 01:00:00+00:00,21.851,0.0,0.0,50.793713,12.620554,273.27042,11.201,20.854544,9.36,270.0
2012-04-17 02:00:00+00:00,20.101,0.0,0.0,59.63048,12.758432,286.38962,12.000999,19.774628,6.489992,273.17978
2012-04-17 03:00:00+00:00,18.201,0.0,0.0,70.74488,11.609651,299.74478,12.801,18.050417,7.0911775,293.9625
2012-04-17 04:00:00+00:00,16.251,0.0,0.0,77.19408,7.6367526,315.0001,12.250999,16.469318,3.319036,310.60123
2012-04-17 05:00:00+00:00,14.801,0.0,0.0,82.236404,4.379589,350.53775,11.801,15.124346,1.609969,26.564985
2012-04-17 06:00:00+00:00,13.351,0.0,0.0,87.691025,3.7064266,60.94549,11.351,13.284506,3.319036,77.4712
2012-04-17 07:00:00+00:00,12.851,0.0,0.0,87.6458,5.506941,101.3099,10.851,12.486355,4.32,90.0
2012-04-17 08:00:00+00:00,12.301,0.0,0.0,88.18213,5.8048253,119.74479,10.401,11.949121,3.319036,102.5288
2012-04-17 09:00:00+00:00,11.750999,0.0,0.0,88.134026,5.1919937,123.690094,9.851,11.357529,2.52,90.0
2012-04-17 10:00:00+00:00,11.000999,0.0,0.0,89.261826,3.671294,101.3099,9.301,10.286556,3.671294,78.6901
2012-04-17 11:00:00+00:00,10.451,0.0,0.0,89.51948,5.0142193,111.03758,8.801,9.394581,5.0911684,81.86999
2012-04-17 12:00:00+00:00,10.151,0.0,0.0,88.891846,9.6932955,105.06854,8.401,8.967552,5.2416787,74.054535
2012-04-17 13:00:00+00:00,9.901,0.0,0.0,88.26953,10.182337,98.13002,8.051,8.6876955,4.829907,63.435013
2012-04-17 14:00:00+00:00,10.250999,0.0,0.0,87.40669,7.5599995,90.0,8.251,9.050743,5.0911684,44.999897
2012-04-17 15:00:00+00:00,15.000999,0.0,0.0,79.0671,5.0911684,81.86999,11.401,14.913975,3.563818,44.999897
2012-04-17 16:00:00+00:00,20.501,0.0,0.0,50.60327,1.2979984,56.309914,9.901,20.434538,0.35999998,90.0
2012-04-17 17:00:00+00:00,22.851,0.0,0.0,41.96051,2.8116899,230.19447,9.250999,22.741049,2.8116899,230.19447
2012-04-17 18:00:00+00:00,24.401,0.0,0.0,39.79106,5.991594,237.26477,9.851,25.143906,5.3999996,233.13002
2012-04-17 19:00:00+00:00,25.451,0.0,0.0,38.774498,9.290511,234.46223,10.401,26.568972,8.209263,232.12495
2012-04-17 20:00:00+00:00,26.251,0.0,0.0,38.87049,12.979984,236.3099,11.151,27.395279,11.090103,234.24602
2012-04-17 21:00:00+00:00,26.501,0.0,0.0,40.38071,15.990646,238.81508,11.951,27.489454,12.979984,236.3099
2012-04-17 22:00:00+00:00,26.151,0.0,0.0,42.46197,14.081477,237.52882,12.401,27.090801,11.681987,236.3099
2012-04-17 23:00:00+00:00,25.451,0.0,0.0,44.260654,15.94601,241.69934,12.401,25.435623,12.904882,239.85869
2012-04-18 00:00:00+00:00,24.651,0.0,0.0,45.96695,15.379206,249.44386,12.250999,23.690638,12.10157,247.249
2012-04-18 01:00:00+00:00,23.201,0.0,0.0,48.84934,11.27553,253.30067,11.851,22.474886,8.891344,248.6293
2012-04-18 02:00:00+00:00,21.651,0.0,0.0,55.47089,7.628263,250.70985,12.351,21.751497,4.3349743,228.36655
2012-04-18 03:00:00+00:00,19.601,0.0,0.0,66.32389,3.7585104,253.30067,13.151,20.054579,3.7585104,196.69933
2012-04-18 04:00:00+00:00,17.501,0.0,0.0,76.38544,0.5091169,224.9999,13.301,18.272524,1.9386592,158.19853
2012-04-18 05:00:00+00:00,16.051,0.0,0.0,81.85567,1.8,143.13002,12.951,16.688938,2.0364676,135.0001
2012-04-18 06:00:00+00:00,14.951,0.0,0.0,86.40904,3.096837,125.537766,12.701,15.470058,2.2768397,108.43504
2012-04-18 07:00:00+00:00,14.651,0.0,0.0,88.384445,6.6185193,112.38018,12.750999,15.034868,3.319036,102.5288
2012-04-18 08:00:00+00:00,14.101,0.0,0.0,89.80019,6.439876,116.56499,12.451,14.385328,3.319036,102.5288
2012-04-18 09:00:00+00:00,13.451,0.0,0.0,90.94188,5.4833565,113.19862,12.000999,13.653185,2.8799999,90.0
2012-04-18 10:00:00+00:00,12.801,0.0,0.0,91.50127,6.297428,120.963684,11.451,12.801029,3.0758414,110.55613
2012-04-18 11:00:00+00:00,12.250999,0.0,0.0,92.075485,7.2,126.86999,11.000999,12.161793,2.7416782,113.19862
2012-04-18 12:00:00+00:00,11.750999,0.0,0.0,92.045555,7.8954163,133.1524,10.500999,11.5126705,2.7416782,113.19862
2012-04-18 13:00:00+00:00,11.301,0.0,0.0,91.71123,9.885262,123.11135,10.000999,10.687675,4.32,90.0
2012-04-18 14:00:00+00:00,11.701,0.0,0.0,89.91698,10.630672,118.30067,10.101,10.904648,5.771239,93.57626
2012-04-18 15:00:00+00:00,15.951,0.0,0.0,81.30907,8.217153,118.8107,12.750999,16.160734,4.510787,118.61037
2012-04-18 16:00:00+00:00,19.551,0.0,0.0,61.69868,5.815978,158.19853,12.000999,19.41965,5.1544156,167.90526
2012-04-18 17:00:00+00:00,21.451,0.0,0.0,55.96975,5.8048253,187.12492,12.301,21.716091,5.5887027,194.93147
2012-04-18 18:00:00+00:00,23.001,0.0,0.0,51.772655,7.42159,194.03627,12.551,24.22429,6.830519,198.43504
2012-04-18 19:00:00+00:00,23.351,0.0,0.0,53.06313,9.746631,184.23631,13.250999,24.956005,8.350138,187.43132
2012-04-18 20:00:00+00:00,24.151,0.0,0.0,51.399296,11.367109,190.95403,13.500999,25.975876,9.605998,192.99461
2012-04-18 21:00:00+00:00,24.751,0.0,0.0,49.74738,12.904882,210.1413,13.551,26.466131,11.119281,209.0545
2012-04-18 22:00:00+00:00,24.751,0.0,0.0,49.909447,14.291592,220.91429,13.601,25.977766,11.988594,221.34767
2012-04-18 23:00:00+00:00,24.151,0.0,0.0,51.566803,13.746156,224.9999,13.551,24.629223,11.457958,223.72705
2012-04-19 00:00:00+00:00,23.301,0.0,0.0,53.921734,10.97262,221.00899,13.451,23.100716,9.220499,218.65984
2012-04-19 01:00:00+00:00,21.601,0.0,0.0,57.306694,9.220499,218.65984,12.801,21.317207,7.9932966,215.83774
2012-04-19 02:00:00+00:00,19.851,0.0,0.0,63.409863,8.699793,204.44394,12.701,19.8032,6.151683,200.55612
2012-04-19 03:00:00+00:00,18.101,0.0,0.0,71.42377,7.2,180.0,12.851,18.212162,5.4119864,176.186
2012-04-19 04:00:00+00:00,16.901,0.0,0.0,78.56749,5.4833565,156.80138,13.151,17.452198,3.096837,144.46223
2012-04-19 05:00:00+00:00,15.750999,0.0,0.0,85.64658,6.3690495,132.70937,13.351,16.298155,3.6,126.86999
2012-04-19 06:00:00+00:00,14.750999,0.0,0.0,90.43735,9.085988,123.6901,13.201,15.184652,4.0249224,116.56499
2012-04-19 07:00:00+00:00,14.201,0.0,0.0,90.99231,9.021574,118.61037,12.750999,14.482023,4.0249224,100.30479
2012-04-19 08:00:00+00:00,14.051,0.0,0.0,88.91599,7.491114,125.21768,12.250999,14.320953,2.968636,104.03627
2012-04-19 09:00:00+00:00,13.601,0.0,0.0,88.294685,6.193674,144.46223,11.701,13.830753,2.0364676,135.0001
2012-04-19 10:00:00+00:00,12.951,0.0,0.0,88.53174,4.379589,189.46225,11.101,13.075445,1.484318,194.03627
2012-04-19 11:00:00+00:00,12.201,0.0,0.0,88.76362,7.2,180.0,10.401,11.909887,2.9024127,172.87508
2012-04-19 12:00:00+00:00,11.500999,0.0,0.0,89.301765,6.763786,154.7989,9.801,11.124751,2.3051248,141.34016
2012-04-19 13:00:00+00:00,10.801,0.0,0.0,90.1518,6.989936,145.49142,9.250999,10.237053,2.5455842,135.0001
2012-04-19 14:00:00+00:00,11.250999,0.0,0.0,88.09005,6.297428,149.03632,9.351,10.560661,3.6,143.13002
2012-04-19 15:00:00+00:00,15.301,0.0,0.0,73.30218,3.8773184,158.19853,10.551,14.992685,3.319036,167.4712
2012-04-19 16:00:00+00:00,18.851,0.0,0.0,54.028793,5.0142193,201.03758,9.351,17.979824,4.829907,206.56499
2012-04-19 17:00:00+00:00,21.451,0.0,0.0,46.314392,6.696387,216.25392,9.451,20.783537,6.489992,213.6901
2012-04-19 18:00:00+00:00,23.651,0.0,0.0,41.76397,7.8954163,226.8476,9.901,24.049639,7.145796,220.91429
2012-04-19 19:00:00+00:00,24.551,0.0,0.0,42.437054,8.404285,226.73567,10.951,25.645777,7.653705,221.18582
2012-04-19 20:00:00+00:00,25.901,0.0,0.0,41.29001,11.480557,221.18582,11.750999,27.376434,10.009036,217.6943
2012-04-19 21:00:00+00:00,26.251,0.0,0.0,43.050392,14.529915,221.98714,12.701,27.566433,12.261157,220.23628
2012-04-19 22:00:00+00:00,25.601,0.0,0.0,47.2922,11.435313,208.1785,13.551,27.21045,9.826088,208.44283
2012-04-19 23:00:00+00:00,24.751,0.0,0.0,51.05697,10.009036,217.6943,13.951,25.896616,8.714677,218.2902
2012-04-20 00:00:00+00:00,23.951,0.0,0.0,54.614895,9.793059,216.02747,14.250999,24.196152,8.287822,214.3804
2012-04-20 01:00:00+00:00,23.201,0.0,0.0,58.63579,10.829958,201.4478,14.651,23.44063,8.891344,201.37068
2012-04-20 02:00:00+00:00,21.551,0.0,0.0,65.87697,10.739833,193.57045,14.901,21.997938,8.12197,192.80426
2012-04-20 03:00:00+00:00,19.551,0.0,0.0,74.762215,8.12197,192.80426,14.951,20.450851,5.1544156,192.09474
2012-04-20 04:00:00+00:00,18.351,0.0,0.0,82.4091,5.4119864,183.814,15.301,19.50523,4.3349743,184.76355
2012-04-20 05:00:00+00:00,17.351,0.0,0.0,84.98519,3.9763298,174.80566,14.801,18.471441,3.2599385,173.6599
2012-04-20 06:00:00+00:00,16.401,0.0,0.0,86.27062,3.2599385,173.6599,14.101,17.263304,3.2599385,173.6599
2012-04-20 07:00:00+00:00,15.401,0.0,0.0,87.303154,2.5455842,171.86998,13.301,16.193436,1.8,180.0
2012-04-20 08:00:00+00:00,14.301,0.0,0.0,90.405426,1.835647,168.69011,12.750999,15.011471,1.08,180.0
2012-04-20 09:00:00+00:00,13.601,0.0,0.0,91.25157,1.835647,168.69011,12.201,14.182705,0.71999997,180.0
2012-04-20 10:00:00+00:00,13.151,0.0,0.0,90.62193,2.2768397,71.564964,11.651,13.544666,0.8049845,63.435013
2012-04-20 11:00:00+00:00,12.851,0.0,0.0,89.408516,2.2768397,161.56496,11.151,13.132919,0.5091169,135.0001
2012-04-20 12:00:00+00:00,12.601,0.0,0.0,87.915245,3.671294,168.69011,10.651,12.583982,1.5273507,135.0001
2012-04-20 13:00:00+00:00,12.401,0.0,0.0,86.44328,4.0249224,169.6952,10.201,12.285744,1.2979984,123.690094
2012-04-20 14:00:00+00:00,13.101,0.0,0.0,83.124275,2.5959969,146.3099,10.301,12.941425,1.8,90.0
2012-04-20 15:00:00+00:00,17.551,0.0,0.0,73.45749,2.16,90.0,12.750999,18.150328,1.835647,78.6901
2012-04-20 16:00:00+00:00,23.201,0.0,0.0,50.48329,1.08,90.0,12.351,23.74349,1.2979984,146.3099
2012-04-20 17:00:00+00:00,26.351,0.0,0.0,39.027603,1.609969,206.56499,11.301,26.962679,1.9386592,201.80147
2012-04-20 18:00:00+00:00,28.501,0.0,0.0,36.51615,4.072935,224.9999,12.201,30.173481,4.072935,224.9999
2012-04-20 19:00:00+00:00,29.501,0.0,0.0,36.555862,6.8777895,227.12111,13.101,31.7527,6.618519,224.9999
2012-04-20 20:00:00+00:00,30.601,0.0,0.0,35.33908,10.739832,230.44037,13.551,32.823265,9.449572,229.63554
2012-04-20 21:00:00+00:00,31.001,0.0,0.0,34.42857,13.779114,236.7251,13.500999,32.74767,11.592894,233.84172
2012-04-20 22:00:00+00:00,30.801,0.0,0.0,34.59787,11.592894,233.84172,13.401,32.41795,9.726664,231.009
2012-04-20 23:00:00+00:00,30.351,0.0,0.0,34.812454,12.287555,238.17259,13.101,31.01963,10.086427,235.17543
2012-04-21 00:00:00+00:00,29.551,0.0,0.0,35.393436,12.682018,235.40765,12.651,28.964264,10.514218,231.95291
2012-04-21 01:00:00+00:00,28.051,0.0,0.0,38.989758,11.966954,223.7812,12.801,27.51576,9.686609,221.98714
2012-04-21 02:00:00+00:00,25.501,0.0,0.0,48.51043,9.085988,213.6901,13.851,25.804543,6.439876,206.56499
2012-04-21 03:00:00+00:00,22.801,0.0,0.0,58.16232,5.506941,191.30989,14.151,23.46904,4.6938252,184.39862
2012-04-21 04:00:00+00:00,20.601,0.0,0.0,68.05612,4.6800003,157.3801,14.500999,21.566141,3.5455887,156.0375
2012-04-21 05:00:00+00:00,19.101,0.0,0.0,75.170586,5.8048253,150.2552,14.601,20.05327,3.8939953,146.3099
2012-04-21 06:00:00+00:00,18.701,0.0,0.0,77.32045,5.634891,153.43501,14.651,19.744705,3.396233,147.99466
2012-04-21 07:00:00+00:00,17.951,0.0,0.0,77.20517,5.0142193,158.96242,13.901,18.675615,3.7064266,150.9455
2012-04-21 08:00:00+00:00,17.451,0.0,0.0,77.88467,3.6,180.0,13.551,18.22483,2.52,180.0
2012-04-21 09:00:00+00:00,17.001,0.0,0.0,78.326294,3.319036,220.60121,13.201,17.684786,2.3051248,218.65984
2012-04-21 10:00:00+00:00,16.751,0.0,0.0,77.524864,5.315336,118.30067,12.801,17.298918,2.3051248,141.34016
2012-04-21 11:00:00+00:00,16.501,0.0,0.0,76.476204,5.315336,151.69934,12.351,16.88373,2.4149535,153.43501
2012-04-21 12:00:00+00:00,16.201,0.0,0.0,75.67693,5.0142193,158.96242,11.901,16.438402,2.4149535,153.43501
2012-04-21 13:00:00+00:00,15.651,0.0,0.0,75.83696,3.8773184,158.19853,11.401,15.867083,1.484318,165.96373
2012-04-21 14:00:00+00:00,15.301,0.0,0.0,77.55751,2.8116899,140.19447,11.401,15.585138,1.0182338,135.0001
2012-04-21 15:00:00+00:00,19.101,0.0,0.0,71.60891,2.8116899,140.19447,13.851,20.011583,2.3051248,141.34016
2012-04-21 16:00:00+00:00,23.601,0.0,0.0,47.99974,3.2599385,186.3401,11.951,23.667776,3.671294,191.30989
2012-04-21 17:00:00+00:00,25.701,0.0,0.0,43.751953,5.4833565,203.19862,12.451,26.186325,5.154415,204.77512
2012-04-21 18:00:00+00:00,27.151,0.0,0.0,41.637913,8.287822,214.3804,13.000999,28.522476,7.289445,212.90524
2012-04-21 19:00:00+00:00,28.101,0.0,0.0,38.62263,10.739832,219.55963,12.701,29.656502,9.504272,217.30403
2012-04-21 20:00:00+00:00,28.701,0.0,0.0,38.916542,12.475961,223.83095,13.351,30.636951,10.703569,222.27362
2012-04-21 21:00:00+00:00,28.801,0.0,0.0,39.071342,13.783817,229.23648,13.500999,30.396717,11.720751,227.4896
2012-04-21 22:00:00+00:00,28.801,0.0,0.0,37.94162,13.276144,229.39879,13.051,30.056473,11.212135,227.60262
2012-04-21 23:00:00+00:00,28.151,0.0,0.0,38.38436,14.529915,228.01286,12.651,28.362427,12.218805,224.9999
2012-04-22 00:00:00+00:00,26.751,0.0,0.0,40.985558,14.565548,219.98683,12.401,25.87642,12.031756,218.92755
2012-04-22 01:00:00+00:00,24.101,0.0,0.0,46.577957,13.527572,205.2011,11.951,23.08215,11.113451,204.90474
2012-04-22 02:00:00+00:00,21.301,0.0,0.0,55.748547,12.074766,190.3048,12.101,20.551775,9.605998,192.99461
2012-04-22 03:00:00+00:00,18.751,0.0,0.0,65.49572,9.422101,186.58185,12.151,18.349207,7.342588,191.30989
2012-04-22 04:00:00+00:00,17.151,0.0,0.0,72.42878,7.2,180.0,12.151,17.026133,5.4477882,187.59456
2012-04-22 05:00:00+00:00,16.001,0.0,0.0,78.95172,5.506941,168.69011,12.351,16.051544,4.6938252,184.39862
2012-04-22 06:00:00+00:00,15.250999,0.0,0.0,82.83519,3.7585104,163.30067,12.351,15.510855,3.2599385,186.3401
2012-04-22 07:00:00+00:00,14.351,0.0,0.0,85.501274,2.0991426,149.03632,11.951,14.740543,1.484318,194.03627
2012-04-22 08:00:00+00:00,14.101,0.0,0.0,85.757614,1.8,143.13002,11.750999,14.569195,0.5091169,224.9999
2012-04-22 09:00:00+00:00,13.951,0.0,0.0,84.89622,2.6208394,164.05453,11.451,14.250931,1.0182338,224.9999
2012-04-22 10:00:00+00:00,14.301,0.0,0.0,81.09156,5.00128,149.74365,11.101,14.124636,3.5455887,156.0375
2012-04-22 11:00:00+00:00,15.301,0.0,0.0,74.28447,6.12,180.0,10.750999,14.851501,4.6938252,184.39862
2012-04-22 12:00:00+00:00,15.351,0.0,0.0,72.582085,3.4152596,198.43504,10.451,15.074038,2.9024127,209.7448
2012-04-22 13:00:00+00:00,15.351,0.0,0.0,71.143265,3.319036,192.5288,10.151,15.078117,2.2768397,198.43504
2012-04-22 14:00:00+00:00,15.500999,0.0,0.0,69.75914,5.0528407,175.91446,10.000999,14.992123,3.6,180.0
2012-04-22 15:00:00+00:00,16.951,0.0,0.0,68.210594,7.5685663,182.72626,11.051,16.377192,6.162207,186.70975
2012-04-22 16:00:00+00:00,19.151,0.0,0.0,60.196407,9.178235,191.30989,11.250999,18.3895,7.8625183,195.94547
2012-04-22 17:00:00+00:00,20.951,0.0,0.0,55.844517,10.587917,197.81898,11.801,20.325834,9.107359,198.43504
2012-04-22 18:00:00+00:00,22.501,0.0,0.0,52.32558,11.165805,200.77234,12.250999,22.811975,9.693296,201.80147
2012-04-22 19:00:00+00:00,22.001,0.0,0.0,52.023224,10.966713,203.19862,11.701,22.774763,9.504273,204.62355
2012-04-22 20:00:00+00:00,22.901,0.0,0.0,49.417015,11.753877,207.3498,11.750999,23.94857,10.144082,207.47435
2012-04-22 21:00:00+00:00,23.551,0.0,0.0,47.357365,13.397612,210.69965,11.701,24.460722,11.609651,209.7448
2012-04-22 22:00:00+00:00,22.851,0.0,0.0,49.07846,10.315115,209.24873,11.601,23.056131,8.891343,211.75943
2012-04-22 23:00:00+00:00,22.851,0.0,0.0,48.433777,12.7279215,208.7397,11.401,22.727493,11.119281,209.0545
2012-04-23 00:00:00+00:00,22.551,0.0,0.0,48.674313,13.363711,207.25525,11.201,21.42677,11.435313,208.1785
2012-04-23 01:00:00+00:00,21.251,0.0,0.0,52.344917,9.693296,201.80147,11.101,20.341413,8.557102,202.24907
2012-04-23 02:00:00+00:00,19.201,0.0,0.0,60.009186,7.754637,201.80147,11.250999,18.599712,6.763786,205.2011
2012-04-23 03:00:00+00:00,17.151,0.0,0.0,68.47756,8.225035,203.19861,11.301,16.613073,6.439876,206.56499
2012-04-23 04:00:00+00:00,15.750999,0.0,0.0,74.856155,9.227524,200.55612,11.301,15.118496,7.0911775,203.9625
2012-04-23 05:00:00+00:00,14.801,0.0,0.0,80.35715,8.534353,207.64589,11.451,14.31011,6.439876,206.56499
2012-04-23 06:00:00+00:00,14.201,0.0,0.0,82.70695,8.209263,217.87505,11.301,13.699726,6.193674,215.53777
2012-04-23 07:00:00+00:00,13.401,0.0,0.0,84.274345,7.386582,223.02507,10.801,12.821205,5.692099,214.69522
2012-04-23 08:00:00+00:00,12.201,0.0,0.0,90.254425,6.763786,205.2011,10.651,11.626288,5.3517847,199.65392
2012-04-23 09:00:00+00:00,11.651,0.0,0.0,92.65515,6.379216,196.38962,10.500999,11.213912,4.1046314,195.25517
2012-04-23 10:00:00+00:00,11.351,0.0,0.0,95.14287,12.0694,197.35411,10.601,10.63571,6.2145634,190.00792
2012-04-23 11:00:00+00:00,10.951,0.0,0.0,96.40622,7.968939,198.43504,10.401,10.607811,3.2599385,186.3401
2012-04-23 12:00:00+00:00,10.851,0.0,0.0,96.403435,4.6938252,184.39862,10.301,10.367113,4.0249224,169.6952
2012-04-23 13:00:00+00:00,11.051,0.0,0.0,96.08825,6.489992,160.55988,10.451,10.649734,3.7585104,163.30067
2012-04-23 14:00:00+00:00,11.500999,0.0,0.0,93.89028,8.766573,160.82089,10.551,10.874135,5.506941,168.69011
2012-04-23 15:00:00+00:00,12.451,0.0,0.0,88.784386,7.42159,165.96373,10.651,11.810198,5.8048253,172.87508
2012-04-23 16:00:00+00:00,13.750999,0.0,0.0,82.10394,7.208994,182.86235,10.750999,13.080025,6.2145634,190.00792
2012-04-23 17:00:00+00:00,15.151,0.0,0.0,75.25327,9.746631,184.23631,10.801,14.183258,8.350138,187.43132
2012-04-23 18:00:00+00:00,16.951,0.0,0.0,66.864746,12.261158,183.3664,10.750999,16.007696,10.1376915,186.1154
2012-04-23 19:00:00+00:00,18.701,0.0,0.0,59.295452,13.797912,187.49576,10.601,19.082829,11.720751,190.6196
2012-04-23 20:00:00+00:00,19.051,0.0,0.0,57.436733,15.281989,195.01842,10.451,18.75128,12.758432,196.38962
2012-04-23 21:00:00+00:00,19.301,0.0,0.0,55.42809,16.645864,201.57137,10.151,18.962482,13.570615,201.80147
2012-04-23 22:00:00+00:00,19.201,0.0,0.0,54.849403,14.440443,184.28908,9.901,18.700554,12.015589,188.61557
2012-04-23 23:00:00+00:00,19.301,0.0,0.0,53.78334,13.679999,180.0,9.701,18.623108,11.212135,185.52745
2012-04-24 00:00:00+00:00,18.501,0.0,0.0,55.783955,14.113653,185.85593,9.500999,16.72714,11.304229,189.16228
2012-04-24 01:00:00+00:00,17.251,0.0,0.0,59.542847,12.849528,191.30989,9.301,15.555738,10.390226,194.03627
2012-04-24 02:00:00+00:00,15.500999,0.0,0.0,65.66879,10.703569,199.65392,9.101,14.019066,8.557102,202.24907
2012-04-24 03:00:00+00:00,14.000999,0.0,0.0,72.091835,6.439876,206.56499,9.051,13.258455,3.396233,212.00534
2012-04-24 04:00:00+00:00,13.151,0.0,0.0,76.44733,3.319036,220.60121,9.101,12.546131,2.5455842,224.9999
2012-04-24 05:00:00+00:00,12.500999,0.0,0.0,80.03791,2.5455842,224.9999,9.151,11.902395,2.5959969,236.3099
2012-04-24 06:00:00+00:00,11.701,0.0,0.0,85.50737,2.9024127,209.7448,9.351,11.125605,2.8116899,230.19447
2012-04-24 07:00:00+00:00,11.601,0.0,0.0,87.53167,4.198285,210.96368,9.601,11.0095415,3.396233,237.99466
2012-04-24 08:00:00+00:00,11.750999,0.0,0.0,85.22568,3.8268526,228.81418,9.351,11.185812,2.7416782,293.1986
2012-04-24 09:00:00+00:00,11.750999,0.0,0.0,84.939545,0.8049845,296.56497,9.301,11.239887,2.2768397,18.435053
2012-04-24 10:00:00+00:00,11.500999,0.0,0.0,86.64462,6.638072,257.4712,9.351,10.481013,5.8603754,280.6196
2012-04-24 11:00:00+00:00,10.701,0.0,0.0,90.75335,3.7585104,253.30067,9.250999,10.02426,3.319036,319.39877
2012-04-24 12:00:00+00:00,10.401,0.0,0.0,91.654655,3.396233,237.99466,9.101,9.79628,2.5455842,315.0001
2012-04-24 13:00:00+00:00,9.851,0.0,0.0,93.812675,4.802999,257.00537,8.901,8.931511,4.3349743,311.63345
2012-04-24 14:00:00+00:00,10.250999,0.0,0.0,92.88901,7.24486,243.43501,9.151,9.465617,3.8773184,291.80148
2012-04-24 15:00:00+00:00,13.051,0.0,0.0,78.25393,3.671294,281.3099,9.351,12.43697,3.0758414,290.55612
2012-04-24 16:00:00+00:00,15.451,0.0,0.0,64.99707,1.609969,63.435013,8.901,14.997171,1.1384199,71.564964
2012-04-24 17:00:00+00:00,17.251,0.0,0.0,58.74648,6.638072,102.5288,9.101,16.430508,5.6920996,108.43504
2012-04-24 18:00:00+00:00,18.851,0.0,0.0,53.486237,7.289445,147.09476,9.201,19.156038,6.28713,156.3706
2012-04-24 19:00:00+00:00,21.501,0.0,0.0,46.17284,12.538134,219.17365,9.451,21.487602,10.739832,219.55963
2012-04-24 20:00:00+00:00,21.851,0.0,0.0,44.741962,15.379206,237.42595,9.301,21.594662,12.979984,236.3099
2012-04-24 21:00:00+00:00,21.701,0.0,0.0,44.40001,9.9571085,257.4712,9.051,21.007668,8.654986,253.0724
2012-04-24 22:00:00+00:00,22.701,0.0,0.0,41.217403,7.145796,220.91429,8.851,22.624199,6.3690495,222.70937
2012-04-24 23:00:00+00:00,22.701,0.0,0.0,40.664173,5.95906,244.98314,8.651,21.522638,5.634891,243.43501
2012-04-25 00:00:00+00:00,22.001,0.0,0.0,42.432743,11.269782,243.43501,8.651,20.257675,9.511088,240.5242
2012-04-25 01:00:00+00:00,20.151,0.0,0.0,48.184517,11.923557,241.11351,8.851,18.434841,9.693296,238.67136
2012-04-25 02:00:00+00:00,18.251,0.0,0.0,54.055458,10.587917,252.18102,8.801,16.736319,8.225035,246.80139
2012-04-25 03:00:00+00:00,17.001,0.0,0.0,59.082798,22.553934,245.48038,8.951,14.635418,14.336861,241.50446
2012-04-25 04:00:00+00:00,15.951,0.0,0.0,64.670235,17.414476,277.1249,9.301,14.136213,11.212135,275.52744
2012-04-25 05:00:00+00:00,14.951,0.0,0.0,73.48476,8.707238,352.87506,10.250999,14.46162,3.96,360.0
2012-04-25 06:00:00+00:00,14.451,0.0,0.0,77.16876,8.209263,74.74483,10.500999,14.087168,3.6,90.0
2012-04-25 07:00:00+00:00,14.651,0.0,0.0,79.278786,10.137692,163.49556,11.101,14.24917,5.0911684,188.13002
2012-04-25 08:00:00+00:00,14.451,0.0,0.0,79.513596,6.519877,83.659904,10.951,14.2621765,3.319036,49.398785
2012-04-25 09:00:00+00:00,14.250999,0.0,0.0,82.987236,7.8954163,46.8476,11.401,14.034464,4.452954,14.036275
2012-04-25 10:00:00+00:00,13.901,0.0,0.0,83.220375,9.028754,203.49858,11.101,13.600927,4.39436,235.0079
2012-04-25 11:00:00+00:00,13.801,0.0,0.0,83.20843,9.422101,263.41815,11.000999,13.374559,5.0528407,265.91446
2012-04-25 12:00:00+00:00,13.801,0.0,0.0,84.319496,5.4477882,352.40543,11.201,13.8661995,2.0991426,30.963696
2012-04-25 13:00:00+00:00,13.351,0.0,0.0,87.11226,6.792466,57.99466,11.250999,13.253702,3.319036,77.4712
2012-04-25 14:00:00+00:00,13.951,0.0,0.0,82.676216,12.144331,78.02389,11.051,13.280445,6.830519,71.564964
2012-04-25 15:00:00+00:00,16.701,0.0,0.0,68.61421,8.311245,72.34979,10.901,16.415148,3.8773184,68.19853
2012-04-25 16:00:00+00:00,20.701,0.0,0.0,50.319008,3.8268526,41.185837,10.000999,20.409271,2.0991426,30.963696
2012-04-25 17:00:00+00:00,24.001,0.0,0.0,39.945507,5.3999996,360.0,9.551,23.474749,4.452954,345.9637
2012-04-25 18:00:00+00:00,25.751,0.0,0.0,36.838585,6.989936,304.50858,9.901,26.102833,5.634891,296.56497
2012-04-25 19:00:00+00:00,26.901,0.0,0.0,34.420536,3.7585104,343.3007,9.901,27.999203,2.5959969,326.3099
2012-04-25 20:00:00+00:00,28.501,0.0,0.0,30.723913,4.5536795,108.43504,9.601,29.742111,3.6,126.86999
2012-04-25 21:00:00+00:00,29.001,0.0,0.0,29.05411,6.3690495,137.29063,9.201,29.611202,5.3999996,143.13002
2012-04-25 22:00:00+00:00,28.451,0.0,0.0,30.300129,7.172949,197.52567,9.351,27.752289,6.28713,203.6294
2012-04-25 23:00:00+00:00,26.951,0.0,0.0,35.24957,22.159746,226.97493,10.301,24.523891,17.309975,224.9999
2012-04-26 00:00:00+00:00,23.501,0.0,0.0,45.04951,36.74999,237.39967,10.901,19.991804,25.959969,236.3099
2012-04-26 01:00:00+00:00,20.351,0.0,0.0,55.878464,18.331741,250.49745,11.250999,18.756552,13.570615,248.19853
2012-04-26 02:00:00+00:00,17.701,0.0,0.0,66.5796,8.534353,242.35411,11.401,17.14236,6.792466,237.99466
2012-04-26 03:00:00+00:00,16.251,0.0,0.0,73.71367,7.42159,194.03627,11.551,15.915041,5.5887027,194.93147
2012-04-26 04:00:00+00:00,15.701,0.0,0.0,76.854294,13.755579,137.12111,11.651,14.833492,9.449572,139.63554
2012-04-26 05:00:00+00:00,15.500999,0.1,0.1,77.84489,16.375053,146.65927,11.651,14.673113,9.178235,154.44008
2012-04-26 06:00:00+00:00,15.451,0.3,0.3,78.09476,15.281989,164.98158,11.651,14.801855,7.9526596,174.80566
2012-04-26 07:00:00+00:00,14.000999,4.0,4.0,94.00514,11.384199,161.56496,13.051,14.218739,5.1544156,167.90526
2012-04-26 08:00:00+00:00,13.651,2.8,2.8,96.795586,6.6087217,119.357666,13.151,14.283449,2.5455842,98.13002
2012-04-26 09:00:00+00:00,13.651,1.5,1.5,97.42912,12.57426,76.75947,13.250999,13.679209,6.9247384,62.10283
2012-04-26 10:00:00+00:00,13.451,0.5,0.5,97.10745,7.172949,107.52566,13.000999,14.18704,1.484318,104.03627
2012-04-26 11:00:00+00:00,13.351,0.4,0.4,96.788185,6.489992,176.82024,12.851,13.900568,2.4149535,206.56499
2012-04-26 12:00:00+00:00,13.301,0.9,0.9,97.10413,7.771331,193.39252,12.851,13.733183,3.219938,206.56499
2012-04-26 13:00:00+00:00,13.201,0.2,0.2,95.83774,6.638072,130.60121,12.551,13.3902855,4.198285,120.96369
2012-04-26 14:00:00+00:00,13.500999,0.0,0.0,93.674736,7.653705,131.18582,12.500999,13.431313,5.8603754,132.5104
2012-04-26 15:00:00+00:00,14.151,0.0,0.0,90.69142,12.682018,173.4803,12.651,13.559366,9.779817,173.6599
2012-04-26 16:00:00+00:00,15.051,0.1,0.1,83.35716,14.799459,198.43504,12.250999,14.09347,11.384199,198.43504
2012-04-26 17:00:00+00:00,16.351,0.2,0.2,74.95727,11.298495,202.47948,11.901,15.575539,9.360001,202.6199
2012-04-26 18:00:00+00:00,17.201,0.2,0.2,69.629265,10.829958,201.4478,11.601,16.398764,8.891344,201.37068
2012-04-26 19:00:00+00:00,16.201,0.0,0.0,74.43904,9.255571,193.49574,11.651,15.629103,7.42159,194.03627
2012-04-26 20:00:00+00:00,16.751,0.1,0.1,71.40678,11.384199,198.43504,11.551,15.851849,9.449572,197.74477
2012-04-26 21:00:00+00:00,17.251,0.1,0.1,70.100266,14.386494,211.70139,11.750999,16.099546,11.609651,209.7448
2012-04-26 22:00:00+00:00,17.351,0.0,0.0,68.97217,14.512064,209.7448,11.601,16.177717,11.435313,208.1785
2012-04-26 23:00:00+00:00,17.251,0.0,0.0,69.40946,16.055355,227.72636,11.601,15.889246,12.7279215,224.9999
2012-04-27 00:00:00+00:00,16.601,0.0,0.0,72.808,13.363711,242.74475,11.701,15.576735,10.630672,241.69934
2012-04-27 01:00:00+00:00,16.201,0.0,0.0,74.19363,10.703569,250.34608,11.601,15.447813,8.557102,247.75093
2012-04-27 02:00:00+00:00,15.401,0.0,0.0,78.60458,9.107359,251.56496,11.701,14.893242,7.0911775,246.0375
2012-04-27 03:00:00+00:00,14.551,0.0,0.0,84.682014,9.793059,233.97253,12.000999,14.356277,5.6002855,224.9999
2012-04-27 04:00:00+00:00,14.101,0.0,0.0,87.75841,9.085988,213.6901,12.101,14.003567,5.1544156,192.09474
2012-04-27 05:00:00+00:00,13.351,0.0,0.0,92.748825,7.928178,177.39749,12.201,13.450777,4.0249224,169.6952
2012-04-27 06:00:00+00:00,12.951,0.0,0.0,94.57785,9.511088,150.5242,12.101,12.933105,4.6102495,141.34016
2012-04-27 07:00:00+00:00,12.701,0.0,0.0,97.41022,9.957108,139.39879,12.301,12.788204,4.3349743,131.63345
2012-04-27 08:00:00+00:00,12.551,0.0,0.0,97.728065,9.931042,133.53127,12.201,12.639257,4.1046314,127.875046
2012-04-27 09:00:00+00:00,12.451,0.0,0.0,97.7263,9.793059,126.027466,12.101,12.44767,4.510787,118.61037
2012-04-27 10:00:00+00:00,12.701,0.0,0.0,96.13764,6.379216,163.61038,12.101,12.955637,2.7416782,156.80138
2012-04-27 11:00:00+00:00,12.551,0.0,0.0,97.08735,4.68,180.0,12.101,12.995483,1.4399999,180.0
2012-04-27 12:00:00+00:00,12.551,0.0,0.0,97.08735,2.5455842,188.13002,12.101,13.088089,0.8049845,153.43501
2012-04-27 13:00:00+00:00,12.500999,0.0,0.0,96.76712,2.0991426,59.03632,12.000999,12.974815,1.0182338,44.999897
2012-04-27 14:00:00+00:00,12.901,0.0,0.0,94.88753,3.7064266,60.94549,12.101,13.219276,2.3051248,51.34017
2012-04-27 15:00:00+00:00,14.301,0.0,0.0,84.9342,2.1897945,80.53775,11.801,14.701738,1.08,90.0
2012-04-27 16:00:00+00:00,15.851,0.0,0.0,75.61941,2.4149535,116.56499,11.551,16.024044,2.0991426,120.96369
2012-04-27 17:00:00+00:00,17.751,0.0,0.0,66.59012,3.5455887,113.962494,11.451,18.049284,3.096837,125.537766
2012-04-27 18:00:00+00:00,19.551,0.0,0.0,60.29093,4.510787,151.38963,11.651,20.839302,4.452954,165.96373
2012-04-27 19:00:00+00:00,21.451,0.0,0.0,50.351505,6.2145634,190.00792,10.701,22.978989,5.8603754,190.6196
2012-04-27 20:00:00+00:00,22.551,0.0,0.0,48.192577,11.113451,204.90474,11.051,23.920343,9.83268,203.7495
2012-04-27 21:00:00+00:00,22.801,0.0,0.0,49.390236,16.704155,217.11694,11.651,23.433292,14.186923,215.70677
2012-04-27 22:00:00+00:00,21.651,0.0,0.0,56.01972,14.529915,228.01286,12.500999,22.551851,12.229406,227.38597
2012-04-27 23:00:00+00:00,20.501,0.0,0.0,61.714577,14.512064,240.2552,12.901,20.795631,12.287555,238.17259
2012-04-28 00:00:00+00:00,19.801,0.0,0.0,65.07957,16.1198,240.57263,13.051,19.01356,13.089354,238.49579
2012-04-28 01:00:00+00:00,18.551,0.0,0.0,66.757706,16.485485,238.39255,12.250999,17.38823,12.783802,237.65257
2012-04-28 02:00:00+00:00,17.351,0.0,0.0,69.88877,13.684735,234.63745,11.801,16.448765,10.009036,232.3057
2012-04-28 03:00:00+00:00,16.101,0.0,0.0,75.411354,8.669949,228.36655,11.750999,15.970646,4.6102495,218.65984
2012-04-28 04:00:00+00:00,15.151,0.0,0.0,82.28025,3.0547013,224.9999,12.151,15.388258,2.968636,194.03627
2012-04-28 05:00:00+00:00,14.250999,0.0,0.0,87.196594,2.8116899,129.80553,12.151,14.585218,2.3051248,128.65984
2012-04-28 06:00:00+00:00,13.401,0.0,0.0,89.451546,5.692099,124.69522,11.701,13.545563,2.6208394,105.945465
2012-04-28 07:00:00+00:00,12.801,0.0,0.0,90.597435,5.8048253,119.74479,11.301,12.779909,2.9024127,97.12492
2012-04-28 08:00:00+00:00,12.151,0.0,0.0,91.15614,4.6938257,122.471176,10.750999,12.015272,2.5455842,135.0001
2012-04-28 09:00:00+00:00,11.500999,0.0,0.0,91.72374,2.5455842,135.0001,10.201,11.340307,1.609969,153.43501
2012-04-28 10:00:00+00:00,11.051,0.0,0.0,90.777664,1.8,126.86999,9.601,10.692346,1.8,126.86999
2012-04-28 11:00:00+00:00,10.701,0.0,0.0,89.53907,5.00128,149.74365,9.051,10.191499,1.8,126.86999
2012-04-28 12:00:00+00:00,10.451,0.0,0.0,87.12971,6.3690495,137.29063,8.401,9.725843,2.0991426,120.96369
2012-04-28 13:00:00+00:00,10.301,0.0,0.0,83.91824,5.8603754,132.5104,7.7009997,9.4213085,1.9386592,111.801476
2012-04-28 14:00:00+00:00,11.101,0.0,0.0,80.934006,3.096837,144.46223,7.9509997,10.449324,0.8049845,116.56499
2012-04-28 15:00:00+00:00,15.500999,0.0,0.0,65.22764,0.35999998,180.0,9.000999,15.091505,1.0182338,224.9999
2012-04-28 16:00:00+00:00,19.401,0.0,0.0,48.965454,2.4149535,243.43501,8.401,18.601805,2.5959969,236.3099
2012-04-28 17:00:00+00:00,22.201,0.0,0.0,40.936985,4.1046314,254.74483,8.301,21.825222,4.0249224,243.43501
2012-04-28 18:00:00+00:00,24.451,0.0,0.0,36.967045,5.0528407,265.91446,8.801,25.146864,4.896529,252.89719
2012-04-28 19:00:00+00:00,25.551,0.0,0.0,35.209316,5.937272,255.96373,9.051,26.920906,5.634891,243.43501
2012-04-28 20:00:00+00:00,26.851,0.0,0.0,34.06233,10.009036,232.3057,9.701,28.151352,8.669949,228.36655
2012-04-28 21:00:00+00:00,27.101,0.0,0.0,35.765045,15.408671,232.59457,10.651,27.843868,12.768586,229.574
2012-04-28 22:00:00+00:00,26.251,0.0,0.0,41.251656,13.608762,232.52374,12.051,27.217766,11.525623,231.34016
2012-04-28 23:00:00+00:00,25.201,0.0,0.0,46.419785,12.979984,236.3099,12.901,25.807829,10.799999,233.13002
2012-04-29 00:00:00+00:00,24.151,0.0,0.0,49.426212,12.88981,234.09018,12.901,23.767097,10.514218,231.95291
2012-04-29 01:00:00+00:00,23.051,0.0,0.0,52.297092,12.031756,218.92755,12.750999,22.529228,9.504272,217.30403
2012-04-29 02:00:00+00:00,21.301,0.0,0.0,59.525066,11.013882,191.30989,13.101,21.222952,7.2805495,188.53069
2012-04-29 03:00:00+00:00,19.151,0.0,0.0,69.327576,9.83268,156.2505,13.401,19.274015,6.6185193,157.61983
2012-04-29 04:00:00+00:00,17.551,0.0,0.0,77.39473,12.229406,132.61403,13.551,17.801338,6.1094027,135.0001
2012-04-29 05:00:00+00:00,16.451,0.0,0.0,83.25039,14.113652,127.74687,13.601,16.716215,6.1305785,130.23628
2012-04-29 06:00:00+00:00,15.401,0.0,0.0,88.73619,13.755579,132.87889,13.551,15.460699,7.42159,129.09386
2012-04-29 07:00:00+00:00,14.750999,0.0,0.0,90.73277,11.988594,138.65233,13.250999,14.95874,5.692099,124.69522
2012-04-29 08:00:00+00:00,14.551,0.0,0.0,89.54074,10.514218,141.95291,12.851,14.738445,4.8965297,126.027466
2012-04-29 09:00:00+00:00,14.401,0.0,0.0,88.07376,9.085988,146.3099,12.451,14.462978,4.8433046,131.98714
2012-04-29 10:00:00+00:00,14.000999,0.0,0.0,87.46094,9.659814,116.56499,11.951,13.870201,5.0528407,94.08554
2012-04-29 11:00:00+00:00,13.401,0.0,0.0,87.11696,6.4096174,141.84273,11.301,13.45092,2.4149535,153.43501
2012-04-29 12:00:00+00:00,12.551,0.0,0.0,88.203896,6.725354,164.47583,10.651,12.308165,3.0758414,159.44388
2012-04-29 13:00:00+00:00,11.551,0.0,0.0,91.11621,8.209263,164.74483,10.151,11.023705,4.0249224,153.43501
2012-04-29 14:00:00+00:00,12.351,0.0,0.0,89.0722,8.557102,157.75093,10.601,11.668162,5.991594,147.26479
2012-04-29 15:00:00+00:00,16.901,0.0,0.0,72.14521,8.891343,148.24057,11.851,16.440313,7.0911775,156.0375
2012-04-29 16:00:00+00:00,19.701,0.0,0.0,58.94774,8.373386,154.5367,11.451,19.084612,7.289444,159.77505
2012-04-29 17:00:00+00:00,21.451,0.0,0.0,56.15388,7.771331,166.60748,12.351,21.730623,6.924738,171.02745
2012-04-29 18:00:00+00:00,22.901,0.0,0.0,54.526756,7.9932976,187.76508,13.250999,24.435534,7.2805495,188.53069
2012-04-29 19:00:00+00:00,23.801,0.0,0.0,53.69941,9.504273,204.62355,13.851,26.026705,8.225035,203.19861
2012-04-29 20:00:00+00:00,24.451,0.0,0.0,54.3889,12.10157,210.37904,14.651,26.919308,10.315115,209.24873
2012-04-29 21:00:00+00:00,24.551,0.0,0.0,54.589737,14.081477,212.47118,14.801,26.775612,11.983188,212.73521
2012-04-29 22:00:00+00:00,24.201,0.0,0.0,55.031998,12.904882,202.98874,14.601,26.084457,10.966713,203.19862
2012-04-29 23:00:00+00:00,23.701,0.0,0.0,55.08461,11.609651,209.7448,14.151,24.898277,9.826088,208.44283
2012-04-30 00:00:00+00:00,23.001,0.0,0.0,55.62774,11.753877,207.3498,13.651,22.914827,10.144082,207.47435
2012-04-30 01:00:00+00:00,21.601,0.0,0.0,58.63264,11.983188,212.73521,13.151,21.115786,10.1887,212.00534
2012-04-30 02:00:00+00:00,19.651,0.0,0.0,66.11832,12.031756,218.92755,13.151,19.2342,9.726664,218.991
2012-04-30 03:00:00+00:00,17.401,0.0,0.0,75.87272,11.246759,219.80553,13.101,17.220833,7.9932966,215.83774
2012-04-30 04:00:00+00:00,16.051,0.0,0.0,81.85567,9.178235,205.55992,12.951,16.116894,5.95906,205.01686
2012-04-30 05:00:00+00:00,15.000999,0.0,0.0,88.41415,7.2805495,188.53069,13.101,15.337883,4.452954,194.03627
2012-04-30 06:00:00+00:00,14.101,0.0,0.0,93.39787,6.519877,173.6599,13.051,14.440407,4.32,180.0
2012-04-30 07:00:00+00:00,14.000999,0.0,0.0,94.00514,5.8048253,172.87508,13.051,14.392925,3.96,180.0
2012-04-30 08:00:00+00:00,14.051,0.0,0.0,91.88068,4.68,180.0,12.750999,14.370905,3.7585104,196.69933
2012-04-30 09:00:00+00:00,14.000999,0.0,0.0,90.978905,3.671294,191.30989,12.551,14.4311695,2.5455842,224.9999
2012-04-30 10:00:00+00:00,13.801,0.0,0.0,90.36979,4.6938252,175.60138,12.250999,14.028517,3.2599385,173.6599
2012-04-30 11:00:00+00:00,13.351,0.0,0.0,90.04005,3.319036,220.60121,11.750999,13.409538,3.319036,220.60121
2012-04-30 12:00:00+00:00,13.250999,0.0,0.0,88.557076,2.0991426,239.0363,11.401,13.421516,1.8,233.13002
2012-04-30 13:00:00+00:00,13.551,0.0,0.0,85.417274,2.2768397,198.43504,11.151,13.741053,1.1384199,198.43504
2012-04-30 14:00:00+00:00,14.551,0.0,0.0,80.322815,3.319036,192.5288,11.201,14.639467,1.9386592,201.80147
2012-04-30 15:00:00+00:00,16.651,0.0,0.0,73.78355,4.6800003,202.6199,11.951,16.571901,4.6938257,212.47118
2012-04-30 16:00:00+00:00,18.901,0.0,0.0,64.884895,7.2,216.86998,12.151,18.635202,6.4096174,218.15727
2012-04-30 17:00:00+00:00,20.751,0.0,0.0,59.39423,9.931042,223.53127,12.551,20.81924,8.669949,221.63345
2012-04-30 18:00:00+00:00,22.151,0.0,0.0,55.778538,11.720751,227.4896,12.901,22.986784,9.931042,226.46873
2012-04-30 19:00:00+00:00,22.551,0.0,0.0,51.82503,12.738099,227.29063,12.151,23.634012,10.691453,224.9999
2012-04-30 20:00:00+00:00,23.101,0.0,0.0,50.789406,14.255272,224.9999,12.351,24.362514,11.966954,223.7812
2012-04-30 21:00:00+00:00,23.301,0.0,0.0,50.509754,15.815435,221.30852,12.451,24.465345,13.276144,220.60121
2012-04-30 22:00:00+00:00,23.051,0.0,0.0,50.776196,11.631956,201.80147,12.301,24.335178,10.163227,202.93213
2012-04-30 23:00:00+00:00,22.301,0.0,0.0,51.930367,13.397612,210.69965,11.951,22.372492,11.298495,210.65059
2012-05-01 00:00:00+00:00,21.101,0.0,0.0,55.698326,13.089354,211.50421,11.901,20.154211,10.990322,211.60745
2012-05-01 01:00:00+00:00,19.551,0.0,0.0,61.293545,12.074766,206.56499,11.901,18.66001,10.144082,207.47435
2012-05-01 02:00:00+00:00,17.501,0.0,0.0,69.687935,11.435313,208.1785,11.901,16.703133,9.511088,209.4758
2012-05-01 03:00:00+00:00,15.551,0.0,0.0,78.62671,9.826088,208.44283,11.851,15.043795,7.4128532,209.0545
2012-05-01 04:00:00+00:00,14.351,0.0,0.0,84.66,8.435069,219.80553,11.801,14.015184,6.1305785,220.23628
2012-05-01 05:00:00+00:00,13.651,0.0,0.0,88.298965,7.653705,228.81418,11.750999,13.447353,5.1165614,230.71062
2012-05-01 06:00:00+00:00,13.351,0.0,0.0,90.04005,4.8433046,228.01286,11.750999,13.37384,3.563818,224.9999
2012-05-01 07:00:00+00:00,13.301,0.0,0.0,87.107574,4.1046314,217.87505,11.201,13.262362,2.8116899,219.80553
2012-05-01 08:00:00+00:00,12.851,0.0,0.0,89.70532,4.5820518,224.9999,11.201,12.738432,3.319036,229.39879
2012-05-01 09:00:00+00:00,12.551,0.0,0.0,90.88081,5.0911684,224.9999,11.101,12.407927,3.319036,220.60121
2012-05-01 10:00:00+00:00,12.451,0.0,0.0,91.17602,7.5170207,196.69933,11.051,12.094259,4.6800003,202.6199
2012-05-01 11:00:00+00:00,12.000999,0.0,0.0,93.60242,7.5942082,211.42952,11.000999,11.699389,4.198285,210.96368
2012-05-01 12:00:00+00:00,11.750999,0.0,0.0,94.528,5.3517847,199.65392,10.901,11.533417,3.4152596,198.43504
2012-05-01 13:00:00+00:00,11.750999,0.0,0.0,94.528,3.7585104,196.69933,10.901,11.51441,3.5455887,203.9625
2012-05-01 14:00:00+00:00,12.101,0.0,0.0,92.06652,4.379589,189.46225,10.851,11.83103,3.671294,191.30989
2012-05-01 15:00:00+00:00,13.000999,0.0,0.0,87.368904,7.208994,177.13765,10.951,12.403929,6.12,180.0
2012-05-01 16:00:00+00:00,14.301,0.0,0.0,81.09156,9.746631,175.76369,11.101,13.43306,8.287822,177.5105
2012-05-01 17:00:00+00:00,15.551,0.0,0.0,75.07081,10.805999,178.0909,11.151,14.594177,9.0,180.0
2012-05-01 18:00:00+00:00,16.801,0.0,0.0,69.5508,11.542478,183.57626,11.201,15.815182,9.779817,186.3401
2012-05-01 19:00:00+00:00,18.101,0.0,0.0,67.77085,13.004921,184.76355,12.051,18.021925,10.8955765,187.59456
2012-05-01 20:00:00+00:00,18.101,0.0,0.0,66.44405,13.493999,189.21095,11.750999,16.995935,11.367109,190.95403
2012-05-01 21:00:00+00:00,17.751,0.0,0.0,66.810646,14.241629,196.14441,11.500999,16.453857,12.0694,197.35411
2012-05-01 22:00:00+00:00,18.301,0.0,0.0,64.32758,12.959999,180.0,11.451,17.429,10.464798,183.94511
2012-05-01 23:00:00+00:00,18.001,0.0,0.0,64.47479,12.074766,190.3048,11.201,16.95762,9.6932955,195.06854
2012-05-02 00:00:00+00:00,17.651,0.0,0.0,65.258705,9.6932955,195.06854,11.051,16.746626,8.427383,199.9832
2012-05-02 01:00:00+00:00,16.901,0.0,0.0,67.974434,8.891344,201.37068,10.951,16.139055,7.24486,206.56499
2012-05-02 02:00:00+00:00,15.801,0.0,0.0,71.94287,9.178235,205.55992,10.750999,14.954857,7.4128532,209.0545
2012-05-02 03:00:00+00:00,14.551,0.0,0.0,77.69987,9.220499,218.65984,10.701,13.729189,7.145796,220.91429
2012-05-02 04:00:00+00:00,13.801,0.0,0.0,81.56603,7.6367526,224.9999,10.701,13.166779,5.8603754,227.4896
2012-05-02 05:00:00+00:00,13.301,0.0,0.0,84.26307,6.3690495,222.70937,10.701,12.815172,4.8433046,221.98714
2012-05-02 06:00:00+00:00,13.151,0.0,0.0,85.375,5.991594,212.73521,10.750999,12.818525,3.8939953,213.6901
2012-05-02 07:00:00+00:00,13.000999,0.1,0.1,89.12465,6.439876,206.56499,11.250999,12.72995,4.510787,208.61037
2012-05-02 08:00:00+00:00,12.851,0.0,0.0,89.408516,6.830519,198.43504,11.151,12.455479,5.154415,204.77512
2012-05-02 09:00:00+00:00,12.701,0.0,0.0,89.69384,6.489992,199.44012,11.051,12.557161,3.219938,206.56499
2012-05-02 10:00:00+00:00,12.551,0.0,0.0,90.27984,8.14587,224.9999,11.000999,12.006954,5.8603754,227.4896
2012-05-02 11:00:00+00:00,12.401,0.0,0.0,90.870575,7.42159,219.09384,10.951,11.916027,5.3517847,222.27362
2012-05-02 12:00:00+00:00,12.351,0.0,0.0,90.86716,5.692099,214.69522,10.901,12.032837,4.1046314,217.87505
2012-05-02 13:00:00+00:00,12.351,0.0,0.0,90.26532,3.219938,206.56499,10.801,12.265259,2.3051248,218.65984
2012-05-02 14:00:00+00:00,12.401,0.0,0.0,90.26895,3.8773184,158.19853,10.851,12.284195,2.6208394,164.05453
2012-05-02 15:00:00+00:00,12.801,0.0,0.0,87.93301,7.42159,157.1663,10.851,12.236263,5.6920996,161.56496
2012-05-02 16:00:00+00:00,13.250999,0.1,0.1,85.66971,10.239453,169.8754,10.901,12.313602,8.350138,172.56868
2012-05-02 17:00:00+00:00,14.601,0.2,0.2,79.009,10.08,180.0,11.000999,13.755093,7.928178,182.60251
2012-05-02 18:00:00+00:00,15.451,0.0,0.0,75.054,10.086427,177.95464,11.051,14.568756,8.28,180.0
2012-05-02 19:00:00+00:00,16.051,0.0,0.0,71.5126,10.823973,176.186,10.901,15.070772,8.64,180.0
2012-05-02 20:00:00+00:00,17.001,0.0,0.0,68.22073,10.390226,194.03627,11.101,16.078842,8.654986,196.9276
2012-05-02 21:00:00+00:00,17.451,0.0,0.0,66.52696,11.165805,200.77234,11.151,16.441128,9.360001,202.6199
2012-05-02 22:00:00+00:00,17.901,0.0,0.0,65.09682,9.746631,175.76369,11.250999,17.079092,8.28,180.0
2012-05-02 23:00:00+00:00,17.851,0.0,0.0,65.08598,12.57426,193.24052,11.201,16.692455,10.483357,195.94547
2012-05-03 00:00:00+00:00,17.601,0.0,0.0,65.682205,12.144331,191.9761,11.101,16.476469,10.041354,194.5345
2012-05-03 01:00:00+00:00,16.901,0.0,0.0,68.42711,12.074766,190.3048,11.051,15.812256,9.6932955,195.06854
2012-05-03 02:00:00+00:00,15.701,0.0,0.0,73.12997,10.495713,210.96368,10.901,14.772221,8.287822,214.3804
2012-05-03 03:00:00+00:00,14.500999,0.0,0.0,78.99445,8.287822,235.6196,10.901,13.87788,6.193674,234.46223
2012-05-03 04:00:00+00:00,13.750999,0.0,0.0,82.9266,6.193674,234.46223,10.901,13.390411,4.39436,235.0079
2012-05-03 05:00:00+00:00,13.250999,0.0,0.0,85.954666,4.3498964,245.55606,10.951,13.076824,3.219938,243.43501
2012-05-03 06:00:00+00:00,13.051,0.0,0.0,87.08399,2.968636,255.96373,10.951,12.913498,2.968636,255.96373
2012-05-03 07:00:00+00:00,13.250999,0.0,0.0,83.97741,1.835647,258.6901,10.601,13.122492,2.1897945,260.53775
2012-05-03 08:00:00+00:00,13.301,0.0,0.0,83.42583,0.71999997,270.0,10.551,13.319569,1.08,270.0
2012-05-03 09:00:00+00:00,13.201,0.0,0.0,84.25173,1.2979984,123.690094,10.601,13.3176,0.5091169,135.0001
2012-05-03 10:00:00+00:00,12.801,0.0,0.0,87.35037,5.991594,237.26477,10.750999,12.566868,3.219938,243.43501
2012-05-03 11:00:00+00:00,12.301,0.0,0.0,91.46934,7.2,216.86998,10.951,12.038422,3.8268526,221.18582
2012-05-03 12:00:00+00:00,11.951,0.0,0.0,93.91119,6.4096174,218.15727,11.000999,11.703562,3.8268526,221.18582
2012-05-03 13:00:00+00:00,11.801,0.0,0.0,93.90424,5.8048253,209.7448,10.851,11.425602,4.39436,214.9921
2012-05-03 14:00:00+00:00,12.301,0.0,0.0,92.691185,5.0142193,201.03758,11.151,12.233953,2.9024127,209.7448
2012-05-03 15:00:00+00:00,13.301,0.0,0.0,84.82532,5.4833565,203.19862,10.801,12.846956,4.829907,206.56499
2012-05-03 16:00:00+00:00,15.000999,0.0,0.0,76.48915,6.6185193,202.38017,10.901,14.459267,5.634891,206.56499
2012-05-03 17:00:00+00:00,16.051,0.0,0.0,71.98902,7.628263,199.29015,11.000999,15.395748,6.6185193,202.38017
2012-05-03 18:00:00+00:00,17.601,0.0,0.0,65.682205,9.028754,203.49858,11.101,17.23425,7.8954163,204.22774
2012-05-03 19:00:00+00:00,18.951,0.0,0.0,63.41734,11.090103,215.75398,11.851,19.805115,9.290511,215.53777
2012-05-03 20:00:00+00:00,18.651,0.0,0.0,63.559837,13.324863,218.41809,11.601,17.50474,11.246759,219.80553
2012-05-03 21:00:00+00:00,19.551,0.0,0.0,59.49928,16.039202,225.90929,11.451,18.925934,13.493999,226.08084
2012-05-03 22:00:00+00:00,19.851,0.0,0.0,56.68634,11.246759,230.19447,11.000999,19.83431,9.449572,229.63554
2012-05-03 23:00:00+00:00,19.851,0.0,0.0,54.83237,12.096214,233.47105,10.500999,19.258146,10.514218,231.95291
2012-05-04 00:00:00+00:00,19.401,0.0,0.0,53.809246,11.592894,233.84172,9.801,18.004753,9.726664,231.009
2012-05-04 01:00:00+00:00,18.401,0.0,0.0,54.46034,13.281023,237.17146,9.051,16.565489,10.883676,235.78424
2012-05-04 02:00:00+00:00,16.951,0.0,0.0,58.278103,13.217443,240.64233,8.701,15.079056,10.495713,239.0363
2012-05-04 03:00:00+00:00,15.351,0.0,0.0,65.41525,12.594856,239.03632,8.901,14.072641,6.792466,237.99466
2012-05-04 04:00:00+00:00,14.250999,0.0,0.0,71.654274,9.826088,241.55717,9.201,13.224274,5.6233797,230.19447
2012-05-04 05:00:00+00:00,13.250999,0.0,0.0,78.547264,5.8048253,240.2552,9.601,12.670658,3.319036,220.60121
2012-05-04 06:00:00+00:00,12.301,0.0,0.0,86.43338,1.484318,194.03627,10.101,12.129782,1.484318,165.96373
2012-05-04 07:00:00+00:00,12.250999,0.0,0.0,84.70975,3.0758414,110.55613,9.750999,11.829285,2.52,90.0
2012-05-04 08:00:00+00:00,11.500999,0.0,0.0,88.40817,4.829907,116.56499,9.651,10.893789,3.6,90.0
2012-05-04 09:00:00+00:00,10.701,0.0,0.0,91.36592,5.634891,116.56499,9.351,9.95579,3.9763298,84.805664
2012-05-04 10:00:00+00:00,10.151,0.0,0.0,92.883575,5.904439,142.43134,9.051,9.525413,2.5959969,123.690094
2012-05-04 11:00:00+00:00,9.801,0.0,0.0,93.17885,5.6920996,161.56496,8.750999,9.095176,2.5959969,146.3099
2012-05-04 12:00:00+00:00,9.451,0.0,0.0,93.79363,4.452954,165.96373,8.500999,8.75185,2.0991426,149.03632
2012-05-04 13:00:00+00:00,9.201,0.0,0.0,94.41978,5.0911684,171.86998,8.351,8.449623,2.1897945,170.53775
2012-05-04 14:00:00+00:00,10.551,0.0,0.0,90.74291,5.771239,176.42374,9.101,10.049812,1.835647,168.69011
2012-05-04 15:00:00+00:00,14.000999,0.0,0.0,76.3282,5.937272,165.96373,9.901,13.298424,4.73506,171.25392
2012-05-04 16:00:00+00:00,15.801,0.0,0.0,69.3534,6.725354,164.47583,10.201,15.019833,5.8603754,169.3804
2012-05-04 17:00:00+00:00,17.901,0.0,0.0,61.11199,8.825508,168.23174,10.301,17.559486,7.6367526,171.86998
2012-05-04 18:00:00+00:00,19.601,0.0,0.0,55.13525,11.165805,178.15244,10.351,19.968487,9.36,180.0
2012-05-04 19:00:00+00:00,20.301,0.0,0.0,55.12976,12.324414,186.70975,11.000999,21.339725,10.538843,187.85323
2012-05-04 20:00:00+00:00,21.501,0.0,0.0,49.864624,13.207634,197.44728,10.601,22.46769,11.384199,198.43504
2012-05-04 21:00:00+00:00,22.101,0.0,0.0,47.434113,15.137133,205.34613,10.401,22.176884,13.202726,205.8663
2012-05-04 22:00:00+00:00,22.201,0.0,0.0,46.52093,10.495713,210.96368,10.201,22.800053,9.387651,212.47118
2012-05-04 23:00:00+00:00,21.951,0.0,0.0,47.077633,12.475961,223.83095,10.151,21.665043,10.948973,223.66785
2012-05-05 00:00:00+00:00,21.001,0.0,0.0,50.906013,12.819235,231.84273,10.451,19.762178,10.739832,230.44037
2012-05-05 01:00:00+00:00,20.151,0.0,0.0,54.72663,13.0447235,242.02061,10.750999,18.808529,10.805998,240.01845
2012-05-05 02:00:00+00:00,18.851,0.0,0.0,59.52909,13.441071,249.62347,10.801,17.617727,10.163227,247.06787
2012-05-05 03:00:00+00:00,17.351,0.0,0.0,66.948425,13.009903,255.5792,11.151,16.692219,6.9527545,248.74942
2012-05-05 04:00:00+00:00,16.151001,0.0,0.0,73.69615,9.726665,272.12103,11.451,15.809679,5.4119864,266.186
2012-05-05 05:00:00+00:00,14.951,0.0,0.0,80.37771,5.506941,281.3099,11.601,15.126696,2.1897945,279.46225
2012-05-05 06:00:00+00:00,13.801,0.0,0.0,87.73152,2.1897945,260.53775,11.801,14.241936,0.8049845,206.56499
2012-05-05 07:00:00+00:00,13.151,0.0,0.0,89.728195,1.4399999,180.0,11.500999,13.466614,1.0182338,135.0001
2012-05-05 08:00:00+00:00,12.401,0.0,0.0,90.870575,2.8116899,140.19447,10.951,12.360331,2.3051248,141.34016
2012-05-05 09:00:00+00:00,11.500999,0.0,0.0,91.72374,4.3349743,131.63345,10.201,11.196511,2.5959969,123.690094
2012-05-05 10:00:00+00:00,10.750999,0.0,0.0,91.67673,7.754637,111.801476,9.451,10.085602,3.6179552,95.7105
2012-05-05 11:00:00+00:00,10.151,0.0,0.0,91.021996,10.44,136.39711,8.750999,9.306703,3.5455887,113.962494
2012-05-05 12:00:00+00:00,9.801,0.0,0.0,89.46831,9.178235,138.17992,8.151,8.917719,2.7416782,113.19862
2012-05-05 13:00:00+00:00,9.451,0.0,0.0,88.53136,6.792466,122.00535,7.651,8.526581,2.16,90.0
2012-05-05 14:00:00+00:00,10.851,0.0,0.0,82.56866,6.379216,106.38962,8.001,9.853967,3.2599385,83.659904
2012-05-05 15:00:00+00:00,15.601,0.0,0.0,57.15724,4.6102495,128.65984,7.151,14.384871,3.319036,139.39879
2012-05-05 16:00:00+00:00,18.601,0.0,0.0,40.893906,4.5536795,161.56496,5.0509996,16.754972,4.379589,170.53775
2012-05-05 17:00:00+00:00,21.001,0.0,0.0,34.27049,4.896529,197.10281,4.651,19.795609,4.896529,197.10281
2012-05-05 18:00:00+00:00,23.301,0.0,0.0,29.479918,5.495161,211.60745,4.501,22.979645,5.8048253,209.7448
2012-05-05 19:00:00+00:00,24.751,0.0,0.0,27.115873,9.021574,208.61037,4.5509996,24.623625,8.534353,207.64589
2012-05-05 20:00:00+00:00,25.951,0.0,0.0,26.787947,13.397612,210.69965,5.401,25.760838,11.609651,209.7448
2012-05-05 21:00:00+00:00,26.051,0.0,0.0,29.838179,18.0,216.86998,7.0509996,25.533619,14.982228,215.21768
2012-05-05 22:00:00+00:00,24.801,0.0,0.0,38.333176,15.379206,212.57405,9.651,24.862722,13.089354,211.50421
2012-05-05 23:00:00+00:00,23.701,0.0,0.0,44.50993,15.03835,222.08908,10.901,23.469995,12.538134,219.17365
2012-05-06 00:00:00+00:00,22.851,0.0,0.0,46.699223,15.30741,221.18582,10.851,21.595316,12.538134,219.17365
2012-05-06 01:00:00+00:00,21.651,0.0,0.0,48.59269,13.830749,218.65984,10.351,20.117313,11.304229,217.23491
2012-05-06 02:00:00+00:00,20.051,0.0,0.0,53.261753,10.1887,212.00534,10.250999,18.984917,7.9036193,210.0685
2012-05-06 03:00:00+00:00,18.201,0.0,0.0,60.775978,6.725354,195.52417,10.500999,17.813044,3.7585104,196.69933
2012-05-06 04:00:00+00:00,16.801,0.0,0.0,67.953995,4.5536795,161.56496,10.851,16.466948,4.1046314,164.74483
2012-05-06 05:00:00+00:00,15.701,0.0,0.0,74.35333,5.3999996,126.86998,11.151,15.38431,4.6102495,128.65984
2012-05-06 06:00:00+00:00,14.701,0.0,0.0,79.549194,7.2,126.86999,11.201,14.270779,5.495161,121.60746
2012-05-06 07:00:00+00:00,13.601,0.0,0.0,85.42255,7.2,126.86999,11.201,13.241114,5.0142193,111.03758
2012-05-06 08:00:00+00:00,13.000999,0.0,0.0,85.35912,6.297428,120.963684,10.601,12.611988,3.9763298,95.19434
2012-05-06 09:00:00+00:00,12.451,0.0,0.0,84.16646,5.00128,149.74365,9.851,12.20224,1.5273507,135.0001
2012-05-06 10:00:00+00:00,11.750999,0.0,0.0,84.65427,6.193674,144.46223,9.250999,11.148214,2.8116899,129.80553
2012-05-06 11:00:00+00:00,10.951,0.0,0.0,85.717224,7.8954163,155.77226,8.651,9.891027,4.8433046,131.98714
2012-05-06 12:00:00+00:00,10.250999,0.0,0.0,85.93543,7.729527,152.24155,8.001,9.204374,3.6,126.86999
2012-05-06 13:00:00+00:00,9.951,0.0,0.0,84.16427,9.227524,159.44388,7.401,8.7960005,3.319036,139.39879
2012-05-06 14:00:00+00:00,11.651,0.0,0.0,78.30685,10.239453,169.8754,8.001,10.329695,5.4833565,156.80138
2012-05-06 15:00:00+00:00,16.251,0.0,0.0,54.272476,9.531505,169.11452,7.001,14.386589,7.5170207,163.30067
2012-05-06 16:00:00+00:00,18.801,0.0,0.0,43.58415,8.647496,177.6141,6.151,16.784582,7.2,180.0
2012-05-06 17:00:00+00:00,20.951,0.0,0.0,40.443043,7.6367526,188.13002,7.001,19.942413,6.924738,188.97255
2012-05-06 18:00:00+00:00,23.001,0.0,0.0,37.56582,8.654986,196.9276,7.751,23.035307,7.8625183,195.94547
2012-05-06 19:00:00+00:00,24.301,0.0,0.0,38.191685,11.91812,205.01686,9.151,24.89013,10.495713,202.1664
2012-05-06 20:00:00+00:00,24.801,0.0,0.0,41.25572,15.807239,210.0685,10.750999,25.570345,13.53236,208.61037
2012-05-06 21:00:00+00:00,24.601,0.0,0.0,44.61119,18.289274,216.1933,11.750999,25.344084,14.982228,215.21768
2012-05-06 22:00:00+00:00,24.101,0.0,0.0,46.885704,14.33234,205.27768,12.051,25.082905,11.91812,205.01686
2012-05-06 23:00:00+00:00,23.501,0.0,0.0,49.25267,13.104198,217.18478,12.250999,23.924616,11.090103,215.75398
2012-05-07 00:00:00+00:00,22.501,0.0,0.0,53.017406,13.755579,222.87889,12.451,21.925055,11.480557,221.18582
2012-05-07 01:00:00+00:00,21.201,0.0,0.0,57.585102,15.408671,217.40543,12.500999,20.176739,12.387348,215.53777
2012-05-07 02:00:00+00:00,19.401,0.0,0.0,64.5686,13.53236,208.61037,12.551,18.65034,10.630672,208.30066
2012-05-07 03:00:00+00:00,17.551,0.0,0.0,72.73921,9.028754,203.49858,12.601,17.40279,6.6185193,202.38017
2012-05-07 04:00:00+00:00,16.551,0.0,0.0,77.24059,4.68,180.0,12.551,16.879251,3.2399998,180.0
2012-05-07 05:00:00+00:00,15.601,0.0,0.0,81.26324,3.396233,147.99466,12.401,15.835501,3.5455887,156.0375
2012-05-07 06:00:00+00:00,14.551,0.0,0.0,87.79857,3.096837,144.46223,12.551,14.9037285,3.0758414,159.44388
2012-05-07 07:00:00+00:00,14.051,0.0,0.0,86.035904,2.8116899,140.19447,11.750999,14.211245,2.6208394,164.05453
2012-05-07 08:00:00+00:00,13.401,0.0,0.0,85.96993,1.8,180.0,11.101,13.593355,1.0182338,224.9999
2012-05-07 09:00:00+00:00,12.701,0.0,0.0,86.18525,2.9024127,240.2552,10.451,12.447916,2.7416782,246.80138
2012-05-07 10:00:00+00:00,12.101,0.0,0.0,88.164665,1.2979984,213.6901,10.201,12.100813,0.5091169,315.0001
2012-05-07 11:00:00+00:00,12.051,0.0,0.0,86.119606,2.6208394,195.94547,9.801,11.743185,1.835647,191.30989
2012-05-07 12:00:00+00:00,11.801,0.0,0.0,85.23104,3.0758414,159.44388,9.401,11.460099,1.2979984,146.3099
2012-05-07 13:00:00+00:00,11.701,0.0,0.0,82.95417,2.9024127,150.2552,8.901,11.265184,1.0182338,135.0001
2012-05-07 14:00:00+00:00,12.801,0.0,0.0,77.95302,2.7416782,156.80138,9.051,12.331148,1.5273507,135.0001
2012-05-07 15:00:00+00:00,17.351,0.0,0.0,55.11632,2.52,180.0,8.251,16.469,2.9024127,172.87508
2012-05-07 16:00:00+00:00,20.451,0.0,0.0,40.161922,5.991594,212.73521,6.4509997,18.730894,5.634891,206.56499
2012-05-07 17:00:00+00:00,23.201,0.0,0.0,33.953793,6.8777895,222.87889,6.4509997,22.089403,6.4096174,218.15727
2012-05-07 18:00:00+00:00,25.601,0.0,0.0,30.74963,7.653705,228.81418,7.101,25.711662,6.8777895,222.87889
2012-05-07 19:00:00+00:00,26.501,0.0,0.0,27.218622,9.957108,229.39879,6.101,26.64689,8.913181,226.63654
2012-05-07 20:00:00+00:00,27.601,0.0,0.0,27.708101,14.4,233.13002,7.3009996,27.777664,12.261157,229.76372
2012-05-07 21:00:00+00:00,27.901,0.0,0.0,30.249859,18.775303,237.52882,8.851,27.76995,15.575981,236.3099
2012-05-07 22:00:00+00:00,27.351,0.0,0.0,34.54695,17.782686,238.24055,10.351,27.446663,14.277983,236.3099
2012-05-07 23:00:00+00:00,26.501,0.0,0.0,36.5597,18.11841,249.04414,10.451,25.778301,14.512064,246.61476
2012-05-08 00:00:00+00:00,25.751,0.0,0.0,35.147335,18.1041,252.64589,9.201,23.770767,14.24163,249.27435
2012-05-08 01:00:00+00:00,25.101,0.0,0.0,34.49315,15.509274,248.19853,8.351,22.926874,11.91812,244.98314
2012-05-08 02:00:00+00:00,23.001,0.0,0.0,40.06691,11.609651,240.2552,8.701,21.42732,8.435069,230.19447
2012-05-08 03:00:00+00:00,20.701,0.0,0.0,49.649708,8.287822,235.6196,9.801,19.797611,5.904439,217.56866
2012-05-08 04:00:00+00:00,19.151,0.0,0.0,57.270344,4.2136917,199.9832,10.500999,18.939579,2.5455842,171.86998
2012-05-08 05:00:00+00:00,17.801,0.0,0.0,65.5078,7.289444,159.77505,11.250999,17.502111,4.6938257,147.52882
2012-05-08 06:00:00+00:00,16.701,0.0,0.0,71.63377,10.464797,139.18501,11.551,16.318863,5.904439,127.568665
2012-05-08 07:00:00+00:00,15.651,0.0,0.0,77.61121,13.246826,132.79738,11.750999,15.300596,6.12,118.072395
2012-05-08 08:00:00+00:00,14.601,0.0,0.0,81.40018,10.44,136.39711,11.451,14.414942,4.3498964,114.44395
2012-05-08 09:00:00+00:00,13.651,0.0,0.0,82.09124,7.24486,116.56499,10.651,13.166058,4.73506,98.74608
2012-05-08 10:00:00+00:00,12.851,0.0,0.0,81.16917,7.9526596,84.805664,9.701,12.255072,3.6179552,95.7105
2012-05-08 11:00:00+00:00,12.250999,0.0,0.0,79.19651,2.9024127,97.12492,8.750999,11.7576885,1.1384199,71.564964
2012-05-08 12:00:00+00:00,11.801,0.0,0.0,76.227776,2.1897945,170.53775,7.751,11.058962,1.08,90.0
2012-05-08 13:00:00+00:00,11.451,0.0,0.0,73.35621,1.8,180.0,6.851,10.48177,1.1384199,108.43504
2012-05-08 14:00:00+00:00,13.151,0.0,0.0,66.05533,0.5091169,224.9999,6.9509997,12.088669,1.9386592,68.19853
2012-05-08 15:00:00+00:00,18.651,0.0,0.0,47.772663,2.8116899,309.8055,7.351,17.892345,0.5091169,315.0001
2012-05-08 16:00:00+00:00,23.801,0.0,0.0,27.234934,4.32,270.0,3.801,21.801994,3.671294,258.6901
2012-05-08 17:00:00+00:00,27.051,0.0,0.0,20.920868,6.12,270.0,2.801,25.503733,5.506941,258.6901
2012-05-08 18:00:00+00:00,29.651,0.0,0.0,15.702462,7.771331,256.60748,0.901,28.578041,6.9527545,248.74942
2012-05-08 19:00:00+00:00,30.251,0.0,0.0,16.70944,10.365251,249.67677,2.251,29.654488,9.178235,244.44008
2012-05-08 20:00:00+00:00,31.751,0.0,0.0,14.53929,13.905509,248.74942,1.5009999,30.790363,11.91812,244.98314
2012-05-08 21:00:00+00:00,32.751003,0.0,0.0,12.6488495,16.516901,249.59003,0.351,31.149567,13.854155,245.43285
2012-05-08 22:00:00+00:00,33.301003,0.0,0.0,11.280798,17.727943,246.0375,-0.79899997,31.009026,14.48972,243.43501
2012-05-08 23:00:00+00:00,33.201,0.0,0.0,11.138919,15.141414,251.99574,-1.049,30.514538,12.303366,249.44386
2012-05-09 00:00:00+00:00,32.001,0.0,0.0,14.541405,16.42247,243.9967,1.701,28.674366,12.7279215,241.2603
2012-05-09 01:00:00+00:00,30.701,0.0,0.0,17.114082,15.077082,236.68936,2.951,27.39159,11.525623,231.34016
2012-05-09 02:00:00+00:00,28.551,0.0,0.0,22.369476,10.97262,228.99101,5.001,26.252098,7.386582,223.02507
2012-05-09 03:00:00+00:00,25.551,0.0,0.0,29.801172,4.829907,206.56499,6.601,24.105427,3.9763298,185.19434
2012-05-09 04:00:00+00:00,23.651,0.0,0.0,36.49084,6.151683,110.55613,7.901,22.42854,4.6102495,128.65984
2012-05-09 05:00:00+00:00,21.801,0.0,0.0,42.953808,11.874544,104.03627,8.651,20.552296,6.12,118.072395
2012-05-09 06:00:00+00:00,20.101,0.0,0.0,48.990288,10.587917,107.818985,9.051,19.23984,4.198285,120.96369
2012-05-09 07:00:00+00:00,17.701,0.0,0.0,61.886368,7.42159,104.03627,10.301,17.56811,1.609969,116.56499
2012-05-09 08:00:00+00:00,16.701,0.0,0.0,63.121147,4.3349743,94.76356,9.651,16.565464,0.35999998,90.0
2012-05-09 09:00:00+00:00,15.651,0.0,0.0,64.60398,2.1897945,80.53775,9.000999,15.337465,0.35999998,360.0
2012-05-09 10:00:00+00:00,14.801,0.0,0.0,65.73918,9.36,90.0,8.451,13.85919,3.671294,78.6901
2012-05-09 11:00:00+00:00,14.250999,0.0,0.0,65.174736,6.439876,116.56499,7.8009996,13.34668,2.2768397,108.43504
2012-05-09 12:00:00+00:00,13.801,0.0,0.0,63.972504,5.154415,155.22488,7.101,12.86787,1.2979984,123.690094
2012-05-09 13:00:00+00:00,13.401,0.0,0.0,63.22701,3.096837,144.46223,6.5509996,12.304623,1.5273507,135.0001
2012-05-09 14:00:00+00:00,15.000999,0.0,0.0,59.19835,2.2768397,108.43504,7.101,13.974264,1.9386592,68.19853
2012-05-09 15:00:00+00:00,20.551,0.0,0.0,47.64755,0.5091169,315.0001,9.051,20.184517,0.8049845,116.56499
2012-05-09 16:00:00+00:00,25.351,0.0,0.0,24.390623,2.5959969,236.3099,3.551,23.414955,2.9024127,209.7448
2012-05-09 17:00:00+00:00,27.901,0.0,0.0,21.663517,5.6002855,224.9999,4.001,26.54966,5.3999996,216.86998
2012-05-09 18:00:00+00:00,29.901,0.0,0.0,21.200403,9.1641035,224.9999,5.351,29.375694,8.161764,221.42357
2012-05-09 19:00:00+00:00,30.101,0.0,0.0,24.301014,12.218805,224.9999,7.501,30.29528,10.464797,220.81499
2012-05-09 20:00:00+00:00,30.751,0.0,0.0,25.833372,15.530151,224.0609,8.951,31.150333,13.004922,221.63345
2012-05-09 21:00:00+00:00,30.751,0.0,0.0,27.814262,17.84816,228.27058,10.051,31.113552,14.512064,226.00499
2012-05-09 22:00:00+00:00,30.551,0.0,0.0,28.895721,15.575981,236.3099,10.451,30.947685,12.599998,233.13002
2012-05-09 23:00:00+00:00,30.201,0.0,0.0,28.704144,14.512064,246.61476,10.051,29.830822,11.923557,241.11351
2012-05-10 00:00:00+00:00,29.451,0.0,0.0,28.499496,14.512064,246.61476,9.301,27.884869,11.923557,241.11351
2012-05-10 01:00:00+00:00,27.351,0.0,0.0,30.507982,13.324863,231.58191,8.500999,25.391668,10.703569,227.72638
2012-05-10 02:00:00+00:00,24.901,0.0,0.0,37.850174,11.681987,213.6901,9.551,23.565508,8.373386,205.4633
2012-05-10 03:00:00+00:00,22.151,0.0,0.0,48.566257,9.449572,197.74477,10.801,21.3995,6.849467,183.01273
2012-05-10 04:00:00+00:00,20.301,0.0,0.0,57.55395,11.298495,157.52052,11.651,19.727558,7.42159,157.1663
2012-05-10 05:00:00+00:00,18.901,0.0,0.0,64.884895,16.595179,139.39879,12.151,18.265865,8.942214,139.89915
2012-05-10 06:00:00+00:00,18.001,0.0,0.0,70.01477,16.80857,136.73567,12.451,17.538103,8.435069,140.19447
2012-05-10 07:00:00+00:00,16.451,0.0,0.0,75.7179,13.004922,138.36655,12.151,16.300755,5.6233797,140.19447
2012-05-10 08:00:00+00:00,15.801,0.0,0.0,79.704765,11.966954,136.2188,12.301,15.847443,4.6102495,128.65984
2012-05-10 09:00:00+00:00,15.500999,0.0,0.0,80.71784,12.984975,133.87679,12.201,15.399801,5.3999996,126.86998
2012-05-10 10:00:00+00:00,14.901,0.0,0.0,83.065605,16.363178,140.35587,12.051,14.2866535,8.587338,146.97614
2012-05-10 11:00:00+00:00,14.651,0.0,0.0,83.58481,15.807239,149.9315,11.901,13.925325,9.021574,151.38963
2012-05-10 12:00:00+00:00,14.301,0.0,0.0,84.097534,13.237038,135.0001,11.651,13.883053,6.3690495,137.29063
2012-05-10 13:00:00+00:00,14.101,0.0,0.0,83.244286,14.8257065,119.05451,11.301,13.512419,6.792466,122.00535
2012-05-10 14:00:00+00:00,15.701,0.0,0.0,77.10842,13.479583,124.11452,11.701,14.962929,8.669949,131.63345
2012-05-10 15:00:00+00:00,18.351,0.0,0.0,66.71592,10.805998,150.01845,12.051,17.739988,8.557102,157.75093
2012-05-10 16:00:00+00:00,20.551,0.0,0.0,58.957893,11.252519,172.64772,12.250999,19.885618,9.3669195,177.79745
2012-05-10 17:00:00+00:00,22.551,0.0,0.0,49.160282,12.964998,181.59111,11.351,22.090345,10.853866,185.7105
2012-05-10 18:00:00+00:00,24.001,0.0,0.0,42.99347,12.979984,176.82024,10.651,24.283825,10.805999,181.9091
2012-05-10 19:00:00+00:00,23.651,0.0,0.0,42.895752,13.797912,172.50424,10.301,24.329851,11.542478,176.42374
2012-05-10 20:00:00+00:00,24.501,0.0,0.0,40.355408,15.876775,176.09958,10.151,25.139975,13.32,180.0
2012-05-10 21:00:00+00:00,24.701,0.0,0.0,39.742603,17.731598,185.82625,10.101,25.019201,14.561099,188.53069
2012-05-10 22:00:00+00:00,24.101,0.0,0.0,40.10803,13.363711,184.63538,9.701,24.427044,11.609651,187.12492
2012-05-10 23:00:00+00:00,23.301,0.0,0.0,41.946133,13.661038,198.43504,9.651,22.88174,11.503113,200.13638
2012-05-11 00:00:00+00:00,22.501,0.0,0.0,44.176533,12.224107,193.62701,9.701,21.23414,10.483357,195.94547
2012-05-11 01:00:00+00:00,21.201,0.0,0.0,48.308605,11.720751,190.6196,9.851,19.720497,9.9571085,192.5288
2012-05-11 02:00:00+00:00,19.001,0.0,0.0,56.662952,11.090103,193.13403,10.201,17.710506,9.346143,195.6423
2012-05-11 03:00:00+00:00,16.801,0.0,0.0,65.9485,10.829958,201.4478,10.401,15.7328205,8.225035,203.19861
2012-05-11 04:00:00+00:00,15.451,0.0,0.0,72.35881,8.534353,207.64589,10.500999,14.67281,6.439876,206.56499
2012-05-11 05:00:00+00:00,14.651,0.0,0.0,76.43299,5.771239,183.57626,10.551,14.136318,4.73506,188.74608
2012-05-11 06:00:00+00:00,13.901,0.0,0.0,81.30825,6.28713,156.3706,10.750999,13.486902,4.452954,165.96373
2012-05-11 07:00:00+00:00,13.151,0.0,0.0,83.68654,6.28713,156.3706,10.451,12.762295,3.671294,168.69011
2012-05-11 08:00:00+00:00,12.951,0.0,0.0,85.3538,5.8048253,172.87508,10.551,12.578995,3.7585104,196.69933
2012-05-11 09:00:00+00:00,12.551,0.0,0.0,86.74696,5.4119864,183.814,10.401,12.1176815,3.8773184,201.80147
2012-05-11 10:00:00+00:00,12.201,0.0,0.0,88.17339,1.1384199,198.43504,10.301,12.021297,1.9386592,201.80147
2012-05-11 11:00:00+00:00,11.701,0.0,0.0,89.61688,5.495161,148.39255,10.051,11.233894,3.4152596,161.56496
2012-05-11 12:00:00+00:00,11.301,0.0,0.0,90.79499,7.0911775,156.0375,9.851,10.688082,4.0249224,169.6952
2012-05-11 13:00:00+00:00,10.651,0.0,0.0,91.9791,6.9527545,158.74942,9.401,9.785349,4.896529,162.89719
2012-05-11 14:00:00+00:00,12.551,0.0,0.0,84.7429,7.0911775,156.0375,10.051,11.91781,4.5536795,161.56496
2012-05-11 15:00:00+00:00,15.101,0.0,0.0,72.77919,7.172949,162.47433,10.250999,14.33445,5.8603754,169.3804
2012-05-11 16:00:00+00:00,17.251,0.0,0.0,64.09547,7.928178,182.60251,10.401,16.379158,6.87779,186.00891
2012-05-11 17:00:00+00:00,19.151,0.0,0.0,56.511555,9.3876505,184.39862,10.301,18.614758,7.9932976,187.76508
2012-05-11 18:00:00+00:00,21.101,0.0,0.0,49.425922,11.043261,199.0257,10.101,21.394861,9.565437,199.79897
2012-05-11 19:00:00+00:00,21.701,0.0,0.0,48.28303,12.413477,209.53868,10.301,22.58341,10.630672,208.30066
2012-05-11 20:00:00+00:00,22.651,0.0,0.0,45.417095,13.089354,211.50421,10.250999,23.736563,10.990322,211.60745
2012-05-11 21:00:00+00:00,23.301,0.0,0.0,43.664787,13.584932,212.00534,10.250999,24.24702,11.4862,212.19571
2012-05-11 22:00:00+00:00,23.651,0.0,0.0,42.18526,9.19939,210.57915,10.051,24.675999,8.39657,210.96368
2012-05-11 23:00:00+00:00,23.451,0.0,0.0,41.847813,10.948973,207.40749,9.750999,23.40842,9.511088,209.4758
2012-05-12 00:00:00+00:00,22.401,0.0,0.0,44.29702,13.479583,214.11452,9.651,20.949965,11.681987,213.6901
2012-05-12 01:00:00+00:00,20.801,0.0,0.0,49.01535,14.003028,223.95847,9.701,19.021248,11.720751,222.5104
2012-05-12 02:00:00+00:00,19.251,0.0,0.0,54.13217,11.720751,227.4896,9.750999,17.7845,9.673221,224.9999
2012-05-12 03:00:00+00:00,17.601,0.0,0.0,61.041664,10.464797,229.18501,10.000999,16.465141,7.8954163,226.8476
2012-05-12 04:00:00+00:00,16.351,0.0,0.0,66.96199,8.942214,229.89915,10.201,15.495512,6.3690495,227.29063
2012-05-12 05:00:00+00:00,15.250999,0.0,0.0,74.523285,6.3690495,222.70937,10.750999,14.743565,5.0911684,224.9999
2012-05-12 06:00:00+00:00,14.651,0.0,0.0,76.687935,4.8433046,221.98714,10.601,14.357584,3.319036,220.60121
2012-05-12 07:00:00+00:00,13.951,0.0,0.0,78.38917,3.319036,229.39879,10.250999,13.703138,2.3051248,231.34016
2012-05-12 08:00:00+00:00,13.250999,0.0,0.0,82.589745,1.2979984,236.3099,10.351,13.06233,2.0991426,239.0363
2012-05-12 09:00:00+00:00,12.551,0.0,0.0,86.45814,0.8049845,116.56499,10.351,12.59429,0.5091169,224.9999
2012-05-12 10:00:00+00:00,12.250999,0.0,0.0,87.29923,2.8116899,129.80553,10.201,12.207653,0.8049845,116.56499
2012-05-12 11:00:00+00:00,11.951,0.0,0.0,88.151535,5.1544156,167.90526,10.051,11.558667,2.9024127,172.87508
2012-05-12 12:00:00+00:00,11.701,0.0,0.0,88.12964,5.8048253,172.87508,9.801,11.42612,1.609969,153.43501
2012-05-12 13:00:00+00:00,11.551,0.0,0.0,87.52708,6.162207,186.70975,9.551,11.274891,1.1384199,198.43504
2012-05-12 14:00:00+00:00,13.201,0.0,0.0,80.4046,6.725354,195.52417,9.901,12.474989,4.8965297,216.02747
2012-05-12 15:00:00+00:00,16.751,0.0,0.0,61.873623,7.42159,202.8337,9.401,15.7060795,6.12,208.07239
2012-05-12 16:00:00+00:00,18.701,0.0,0.0,55.275455,7.289445,212.90524,9.551,17.64302,6.489992,213.6901
2012-05-12 17:00:00+00:00,20.901,0.0,0.0,48.551678,7.9932966,215.83774,9.651,20.35926,6.989936,214.50858
2012-05-12 18:00:00+00:00,23.151,0.0,0.0,41.763454,9.290511,215.53777,9.451,23.436832,8.287822,214.3804
2012-05-12 19:00:00+00:00,23.851,0.0,0.0,41.264297,11.480557,221.18582,9.901,24.603737,9.957108,220.60121
2012-05-12 20:00:00+00:00,24.701,0.0,0.0,39.34586,12.984975,226.12321,9.951,25.381369,11.200571,224.9999
2012-05-12 21:00:00+00:00,25.401,0.0,0.0,37.612034,14.84318,230.90614,9.901,26.033035,12.261157,229.76372
2012-05-12 22:00:00+00:00,25.351,0.0,0.0,37.09722,14.186923,234.29321,9.651,25.323534,12.313894,232.12495
2012-05-12 23:00:00+00:00,25.051,0.0,0.0,36.517548,14.982228,234.78232,9.151,24.18137,12.599998,233.13002
2012-05-13 00:00:00+00:00,24.501,0.0,0.0,36.732296,12.979984,236.3099,8.750999,22.814163,11.090103,234.24602
2012-05-13 01:00:00+00:00,23.351,0.0,0.0,39.76169,11.681987,236.3099,8.901,21.632235,9.793059,233.97253
2012-05-13 02:00:00+00:00,21.401,0.0,0.0,46.145206,11.4862,237.80429,9.351,19.878311,9.290511,234.46223
2012-05-13 03:00:00+00:00,19.251,0.0,0.0,55.046047,11.923557,241.11351,10.000999,18.100298,7.9932966,234.16226
2012-05-13 04:00:00+00:00,17.601,0.0,0.0,62.69455,8.891344,248.6293,10.401,16.901962,5.692099,235.30478
2012-05-13 05:00:00+00:00,16.451,0.0,0.0,69.944984,5.154415,245.22488,10.951,16.22073,3.6,233.13002
2012-05-13 06:00:00+00:00,15.551,0.0,0.0,74.82233,3.319036,229.39879,11.101,15.628931,1.8,216.86998
2012-05-13 07:00:00+00:00,14.500999,0.0,0.0,76.91994,2.4149535,206.56499,10.500999,14.309975,2.4149535,206.56499
2012-05-13 08:00:00+00:00,13.651,0.0,0.0,81.27527,2.4149535,243.43501,10.500999,13.476135,2.3051248,218.65984
2012-05-13 09:00:00+00:00,13.250999,0.0,0.0,82.589745,0.8049845,296.56497,10.351,13.29421,0.5091169,224.9999
2012-05-13 10:00:00+00:00,12.601,0.0,0.0,84.74841,4.6800003,112.61991,10.101,12.593718,0.35999998,90.0
2012-05-13 11:00:00+00:00,12.151,0.0,0.0,85.268555,5.4119864,176.186,9.750999,11.7998085,2.0364676,224.9999
2012-05-13 12:00:00+00:00,11.851,0.0,0.0,84.95048,8.089993,200.85454,9.401,11.436889,1.8,233.13002
2012-05-13 13:00:00+00:00,11.750999,0.0,0.0,83.5216,9.085988,213.6901,9.051,10.963447,3.7064266,240.94548
2012-05-13 14:00:00+00:00,13.451,0.0,0.0,77.27045,7.289445,212.90524,9.551,12.634426,4.8433046,228.01286
2012-05-13 15:00:00+00:00,17.601,0.0,0.0,58.241432,5.991594,212.73521,9.301,16.7068,4.8965297,216.02747
2012-05-13 16:00:00+00:00,19.951,0.0,0.0,50.796425,7.2,216.86998,9.451,18.908072,6.193674,215.53777
2012-05-13 17:00:00+00:00,22.101,0.0,0.0,45.72216,7.2,216.86998,9.851,22.012112,6.193674,215.53777
2012-05-13 18:00:00+00:00,24.151,0.0,0.0,40.663216,6.9153743,218.65984,9.951,25.106195,6.193674,215.53777
2012-05-13 19:00:00+00:00,24.801,0.0,0.0,37.568512,9.686609,228.01286,9.351,25.633774,8.404285,226.73567
2012-05-13 20:00:00+00:00,26.201,0.0,0.0,34.570675,13.089354,238.49579,9.351,27.102541,10.883676,235.78424
2012-05-13 21:00:00+00:00,26.851,0.0,0.0,33.15939,15.459054,242.24155,9.301,27.250624,12.904882,239.85869
2012-05-13 22:00:00+00:00,26.851,0.0,0.0,33.04802,14.277983,236.3099,9.250999,26.960783,12.387348,234.46223
2012-05-13 23:00:00+00:00,26.151,0.0,0.0,34.67299,15.990646,238.81508,9.351,25.39817,13.281023,237.17146
2012-05-14 00:00:00+00:00,25.301,0.0,0.0,36.588284,15.778518,242.8504,9.401,23.618065,13.217443,240.64233
2012-05-14 01:00:00+00:00,23.951,0.0,0.0,40.335484,14.84318,247.1663,9.651,22.104101,12.074766,243.43501
2012-05-14 02:00:00+00:00,22.001,0.0,0.0,46.77771,11.770403,246.57129,10.101,20.681444,9.339208,242.44727
2012-05-14 03:00:00+00:00,19.701,0.0,0.0,55.71471,10.315115,240.75127,10.601,18.881573,6.9153743,231.34016
2012-05-14 04:00:00+00:00,18.001,0.0,0.0,63.204147,7.5942082,238.57048,10.901,17.425533,5.8603754,222.5104
2012-05-14 05:00:00+00:00,16.701,0.0,0.0,70.69245,4.3349743,221.63345,11.351,16.765606,2.4149535,206.56499
2012-05-14 06:00:00+00:00,15.750999,0.0,0.0,75.35329,3.319036,192.5288,11.401,15.915821,1.835647,168.69011
2012-05-14 07:00:00+00:00,15.451,0.0,0.0,75.55343,4.6800003,202.6199,11.151,15.544201,1.8,180.0
2012-05-14 08:00:00+00:00,15.601,0.0,0.0,73.84437,5.1919937,213.6901,10.951,15.613232,1.9386592,201.80147
2012-05-14 09:00:00+00:00,15.051,0.0,0.0,75.73859,3.4152596,198.43504,10.801,14.986008,2.16,180.0
2012-05-14 10:00:00+00:00,14.401,0.0,0.0,77.67682,6.6185193,112.38018,10.551,14.059828,3.5455887,113.962494
2012-05-14 11:00:00+00:00,14.301,0.0,0.0,76.12195,8.404285,136.73567,10.151,13.773396,4.0249224,116.56499
2012-05-14 12:00:00+00:00,14.601,0.0,0.0,72.688545,8.891343,148.24057,9.750999,13.9478855,4.1046314,127.875046
2012-05-14 13:00:00+00:00,14.750999,0.0,0.0,70.081184,8.209263,142.12495,9.351,13.973028,4.198285,120.96369
2012-05-14 14:00:00+00:00,15.250999,0.0,0.0,67.40781,8.287822,145.6196,9.250999,14.3514805,4.8433046,138.01286
2012-05-14 15:00:00+00:00,17.701,0.0,0.0,58.462105,5.5887027,165.06853,9.451,16.877583,4.6938252,175.60138
2012-05-14 16:00:00+00:00,20.301,0.0,0.0,50.21184,5.4119864,176.186,9.601,19.465916,5.0528407,184.08554
2012-05-14 17:00:00+00:00,22.551,0.0,0.0,43.309647,6.28713,193.24052,9.451,22.428907,5.937272,194.03627
2012-05-14 18:00:00+00:00,24.351,0.0,0.0,38.723354,7.754637,201.80147,9.401,25.05863,6.9527545,201.25058
2012-05-14 19:00:00+00:00,25.551,0.0,0.0,34.040165,10.00256,210.25635,8.551,26.337692,9.021574,208.61037
2012-05-14 20:00:00+00:00,26.851,0.0,0.0,31.099026,13.830749,218.65984,8.351,27.382805,11.808878,217.56866
2012-05-14 21:00:00+00:00,27.401,0.0,0.0,29.604792,16.870138,230.19447,8.101,27.339706,14.291592,229.08571
2012-05-14 22:00:00+00:00,27.401,0.0,0.0,29.006998,15.580141,229.68597,7.8009996,27.091816,13.004922,228.36655
2012-05-14 23:00:00+00:00,27.001,0.0,0.0,28.89661,16.075521,235.95401,7.401,25.830532,13.18308,235.0079
2012-05-15 00:00:00+00:00,26.151,0.0,0.0,29.459719,15.459054,242.24155,6.9509997,23.932194,12.904882,239.85869
2012-05-15 01:00:00+00:00,24.701,0.0,0.0,32.221333,15.7908325,245.77226,7.001,22.051607,12.879752,243.43501
2012-05-15 02:00:00+00:00,22.501,0.0,0.0,38.986687,14.689589,252.89719,7.851,20.310476,11.165805,249.22766
2012-05-15 03:00:00+00:00,19.951,0.0,0.0,49.447258,12.57426,256.75946,9.051,18.52821,8.049845,243.43501
2012-05-15 04:00:00+00:00,17.951,0.0,0.0,59.1145,6.379216,253.61038,9.851,17.329863,4.072935,224.9999
2012-05-15 05:00:00+00:00,16.451,0.0,0.0,67.2068,4.0249224,190.3048,10.351,16.144545,2.9024127,172.87508
2012-05-15 06:00:00+00:00,15.201,0.0,0.0,74.020424,6.849467,183.01273,10.601,14.893436,3.4152596,161.56496
2012-05-15 07:00:00+00:00,14.851,0.0,0.0,73.71287,6.519877,186.3401,10.201,14.455107,3.219938,153.43501
2012-05-15 08:00:00+00:00,14.000999,0.0,0.0,77.35634,5.2416787,164.05453,10.101,13.478163,3.8939953,146.3099
2012-05-15 09:00:00+00:00,13.500999,0.0,0.0,79.1124,5.692099,145.30478,9.951,12.945152,3.8268526,138.81418
2012-05-15 10:00:00+00:00,12.651,0.0,0.0,82.23897,6.9527545,158.74942,9.701,12.098684,3.319036,139.39879
2012-05-15 11:00:00+00:00,12.151,0.0,0.0,83.00912,7.42159,157.1663,9.351,11.465891,3.563818,135.0001
2012-05-15 12:00:00+00:00,11.851,0.0,0.0,82.4149,7.653705,138.81418,8.951,10.789559,5.3999996,126.86998
2012-05-15 13:00:00+00:00,11.801,0.0,0.0,80.75502,10.009036,127.694305,8.601,10.612402,5.634891,116.56499
2012-05-15 14:00:00+00:00,13.301,0.0,0.0,74.43727,10.97262,131.00899,8.851,12.081816,6.297428,120.963684
2012-05-15 15:00:00+00:00,16.551,0.0,0.0,59.373726,7.7879906,146.3099,8.601,15.314411,5.95906,154.98314
2012-05-15 16:00:00+00:00,18.651,0.0,0.0,52.362762,6.87779,173.99109,8.701,17.416681,6.12,180.0
2012-05-15 17:00:00+00:00,21.051,0.0,0.0,44.972847,8.049845,190.3048,8.651,20.237518,7.342588,191.30989
2012-05-15 18:00:00+00:00,23.301,0.0,0.0,38.55604,9.565437,199.79897,8.401,23.282444,8.557102,202.24907
2012-05-15 19:00:00+00:00,24.151,0.0,0.0,38.407196,10.685391,212.61923,9.101,24.608383,9.693296,211.32863
2012-05-15 20:00:00+00:00,25.501,0.0,0.0,35.91355,13.392774,216.25392,9.301,26.282534,11.384198,214.69522
2012-05-15 21:00:00+00:00,26.401,0.0,0.0,34.279854,16.135872,218.65984,9.401,26.752047,13.608762,217.47626
2012-05-15 22:00:00+00:00,26.601,0.0,0.0,34.221107,12.496718,228.50363,9.551,27.09395,10.703569,227.72638
2012-05-15 23:00:00+00:00,26.101,0.0,0.0,34.892735,13.896187,233.42688,9.401,25.613632,11.753876,229.9698
2012-05-16 00:00:00+00:00,25.451,0.0,0.0,35.29989,14.264361,227.04541,9.000999,23.821905,11.966954,223.7812
2012-05-16 01:00:00+00:00,24.501,0.0,0.0,36.608395,14.799459,221.05472,8.701,22.402054,12.031756,218.92755
2012-05-16 02:00:00+00:00,22.901,0.0,0.0,40.720764,12.031756,218.92755,8.851,21.137615,10.009036,217.6943
2012-05-16 03:00:00+00:00,20.851,0.0,0.0,48.051636,7.729527,207.75845,9.451,19.889194,5.634891,206.56499
2012-05-16 04:00:00+00:00,19.501,0.0,0.0,54.19663,4.3498964,155.55606,10.000999,18.8772,4.379589,170.53775
2012-05-16 05:00:00+00:00,18.551,0.0,0.0,58.86546,5.991594,122.73522,10.351,18.026306,4.39436,124.992096
2012-05-16 06:00:00+00:00,17.501,0.0,0.0,63.937744,6.4096174,128.15727,10.601,17.173805,3.5455887,113.962494
2012-05-16 07:00:00+00:00,15.901,0.0,0.0,73.8967,6.3690495,137.29063,11.250999,15.863939,2.9024127,119.74479
2012-05-16 08:00:00+00:00,15.601,0.0,0.0,72.38623,5.154415,155.22488,10.651,15.523485,1.9386592,158.19853
2012-05-16 09:00:00+00:00,15.051,0.0,0.0,73.01355,3.6179552,185.7105,10.250999,14.786919,2.4149535,206.56499
2012-05-16 10:00:00+00:00,14.601,0.0,0.0,72.202736,3.671294,191.30989,9.651,14.352417,1.1384199,198.43504
2012-05-16 11:00:00+00:00,13.651,0.0,0.0,73.7487,5.6920996,161.56496,9.051,13.141287,1.8,126.86999
2012-05-16 12:00:00+00:00,13.051,0.0,0.0,73.14521,7.928177,140.52757,8.351,12.219049,2.7416782,113.19862
2012-05-16 13:00:00+00:00,12.601,0.0,0.0,72.32173,9.178235,131.82008,7.751,11.481012,3.671294,101.3099
2012-05-16 14:00:00+00:00,14.250999,0.0,0.0,68.11576,8.913181,136.63654,8.451,13.232428,4.198285,120.96369
2012-05-16 15:00:00+00:00,20.001,0.0,0.0,47.016365,6.763786,154.7989,8.351,18.815536,5.1544156,167.90526
2012-05-16 16:00:00+00:00,23.601,0.0,0.0,32.242764,7.9932976,187.76508,6.0509996,21.590975,6.9899354,191.88864
2012-05-16 17:00:00+00:00,26.051,0.0,0.0,28.339846,9.504273,204.62355,6.3009996,24.759047,8.225035,203.19861
2012-05-16 18:00:00+00:00,28.201,0.0,0.0,25.854115,9.885262,213.11136,6.8009996,27.891312,8.891343,211.75943
2012-05-16 19:00:00+00:00,28.301,0.0,0.0,29.55299,9.957108,220.60121,8.851,29.170116,8.714677,218.2902
2012-05-16 20:00:00+00:00,29.651,0.0,0.0,28.55409,12.218805,224.9999,9.500999,30.699482,10.44,223.60289
2012-05-16 21:00:00+00:00,30.401,0.0,0.0,28.567213,14.529915,228.01286,10.151,31.183224,12.475961,226.16905
2012-05-16 22:00:00+00:00,30.451,0.0,0.0,29.451368,10.296251,233.53067,10.651,31.639584,8.942214,229.89915
2012-05-16 23:00:00+00:00,30.051,0.0,0.0,30.538328,11.304229,232.76509,10.851,30.328602,9.957108,229.39879
2012-05-17 00:00:00+00:00,29.301,0.0,0.0,32.098896,11.720751,222.5104,10.951,28.577297,9.957108,220.60121
2012-05-17 01:00:00+00:00,27.901,0.0,0.0,35.398823,13.276144,220.60121,11.201,26.658676,11.019764,218.36752
2012-05-17 02:00:00+00:00,25.801,0.0,0.0,40.9904,13.246826,227.20262,11.551,24.716202,10.691453,224.9999
2012-05-17 03:00:00+00:00,23.501,0.0,0.0,48.60898,6.989936,214.50858,12.051,23.196144,6.439876,206.56499
2012-05-17 04:00:00+00:00,22.251,0.0,0.0,54.006393,5.6920996,161.56496,12.500999,22.280954,5.1544156,167.90526
2012-05-17 05:00:00+00:00,21.301,0.0,0.0,59.33102,7.0911775,156.0375,13.051,21.419472,5.815978,158.19853
2012-05-17 06:00:00+00:00,20.851,0.0,0.0,62.40185,7.289444,159.77505,13.401,21.186665,5.154415,155.22488
2012-05-17 07:00:00+00:00,18.651,0.0,0.0,69.45609,7.42159,140.90616,12.951,18.878653,4.8433046,138.01286
2012-05-17 08:00:00+00:00,18.701,0.0,0.0,67.67102,6.989936,145.49142,12.601,18.959454,3.8268526,138.81418
2012-05-17 09:00:00+00:00,18.351,0.0,0.0,67.599396,5.634891,153.43501,12.250999,18.60099,3.096837,144.46223
2012-05-17 10:00:00+00:00,18.001,0.0,0.0,67.52756,8.161764,138.57643,11.901,18.031902,3.8268526,131.18582
2012-05-17 11:00:00+00:00,17.301,0.0,0.0,68.50778,11.681987,146.3099,11.451,16.745565,6.8777895,137.12111
2012-05-17 12:00:00+00:00,17.701,0.0,0.0,64.4088,11.183201,146.82147,10.901,17.086233,6.1305785,139.76372
2012-05-17 13:00:00+00:00,17.401,0.0,0.0,63.915478,10.691453,135.0001,10.500999,16.70036,5.904439,127.568665
2012-05-17 14:00:00+00:00,17.901,0.0,0.0,62.139202,10.009036,142.3057,10.551,17.06612,6.9247384,152.10283
2012-05-17 15:00:00+00:00,20.301,0.0,0.0,53.50463,7.771331,166.60748,10.551,19.524239,6.519877,173.6599
2012-05-17 16:00:00+00:00,22.851,0.0,0.0,43.24836,8.311245,175.03035,9.701,21.729568,7.2,180.0
2012-05-17 17:00:00+00:00,25.101,0.0,0.0,37.779865,10.137692,196.50444,9.701,24.549007,8.654986,196.9276
2012-05-17 18:00:00+00:00,26.501,0.0,0.0,36.438023,10.931203,197.24155,10.401,26.907871,9.565437,199.79897
2012-05-17 19:00:00+00:00,25.951,0.0,0.0,37.391197,12.181625,198.9705,10.301,26.828539,10.365251,200.32323
2012-05-17 20:00:00+00:00,26.751,0.0,0.0,37.120342,13.779114,199.8553,10.901,27.773785,11.966953,201.16133
2012-05-17 21:00:00+00:00,27.051,0.0,0.0,37.20466,15.379206,200.55612,11.201,27.748825,13.1041975,200.92458
2012-05-17 22:00:00+00:00,26.801,0.0,0.0,38.13232,13.779114,199.8553,11.351,27.55177,11.966953,201.16133
2012-05-17 23:00:00+00:00,26.051,0.0,0.0,40.254814,14.8257065,209.0545,11.500999,26.006308,12.413477,209.53868
2012-05-18 00:00:00+00:00,25.001,0.0,0.0,43.414806,14.277983,213.6901,11.701,24.027472,11.983188,212.73521
2012-05-18 01:00:00+00:00,23.451,0.0,0.0,48.595528,12.594856,210.96368,12.000999,22.493397,10.805998,209.98155
2012-05-18 02:00:00+00:00,21.101,0.0,0.0,57.749836,12.397806,205.82094,12.451,20.410929,9.983106,205.64096
2012-05-18 03:00:00+00:00,18.851,0.0,0.0,67.70166,11.304229,189.16228,12.750999,18.430447,8.825508,191.76826
2012-05-18 04:00:00+00:00,17.401,0.0,0.0,75.13285,11.966953,173.08887,12.951,17.02192,9.007196,177.70944
2012-05-18 05:00:00+00:00,16.551,0.0,0.0,79.80985,12.57426,156.3706,13.051,16.241299,8.766573,160.82089
2012-05-18 06:00:00+00:00,15.651,0.0,0.0,85.0794,14.480773,145.1246,13.151,15.384413,8.707237,150.2552
2012-05-18 07:00:00+00:00,14.101,0.0,0.0,87.470085,14.799459,138.94528,12.051,13.541956,8.209263,142.12495
2012-05-18 08:00:00+00:00,13.951,0.0,0.0,87.74497,14.565548,129.98683,11.951,13.405668,7.8954163,133.1524
2012-05-18 09:00:00+00:00,13.801,0.0,0.0,87.73152,16.179987,122.27562,11.801,13.150688,8.287822,124.3804
2012-05-18 10:00:00+00:00,13.701,0.0,0.0,87.72253,14.565548,140.01317,11.701,13.0032215,8.39657,149.03632
2012-05-18 11:00:00+00:00,13.551,0.0,0.0,88.29039,11.384198,145.30478,11.651,13.215467,5.8048253,150.2552
2012-05-18 12:00:00+00:00,13.000999,0.0,0.0,91.21228,9.673221,135.0001,11.601,12.790068,4.8433046,138.01286
2012-05-18 13:00:00+00:00,12.651,0.0,0.0,93.3252,8.404285,133.26433,11.601,12.514242,4.3349743,138.36655
2012-05-18 14:00:00+00:00,13.701,0.0,0.0,87.14516,6.193674,144.46223,11.601,13.53846,4.510787,151.38963
2012-05-18 15:00:00+00:00,15.151,0.0,0.0,77.7916,5.815978,158.19853,11.301,14.838696,4.896529,162.89719
2012-05-18 16:00:00+00:00,16.951,0.0,0.0,67.984634,6.130579,176.6336,11.000999,16.473192,5.3999996,180.0
2012-05-18 17:00:00+00:00,19.151,0.0,0.0,57.845314,7.172949,197.52567,10.651,18.912909,6.379216,196.38962
2012-05-18 18:00:00+00:00,21.051,0.0,0.0,50.24466,10.464797,206.56499,10.301,21.382084,9.178235,205.55992
2012-05-18 19:00:00+00:00,22.651,0.0,0.0,44.218327,11.183201,213.17853,9.851,23.336048,10.1887,212.00534
2012-05-18 20:00:00+00:00,23.801,0.0,0.0,42.227306,15.1884165,211.42952,10.201,24.460815,12.904882,210.1413
2012-05-18 21:00:00+00:00,24.351,0.0,0.0,41.129448,18.278645,212.12497,10.301,24.617111,15.1884165,211.42952
2012-05-18 22:00:00+00:00,24.001,0.0,0.0,43.280464,12.387348,215.53777,10.750999,24.833248,10.587918,215.3113
2012-05-18 23:00:00+00:00,23.351,0.0,0.0,44.412903,11.525623,218.65984,10.551,23.471401,10.009036,217.6943
2012-05-19 00:00:00+00:00,22.801,0.0,0.0,44.855785,12.7279215,208.7397,10.201,21.631016,11.119281,209.0545
2012-05-19 01:00:00+00:00,21.851,0.0,0.0,46.58036,15.175612,202.30626,9.901,20.023092,12.43434,202.1095
2012-05-19 02:00:00+00:00,20.101,0.0,0.0,52.043026,15.646544,203.02553,9.951,18.267662,12.57426,203.6294
2012-05-19 03:00:00+00:00,18.201,0.0,0.0,59.571667,12.303366,200.55612,10.201,16.908772,9.360001,202.6199
2012-05-19 04:00:00+00:00,16.851,0.0,0.0,66.17937,8.311245,184.96965,10.500999,16.112938,6.162207,186.70975
2012-05-19 05:00:00+00:00,15.901,0.0,0.0,71.961334,8.534353,152.35411,10.851,15.33569,5.6920996,161.56496
2012-05-19 06:00:00+00:00,15.101,0.0,0.0,77.27021,9.686609,138.01286,11.151,14.538406,6.297428,149.03632
2012-05-19 07:00:00+00:00,14.000999,0.0,0.0,86.886406,9.422101,136.54811,11.851,13.584604,6.792466,147.99466
2012-05-19 08:00:00+00:00,14.000999,0.0,0.0,87.173256,8.707237,150.2552,11.901,13.810633,5.3517847,160.34608
2012-05-19 09:00:00+00:00,13.901,0.0,0.0,87.74048,7.6367526,171.86998,11.901,13.858936,4.3349743,184.76355
2012-05-19 10:00:00+00:00,13.750999,0.0,0.0,88.599106,5.0911684,171.86998,11.901,13.805746,3.671294,168.69011
2012-05-19 11:00:00+00:00,13.851,0.0,0.0,86.87207,5.1544156,167.90526,11.701,13.739006,4.379589,170.53775
2012-05-19 12:00:00+00:00,13.701,0.0,0.0,85.15061,6.489992,146.3099,11.250999,13.356434,5.0142193,158.96242
2012-05-19 13:00:00+00:00,13.500999,0.0,0.0,84.56601,7.4128532,150.9455,10.951,13.082285,4.896529,162.89719
2012-05-19 14:00:00+00:00,14.151,0.0,0.0,82.97512,6.297428,149.03632,11.301,13.8389,4.896529,162.89719
2012-05-19 15:00:00+00:00,16.501,0.0,0.0,68.57393,5.5887027,165.06853,10.701,15.978359,5.0911684,171.86998
2012-05-19 16:00:00+00:00,19.401,0.0,0.0,56.57408,7.342588,191.30989,10.551,18.607374,6.638072,192.5288
2012-05-19 17:00:00+00:00,21.901,0.0,0.0,48.8226,8.217153,208.8107,10.651,21.762571,7.4128532,209.0545
2012-05-19 18:00:00+00:00,23.801,0.0,0.0,44.390026,9.1641035,224.9999,10.951,24.479977,7.8954163,223.1524
2012-05-19 19:00:00+00:00,24.401,0.0,0.0,45.14835,10.296251,233.53067,11.750999,25.989424,8.942214,229.89915
2012-05-19 20:00:00+00:00,25.751,0.0,0.0,42.49052,11.885453,234.86572,12.051,27.542234,10.009036,232.3057
2012-05-19 21:00:00+00:00,26.701,0.0,0.0,39.90768,13.584932,237.99466,11.951,28.092606,11.885453,234.86572
2012-05-19 22:00:00+00:00,27.201,0.0,0.0,37.99291,11.4862,237.80429,11.651,28.457726,9.793059,233.97253
2012-05-19 23:00:00+00:00,27.101,0.0,0.0,36.6068,11.609651,240.2552,11.000999,27.391819,9.885262,236.88864
2012-05-20 00:00:00+00:00,26.551,0.0,0.0,36.573772,13.089354,238.49579,10.500999,25.499004,11.090103,234.24602
2012-05-20 01:00:00+00:00,25.551,0.0,0.0,39.19223,14.05845,230.19447,10.651,24.04251,11.720751,227.4896
2012-05-20 02:00:00+00:00,23.601,0.0,0.0,45.83061,13.044722,219.40063,11.250999,22.4089,10.799999,216.86998
2012-05-20 03:00:00+00:00,21.101,0.0,0.0,55.882137,11.113451,204.90474,11.951,20.553167,7.8954163,204.22774
2012-05-20 04:00:00+00:00,19.251,0.0,0.0,63.90312,7.9932976,187.76508,12.250999,19.086384,5.937272,194.03627
2012-05-20 05:00:00+00:00,18.001,0.0,0.0,70.01477,6.924738,171.02745,12.451,18.033216,5.04,180.0
2012-05-20 06:00:00+00:00,16.901,0.0,0.0,76.04016,6.849467,176.98727,12.651,16.99985,5.04,180.0
2012-05-20 07:00:00+00:00,15.951,0.0,0.0,79.98781,5.4119864,183.814,12.500999,16.210398,3.6,180.0
2012-05-20 08:00:00+00:00,15.401,0.0,0.0,82.58203,3.6,180.0,12.451,15.901361,1.835647,168.69011
2012-05-20 09:00:00+00:00,15.351,0.0,0.0,81.76625,2.7416782,156.80138,12.250999,15.936199,0.8049845,153.43501
2012-05-20 10:00:00+00:00,14.901,0.0,0.0,82.24894,4.379589,99.46225,11.901,15.119686,2.5455842,81.86999
2012-05-20 11:00:00+00:00,14.601,0.0,0.0,81.940125,5.3517847,137.72638,11.551,14.77434,2.0991426,120.96369
2012-05-20 12:00:00+00:00,14.201,0.0,0.0,81.61798,5.991594,147.26479,11.101,14.244732,2.0364676,135.0001
2012-05-20 13:00:00+00:00,13.851,0.0,0.0,81.03161,6.12,151.92761,10.651,13.750431,2.0991426,149.03632
2012-05-20 14:00:00+00:00,15.651,0.0,0.0,74.34472,5.4833565,156.80138,11.101,15.6128235,2.5959969,146.3099
2012-05-20 15:00:00+00:00,20.651,0.0,0.0,53.595192,4.3349743,175.23645,10.901,20.349218,3.9763298,185.19434
2012-05-20 16:00:00+00:00,24.051,0.0,0.0,40.228603,5.95906,205.01686,9.701,23.157185,5.634891,206.56499
2012-05-20 17:00:00+00:00,26.451,0.0,0.0,35.70133,7.653705,228.81418,10.051,26.278236,7.127636,224.9999
2012-05-20 18:00:00+00:00,28.451,0.0,0.0,32.72479,9.19939,239.42085,10.500999,29.25811,7.9932966,234.16226
2012-05-20 19:00:00+00:00,28.751,0.0,0.0,32.48267,9.983106,244.35904,10.651,30.085396,8.707237,240.2552
2012-05-20 20:00:00+00:00,30.101,0.0,0.0,30.85785,11.435313,241.8215,11.051,31.683746,9.693296,238.67136
2012-05-20 21:00:00+00:00,31.101,0.0,0.0,28.85336,13.53236,241.38963,10.901,32.268738,11.298495,239.34941
2012-05-20 22:00:00+00:00,31.751,0.0,0.0,26.451105,10.137692,253.49556,10.151,32.816975,8.557102,247.75093
2012-05-20 23:00:00+00:00,31.751,0.0,0.0,24.901918,12.074766,243.43501,9.250999,31.497223,10.315115,240.75127
2012-05-21 00:00:00+00:00,30.851,0.0,0.0,25.947302,15.315873,240.42226,9.101,29.211563,12.4811535,236.76828
2012-05-21 01:00:00+00:00,29.251,0.0,0.0,30.419378,16.375053,236.65927,10.101,27.377949,13.104198,232.81522
2012-05-21 02:00:00+00:00,26.851,0.0,0.0,38.146355,12.229406,227.38597,11.401,25.829737,9.931042,223.53127
2012-05-21 03:00:00+00:00,24.101,0.0,0.0,48.29285,6.9527545,201.25058,12.500999,23.964622,6.28713,193.24052
2012-05-21 04:00:00+00:00,22.101,0.0,0.0,56.315617,6.763786,154.7989,13.000999,22.285753,5.2416787,164.05453
2012-05-21 05:00:00+00:00,20.651,0.0,0.0,62.764534,8.39657,149.03632,13.301,21.019276,4.6938257,147.52882
2012-05-21 06:00:00+00:00,19.551,0.0,0.0,67.62353,7.729527,152.24155,13.401,20.040434,4.1046314,142.12495
2012-05-21 07:00:00+00:00,18.501,0.0,0.0,73.86309,6.696387,143.74608,13.750999,19.187449,3.6,126.86999
2012-05-21 08:00:00+00:00,18.101,0.0,0.0,74.27613,6.638072,130.60121,13.451,18.566252,4.39436,124.992096
2012-05-21 09:00:00+00:00,18.301,0.0,0.0,70.53277,6.1305785,130.23628,12.851,18.633453,3.8939953,123.6901
2012-05-21 10:00:00+00:00,18.951,0.0,0.0,65.1094,9.227524,110.55612,12.250999,19.0654,4.0249224,100.30479
2012-05-21 11:00:00+00:00,19.151,0.0,0.0,62.01459,10.97262,138.99101,11.701,19.077524,4.1046314,127.875046
2012-05-21 12:00:00+00:00,19.051,0.0,0.0,60.172733,10.883676,145.78424,11.151,18.83767,3.8939953,123.6901
2012-05-21 13:00:00+00:00,18.951,0.0,0.0,58.18258,10.1887,147.99466,10.551,18.585083,3.7064266,119.05451
2012-05-21 14:00:00+00:00,19.501,0.0,0.0,55.664165,8.225035,156.80139,10.401,19.065931,3.8773184,158.19853
2012-05-21 15:00:00+00:00,21.801,0.0,0.0,48.4715,4.68,180.0,10.451,21.306288,4.379589,189.46225
2012-05-21 16:00:00+00:00,24.601,0.0,0.0,39.186157,3.9763298,185.19434,9.801,23.969765,4.0249224,190.3048
2012-05-21 17:00:00+00:00,27.051,0.0,0.0,33.66435,4.6800003,202.6199,9.701,27.279877,4.3498964,204.44394
2012-05-21 18:00:00+00:00,29.001,0.0,0.0,29.646185,7.7043357,217.40543,9.500999,29.810242,6.696387,216.25392
2012-05-21 19:00:00+00:00,29.951,0.0,0.0,28.925056,11.212135,227.60262,9.951,31.011002,9.673221,224.9999
2012-05-21 20:00:00+00:00,31.001,0.0,0.0,27.97509,14.336861,231.1155,10.351,32.010788,11.988594,228.65231
2012-05-21 21:00:00+00:00,31.451,0.0,0.0,27.267323,15.349684,230.7106,10.351,32.279495,12.768586,229.574
2012-05-21 22:00:00+00:00,31.401,0.0,0.0,27.253866,12.229406,222.61401,10.301,32.27726,10.195057,222.13753
2012-05-21 23:00:00+00:00,31.051,0.0,0.0,27.250734,12.819235,231.84273,10.000999,30.974422,10.97262,228.99101
2012-05-22 00:00:00+00:00,30.251,0.0,0.0,28.336088,11.983188,237.26477,9.901,29.257782,10.086427,235.17543
2012-05-22 01:00:00+00:00,28.551,0.0,0.0,31.89052,10.009036,232.3057,10.201,27.388119,8.435069,230.19447
2012-05-22 02:00:00+00:00,26.351,0.0,0.0,38.769928,9.686609,221.98714,11.201,25.560637,7.928177,219.47243
2012-05-22 03:00:00+00:00,23.701,0.0,0.0,48.343834,9.422101,223.45189,12.151,23.30437,7.289445,212.90524
2012-05-22 04:00:00+00:00,21.851,0.0,0.0,55.886272,5.154415,204.77512,12.651,22.043905,4.379589,189.46225
2012-05-22 05:00:00+00:00,20.601,0.0,0.0,61.7375,5.692099,124.69522,13.000999,21.026003,3.6,126.86999
2012-05-22 06:00:00+00:00,19.601,0.0,0.0,66.32389,9.659814,116.56499,13.151,19.990446,4.198285,120.96369
2012-05-22 07:00:00+00:00,18.551,0.0,0.0,70.12082,10.685391,122.61923,13.000999,18.837902,4.5536795,108.43504
2012-05-22 08:00:00+00:00,17.701,0.0,0.0,74.20771,7.653705,131.18582,13.051,18.269514,2.7416782,113.19862
2012-05-22 09:00:00+00:00,18.001,0.0,0.0,70.24483,5.3999996,143.13002,12.500999,18.40612,2.5959969,146.3099
2012-05-22 10:00:00+00:00,17.601,0.0,0.0,69.70746,1.5273507,135.0001,12.000999,18.169619,0.35999998,360.0
2012-05-22 11:00:00+00:00,17.251,0.0,0.0,68.724655,3.4152596,198.43504,11.451,17.463806,1.609969,206.56499
2012-05-22 12:00:00+00:00,16.901,0.0,0.0,67.749084,3.6179552,185.7105,10.901,16.912832,1.835647,191.30989
2012-05-22 13:00:00+00:00,16.501,0.0,0.0,67.666794,3.8268526,138.81418,10.500999,16.355566,2.0991426,149.03632
2012-05-22 14:00:00+00:00,17.401,0.0,0.0,66.51642,3.6,143.13002,11.101,17.362318,2.5959969,146.3099
2012-05-22 15:00:00+00:00,21.201,0.0,0.0,49.618263,5.1544156,192.09474,10.250999,20.572947,4.896529,197.10281
2012-05-22 16:00:00+00:00,23.651,0.0,0.0,41.485176,7.628263,199.29015,9.801,22.593311,6.9527545,201.25058
2012-05-22 17:00:00+00:00,25.751,0.0,0.0,36.715446,9.0,196.26028,9.851,25.36848,7.968939,198.43504
2012-05-22 18:00:00+00:00,27.701,0.0,0.0,32.953945,9.9571085,192.5288,9.951,28.207851,8.557102,194.62091
2012-05-22 19:00:00+00:00,28.151,0.0,0.0,33.97259,11.631956,201.80147,10.801,29.283,10.028439,201.03758
2012-05-22 20:00:00+00:00,29.051,0.0,0.0,34.111202,14.986553,204.10223,11.651,30.261002,12.57426,203.6294
2012-05-22 21:00:00+00:00,29.101,0.0,0.0,35.851894,16.645864,201.57137,12.451,30.14257,14.039999,202.6199
2012-05-22 22:00:00+00:00,28.801,0.0,0.0,38.06571,10.365251,200.32323,13.101,30.611858,9.227524,200.55612
2012-05-22 23:00:00+00:00,28.401,0.0,0.0,39.343174,11.592895,205.76927,13.250999,29.383324,9.983106,205.64096
2012-05-23 00:00:00+00:00,27.701,0.0,0.0,40.450176,13.207634,197.44728,13.051,27.409952,11.27553,196.69933
2012-05-23 01:00:00+00:00,26.451,0.0,0.0,42.824615,12.661564,194.82652,12.801,25.80084,10.483357,195.94547
2012-05-23 02:00:00+00:00,24.751,0.0,0.0,47.838444,10.931203,197.24155,12.951,24.353327,9.107359,198.43504
2012-05-23 03:00:00+00:00,22.701,0.0,0.0,55.552742,7.6367526,188.13002,13.351,22.91526,5.8603754,190.6196
2012-05-23 04:00:00+00:00,21.151,0.0,0.0,62.469646,4.5536795,161.56496,13.701,21.658863,4.6938252,175.60138
2012-05-23 05:00:00+00:00,20.351,0.0,0.0,66.480896,3.4152596,161.56496,13.901,21.087355,3.6179552,185.7105
2012-05-23 06:00:00+00:00,19.601,0.0,0.0,68.51954,4.32,180.0,13.651,20.327993,3.0758414,200.55612
2012-05-23 07:00:00+00:00,17.851,0.0,0.0,74.4759,4.802999,192.99461,13.250999,18.436222,3.096837,215.53777
2012-05-23 08:00:00+00:00,16.951,0.0,0.0,78.31889,5.495161,211.60745,13.151,17.395721,3.8268526,221.18582
2012-05-23 09:00:00+00:00,16.701,0.0,0.0,79.05292,6.0347,197.35411,13.051,17.129185,3.7064266,209.0545
2012-05-23 10:00:00+00:00,16.751,0.0,0.0,77.524864,11.113451,155.09526,12.801,16.718208,6.28713,166.75948
2012-05-23 11:00:00+00:00,16.351,0.0,0.0,78.486465,14.04,180.0,12.601,15.932695,8.473393,192.26476
2012-05-23 12:00:00+00:00,15.951,0.0,0.0,79.20416,8.647496,182.3859,12.351,15.934389,5.1544156,192.09474
2012-05-23 13:00:00+00:00,15.701,0.0,0.0,79.168236,7.208994,177.13765,12.101,15.654449,4.802999,192.99461
2012-05-23 14:00:00+00:00,16.151001,0.0,0.0,77.94333,7.9526596,185.19434,12.301,15.952799,6.28713,193.24052
2012-05-23 15:00:00+00:00,18.201,0.0,0.0,66.4651,8.12197,192.80426,11.851,17.793207,6.725354,195.52417
2012-05-23 16:00:00+00:00,20.501,0.0,0.0,57.413418,9.931042,223.53127,11.801,19.792753,8.669949,221.63345
2012-05-23 17:00:00+00:00,22.351,0.0,0.0,51.60236,13.479583,235.88548,11.901,21.94097,11.304229,232.76509
2012-05-23 18:00:00+00:00,24.401,0.0,0.0,45.297523,14.05845,230.19447,11.801,24.82344,11.966954,226.2188
2012-05-23 19:00:00+00:00,25.351,0.0,0.0,41.13628,14.773164,223.02507,11.201,26.092459,12.538134,219.17365
2012-05-23 20:00:00+00:00,26.451,0.0,0.0,38.28717,16.29174,224.9999,11.101,27.17986,13.783817,220.76352
2012-05-23 21:00:00+00:00,27.201,0.0,0.0,36.151787,18.328207,224.9999,10.901,27.638086,15.03835,222.08908
2012-05-23 22:00:00+00:00,27.301,0.0,0.0,35.702393,16.363178,230.35587,10.801,27.557758,13.755579,227.12111
2012-05-23 23:00:00+00:00,27.101,0.0,0.0,35.884243,14.982228,215.21768,10.701,26.805595,12.783802,212.34741
2012-05-24 00:00:00+00:00,26.201,0.0,0.0,38.727783,17.727943,203.9625,11.051,24.741575,14.84318,202.8337
2012-05-24 01:00:00+00:00,24.451,0.0,0.0,44.5698,16.676977,193.73628,11.601,22.993729,13.358861,194.03627
2012-05-24 02:00:00+00:00,22.251,0.0,0.0,51.91727,14.408997,167.00539,11.901,21.189468,11.304229,170.83772
2012-05-24 03:00:00+00:00,19.951,0.0,0.0,61.58812,14.081477,147.52882,12.351,19.27583,9.659814,153.43501
2012-05-24 04:00:00+00:00,18.701,0.0,0.0,67.67102,13.830749,141.34016,12.601,18.148504,9.387651,147.52882
2012-05-24 05:00:00+00:00,17.851,0.0,0.0,72.31834,13.281023,147.17146,12.801,17.535202,8.225035,156.80139
2012-05-24 06:00:00+00:00,17.051,0.0,0.0,76.81431,12.413477,150.46132,12.951,16.922554,7.289444,159.77505
2012-05-24 07:00:00+00:00,15.301,0.0,0.0,84.48702,11.609651,150.2552,12.701,15.254889,6.151683,159.44388
2012-05-24 08:00:00+00:00,14.901,0.0,0.0,87.25698,10.630672,151.69934,12.801,15.005146,5.3517847,160.34608
2012-05-24 09:00:00+00:00,14.451,0.0,0.0,89.82652,9.983106,154.35904,12.801,14.571304,5.2416787,164.05453
2012-05-24 10:00:00+00:00,14.250999,0.0,0.0,89.2245,11.720751,137.4896,12.500999,14.166784,5.95906,154.98314
2012-05-24 11:00:00+00:00,14.250999,0.0,0.0,87.196594,12.181624,145.84026,12.151,14.028883,6.12,151.92761
2012-05-24 12:00:00+00:00,14.051,0.0,0.0,86.035904,11.592894,143.84172,11.750999,13.675076,6.297428,149.03632
2012-05-24 13:00:00+00:00,13.851,0.0,0.0,84.885345,11.183201,146.82147,11.351,13.493301,5.315336,151.69934
2012-05-24 14:00:00+00:00,14.651,0.0,0.0,80.60293,10.30883,155.22488,11.351,14.054363,6.9527545,158.74942
2012-05-24 15:00:00+00:00,17.051,0.0,0.0,66.66378,11.043261,160.9743,10.801,16.0383,8.654986,163.0724
2012-05-24 16:00:00+00:00,18.751,0.0,0.0,61.31035,10.594036,170.21767,11.151,17.828281,8.759178,170.53775
2012-05-24 17:00:00+00:00,20.751,0.0,0.0,55.24383,10.823973,183.814,11.451,20.487616,9.0645685,186.84268
2012-05-24 18:00:00+00:00,22.601,0.0,0.0,49.993073,11.503113,200.13638,11.651,23.336964,10.028439,201.03758
2012-05-24 19:00:00+00:00,22.901,0.0,0.0,50.903683,14.168641,207.21602,12.201,23.97651,12.074766,206.56499
2012-05-24 20:00:00+00:00,23.551,0.0,0.0,48.943306,16.676977,212.6609,12.201,24.55312,13.891522,211.21834
2012-05-24 21:00:00+00:00,23.801,0.0,0.0,48.529953,18.218275,217.77574,12.301,24.69813,14.904173,217.14677
2012-05-24 22:00:00+00:00,23.601,0.0,0.0,48.95671,10.805998,209.98155,12.250999,25.068705,9.511088,209.4758
2012-05-24 23:00:00+00:00,23.201,0.0,0.0,49.172356,12.594856,210.96368,11.951,23.590448,10.990322,211.60745
2012-05-25 00:00:00+00:00,22.651,0.0,0.0,50.006397,15.844089,201.31798,11.701,21.64453,13.237039,202.38017
2012-05-25 01:00:00+00:00,21.901,0.0,0.0,53.21163,17.447933,201.80147,11.951,20.456657,14.039999,202.6199
2012-05-25 02:00:00+00:00,20.051,0.0,0.0,59.815243,15.596767,198.85326,12.000999,18.876867,12.303366,200.55612
2012-05-25 03:00:00+00:00,17.951,0.0,0.0,68.86444,12.57426,193.24052,12.151,17.20671,9.6932955,195.06854
2012-05-25 04:00:00+00:00,16.501,0.0,0.0,76.22543,10.823973,176.186,12.301,16.012066,8.28,180.0
2012-05-25 05:00:00+00:00,15.651,0.0,0.0,81.269775,11.043261,160.9743,12.451,15.285673,7.771331,166.60748
2012-05-25 06:00:00+00:00,15.051,0.0,0.0,85.015114,12.413477,150.46132,12.551,14.5354805,9.028754,156.50142
2012-05-25 07:00:00+00:00,14.951,0.1,0.1,90.157295,11.269782,153.43501,13.351,14.84358,8.089993,159.14546
2012-05-25 08:00:00+00:00,14.801,0.0,0.0,90.44087,12.879752,153.43501,13.250999,14.5421715,8.891344,158.62932
2012-05-25 09:00:00+00:00,14.651,0.0,0.0,89.54844,12.879752,153.43501,12.951,14.289642,8.891344,158.62932
2012-05-25 10:00:00+00:00,14.601,0.1,0.1,87.51566,11.620809,196.18927,12.551,14.173283,8.427383,199.9832
2012-05-25 11:00:00+00:00,14.451,0.2,0.2,86.64409,13.75558,186.00891,12.250999,13.7122,9.885262,190.49142
2012-05-25 12:00:00+00:00,14.301,0.2,0.2,86.34494,14.799459,175.81517,12.051,13.469101,10.08,180.0
2012-05-25 13:00:00+00:00,14.201,0.1,0.1,85.7679,15.546833,174.68555,11.851,13.251732,10.446206,178.02512
2012-05-25 14:00:00+00:00,14.301,0.0,0.0,84.9342,16.575644,182.4895,11.801,13.119593,11.928989,185.19434
2012-05-25 15:00:00+00:00,14.601,0.2,0.2,83.303825,18.806337,185.49223,11.801,13.153154,13.75558,186.00891
2012-05-25 16:00:00+00:00,15.601,0.2,0.2,76.332184,21.24,180.0,11.451,13.738474,15.84409,181.30193
2012-05-25 17:00:00+00:00,15.901,0.2,0.2,74.38766,21.03152,186.88162,11.351,13.934605,16.343367,187.59456
2012-05-25 18:00:00+00:00,16.701,0.3,0.3,69.300896,21.288757,183.87845,11.051,14.601807,16.62249,184.96965
2012-05-25 19:00:00+00:00,17.401,0.3,0.3,64.34264,21.986542,182.81549,10.601,15.328348,17.313717,183.57626
2012-05-25 20:00:00+00:00,18.451,0.0,0.0,56.715096,22.101183,192.22511,9.701,16.803177,17.377226,193.17256
2012-05-25 21:00:00+00:00,18.651,0.0,0.0,52.009876,21.933426,203.19862,8.601,16.855133,17.399586,204.44394
2012-05-25 22:00:00+00:00,18.951,0.0,0.0,48.01867,22.86496,213.43988,7.7009997,17.169199,17.873556,214.33028
2012-05-25 23:00:00+00:00,18.601,0.0,0.0,45.365314,22.42427,227.60262,6.5509996,16.10515,17.581125,227.4896
2012-05-26 00:00:00+00:00,17.801,0.0,0.0,41.381382,20.46941,235.75092,4.501,14.256783,16.279802,234.90411
2012-05-26 01:00:00+00:00,17.501,0.0,0.0,43.06397,16.87398,236.3099,4.8009996,14.288271,13.392774,233.74606
2012-05-26 02:00:00+00:00,15.801,0.0,0.0,50.717823,16.489416,233.88057,5.601,12.884256,12.538134,230.82635
2012-05-26 03:00:00+00:00,14.151,0.0,0.0,59.80814,15.021105,225.97093,6.4509997,11.915634,9.178235,221.82008
2012-05-26 04:00:00+00:00,13.051,0.0,0.0,66.94513,12.261157,220.23628,7.0509996,11.348803,6.489992,213.6901
2012-05-26 05:00:00+00:00,12.351,0.0,0.0,71.538895,7.386582,226.97493,7.351,11.198193,3.219938,206.56499
2012-05-26 06:00:00+00:00,11.601,0.0,0.0,78.833275,2.2768397,161.56496,8.051,10.760004,2.2768397,161.56496
2012-05-26 07:00:00+00:00,11.451,0.0,0.0,86.0586,5.3517847,137.72638,9.201,10.76061,3.319036,139.39879
2012-05-26 08:00:00+00:00,11.250999,0.0,0.0,85.748535,3.7585104,196.69933,8.951,10.553818,2.9024127,187.12492
2012-05-26 09:00:00+00:00,10.901,0.0,0.0,87.46709,3.2399998,270.0,8.901,10.351203,1.8,270.0
2012-05-26 10:00:00+00:00,10.651,0.0,0.0,88.63357,0.5091169,224.9999,8.851,10.201862,1.0182338,315.0001
2012-05-26 11:00:00+00:00,10.500999,0.0,0.0,88.920815,3.8268526,318.81415,8.750999,9.911271,1.8,306.86996
2012-05-26 12:00:00+00:00,10.351,0.0,0.0,89.20957,2.0991426,329.03632,8.651,9.8799515,0.8049845,296.56497
2012-05-26 13:00:00+00:00,9.901,0.0,0.0,90.084984,1.835647,348.6901,8.351,9.3115,1.08,360.0
2012-05-26 14:00:00+00:00,11.151,0.0,0.0,80.666115,1.484318,104.03627,7.9509997,10.450697,1.1384199,108.43504
2012-05-26 15:00:00+00:00,13.051,0.0,0.0,62.281124,5.315336,151.69934,6.001,11.417457,4.3498964,155.55606
2012-05-26 16:00:00+00:00,14.750999,0.0,0.0,53.693035,9.227524,159.44388,5.4509997,12.48357,7.8625183,164.05453
2012-05-26 17:00:00+00:00,16.301,0.0,0.0,48.28069,11.928989,174.80566,5.351,13.947659,10.086427,177.95464
2012-05-26 18:00:00+00:00,17.601,0.0,0.0,43.393723,13.797912,187.49576,5.001,15.4430065,11.304229,189.16228
2012-05-26 19:00:00+00:00,17.601,0.0,0.0,49.143044,14.145756,194.7436,6.8009996,15.346987,11.525623,194.47034
2012-05-26 20:00:00+00:00,18.301,0.0,0.0,47.350372,13.684735,206.56499,6.901,16.647354,11.269782,206.56499
2012-05-26 21:00:00+00:00,18.851,0.0,0.0,45.59158,14.386494,211.70139,6.851,17.408285,12.287555,211.82741
2012-05-26 22:00:00+00:00,19.251,0.0,0.0,44.164303,15.281989,223.09087,6.751,17.494593,12.738099,222.70937
2012-05-26 23:00:00+00:00,18.601,0.0,0.0,45.521523,14.255272,224.9999,6.601,16.009605,11.966954,223.7812
2012-05-27 00:00:00+00:00,18.701,0.0,0.0,44.619556,13.493999,226.08084,6.401,16.41933,11.200571,224.9999
2012-05-27 01:00:00+00:00,17.801,0.0,0.0,45.45359,13.755579,222.87889,5.851,15.132399,11.212135,222.39738
2012-05-27 02:00:00+00:00,16.701,0.0,0.0,50.091682,14.003028,223.95847,6.251,14.161095,10.948973,223.66785
2012-05-27 03:00:00+00:00,15.250999,0.0,0.0,58.855717,10.703569,227.72638,7.251,13.577908,6.618519,224.9999
2012-05-27 04:00:00+00:00,14.151,0.0,0.0,66.49655,5.904439,232.43134,8.001,13.035143,4.072935,224.9999
2012-05-27 05:00:00+00:00,13.201,0.0,0.0,73.42028,2.2768397,198.43504,8.551,12.604464,1.484318,165.96373
2012-05-27 06:00:00+00:00,12.351,0.0,0.0,78.94408,3.219938,116.56499,8.801,11.658389,2.5959969,123.690094
2012-05-27 07:00:00+00:00,12.101,0.0,0.0,81.61739,5.0142193,111.03758,9.051,11.355888,3.4152596,108.43504
2012-05-27 08:00:00+00:00,11.601,0.0,0.0,83.78596,5.3999996,126.86998,8.951,10.778957,3.7585104,106.699326
2012-05-27 09:00:00+00:00,10.701,0.0,0.0,88.04139,5.904439,127.568665,8.801,9.788451,4.1046314,105.25517
2012-05-27 10:00:00+00:00,10.051,0.0,0.0,90.4016,9.028754,94.57384,8.551,9.091189,3.9763298,84.805664
2012-05-27 11:00:00+00:00,9.551,0.0,0.0,91.600685,9.904906,109.09359,8.251,8.568186,3.6,90.0
2012-05-27 12:00:00+00:00,9.201,0.0,0.0,91.89025,9.826088,118.442825,7.9509997,8.017296,4.452954,104.03627
2012-05-27 13:00:00+00:00,8.851,0.0,0.0,92.182274,9.0,126.86999,7.651,7.559045,4.6800003,112.61991
2012-05-27 14:00:00+00:00,11.601,0.0,0.0,82.1054,7.386582,136.97493,8.651,10.7957,3.096837,125.537766
2012-05-27 15:00:00+00:00,14.901,0.0,0.0,61.44122,6.9527545,158.74942,7.5509996,13.386431,6.0347,162.64589
2012-05-27 16:00:00+00:00,17.151,0.0,0.0,52.67998,7.2,180.0,7.401,15.532742,6.489992,183.17976
2012-05-27 17:00:00+00:00,19.201,0.0,0.0,46.160435,7.172949,197.52567,7.351,18.512947,6.379216,196.38962
2012-05-27 18:00:00+00:00,21.051,0.0,0.0,41.73545,6.6087217,209.35765,7.5509996,21.440697,6.12,208.07239
2012-05-27 19:00:00+00:00,22.451,0.0,0.0,40.73109,9.422101,223.45189,8.451,23.264996,8.435069,219.80553
2012-05-27 20:00:00+00:00,23.851,0.0,0.0,38.58174,12.599998,233.13002,8.901,24.63212,10.97262,228.99101
2012-05-27 21:00:00+00:00,24.701,0.0,0.0,37.79359,16.610792,240.10118,9.351,25.01302,13.779114,236.7251
2012-05-27 22:00:00+00:00,24.951,0.0,0.0,38.37557,17.238699,241.29414,9.801,24.91533,14.20062,239.53453
2012-05-27 23:00:00+00:00,24.801,0.0,0.0,38.591095,16.179985,249.14546,9.750999,24.222275,13.237039,247.61981
2012-05-28 00:00:00+00:00,24.451,0.0,0.0,38.6217,15.629971,255.32356,9.451,22.949318,12.522619,251.56496
2012-05-28 01:00:00+00:00,23.701,0.0,0.0,39.3274,14.264361,259.82455,9.051,21.769651,11.525623,255.52966
2012-05-28 02:00:00+00:00,22.401,0.0,0.0,42.40217,11.570515,264.64426,9.000999,20.85059,8.825508,258.23172
2012-05-28 03:00:00+00:00,20.701,0.0,0.0,49.318012,9.007196,267.70944,9.701,19.866154,5.2416787,254.05453
2012-05-28 04:00:00+00:00,19.351,0.0,0.0,55.2559,4.68,270.0,10.151,19.17415,1.609969,243.43501
2012-05-28 05:00:00+00:00,17.851,0.0,0.0,63.803288,2.16,180.0,10.901,17.867723,1.8,126.86999
2012-05-28 06:00:00+00:00,16.401,0.0,0.0,72.53182,5.495161,148.39255,11.451,16.400293,3.0758414,110.55613
2012-05-28 07:00:00+00:00,15.500999,0.0,0.0,77.33233,7.491114,144.78232,11.551,15.528639,3.096837,125.537766
2012-05-28 08:00:00+00:00,14.551,0.0,0.0,81.39365,6.9153743,141.34016,11.401,14.532175,3.096837,144.46223
2012-05-28 09:00:00+00:00,13.701,0.0,0.0,84.588196,5.3517847,132.27362,11.151,13.760063,2.0364676,135.0001
2012-05-28 10:00:00+00:00,12.901,0.0,0.0,87.35964,5.2416787,105.945465,10.851,12.784142,2.6208394,105.945465
2012-05-28 11:00:00+00:00,12.301,0.0,0.0,88.4766,5.2416787,105.945465,10.451,12.047953,2.7416782,113.19862
2012-05-28 12:00:00+00:00,11.851,0.0,0.0,87.848274,5.0142193,111.03758,9.901,11.4606085,2.5959969,123.690094
2012-05-28 13:00:00+00:00,11.551,0.0,0.0,86.068794,4.3498964,114.44395,9.301,11.109435,1.8,126.86999
2012-05-28 14:00:00+00:00,13.951,0.0,0.0,74.80007,3.219938,116.56499,9.551,13.605885,1.609969,63.435013
2012-05-28 15:00:00+00:00,19.301,0.0,0.0,50.45175,1.8,126.86999,8.750999,18.755726,1.484318,165.96373
2012-05-28 16:00:00+00:00,22.701,0.0,0.0,34.757256,4.1046314,195.25517,6.351,21.213392,3.8773184,201.80147
2012-05-28 17:00:00+00:00,25.001,0.0,0.0,30.059586,6.792466,212.00534,6.251,24.083416,6.297428,210.96368
2012-05-28 18:00:00+00:00,26.801,0.0,0.0,27.77414,9.220499,218.65984,6.651,26.67087,7.9932966,215.83774
2012-05-28 19:00:00+00:00,27.001,0.0,0.0,30.51405,11.246759,219.80553,8.201,27.49905,9.726664,218.991
2012-05-28 20:00:00+00:00,27.901,0.0,0.0,30.352123,13.513193,221.76021,8.901,28.594204,11.480557,221.18582
2012-05-28 21:00:00+00:00,28.301,0.0,0.0,30.360636,15.546833,227.81563,9.250999,28.627892,13.246826,227.20262
2012-05-28 22:00:00+00:00,28.301,0.0,0.0,30.055517,15.042659,248.96242,9.101,28.461773,12.245293,245.69547
2012-05-28 23:00:00+00:00,28.001,0.0,0.0,28.779465,15.596767,251.14674,8.201,27.104677,12.904882,247.01126
2012-05-29 00:00:00+00:00,27.551,0.0,0.0,27.69443,16.516901,253.5399,7.251,25.400078,13.32,251.07526
2012-05-29 01:00:00+00:00,26.751,0.0,0.0,27.951809,15.629971,255.32356,6.7009997,24.09774,12.413476,253.14151
2012-05-29 02:00:00+00:00,25.351,0.0,0.0,31.209753,12.10157,247.249,7.101,23.241531,9.339208,242.44727
2012-05-29 03:00:00+00:00,23.251,0.0,0.0,38.803864,9.290511,234.46223,8.451,21.907059,6.4096174,218.15727
2012-05-29 04:00:00+00:00,21.451,0.0,0.0,45.84967,5.495161,211.60745,9.301,20.741833,3.6179552,174.2895
2012-05-29 05:00:00+00:00,19.751,0.0,0.0,51.776615,5.634891,153.43501,9.551,19.0405,4.1046314,127.875046
2012-05-29 06:00:00+00:00,18.151,0.0,0.0,59.162846,9.686609,131.98714,10.051,17.539824,4.39436,124.992096
2012-05-29 07:00:00+00:00,16.701,0.0,0.0,68.84244,11.808878,127.568665,10.951,16.337831,4.510787,118.61037
2012-05-29 08:00:00+00:00,15.601,0.0,0.0,74.83079,12.313894,127.875046,11.151,15.322304,4.3498964,114.44395
2012-05-29 09:00:00+00:00,14.651,0.0,0.0,79.278786,11.019764,128.36752,11.101,14.379383,4.198285,120.96369
2012-05-29 10:00:00+00:00,14.000999,0.0,0.0,80.782616,10.685391,122.61923,10.750999,13.670832,3.8773184,111.801476
2012-05-29 11:00:00+00:00,13.500999,0.0,0.0,80.98479,10.383987,123.690094,10.301,13.086809,3.5455887,113.962494
2012-05-29 12:00:00+00:00,13.151,0.0,0.0,79.8608,9.021574,118.61037,9.750999,12.598639,3.4152596,108.43504
2012-05-29 13:00:00+00:00,12.901,0.0,0.0,79.024826,8.373386,115.46331,9.351,12.265974,3.219938,116.56499
2012-05-29 14:00:00+00:00,15.201,0.0,0.0,70.87731,7.9036193,120.0685,9.951,14.6159725,4.0249224,116.56499
2012-05-29 15:00:00+00:00,19.451,0.0,0.0,52.573414,6.489992,146.3099,9.500999,18.52568,5.4833565,156.80138
2012-05-29 16:00:00+00:00,21.901,0.0,0.0,45.666843,7.9932976,172.23492,9.651,20.817156,6.849467,176.98727
2012-05-29 17:00:00+00:00,24.101,0.0,0.0,37.370106,9.779817,186.3401,8.651,23.42355,8.4042845,189.86574
2012-05-29 18:00:00+00:00,25.901,0.0,0.0,32.2295,11.090103,193.13403,8.051,25.80857,9.6932955,195.06854
2012-05-29 19:00:00+00:00,26.451,0.0,0.0,32.824696,12.979984,199.44012,8.801,26.928785,11.043261,199.0257
2012-05-29 20:00:00+00:00,27.251,0.0,0.0,32.064236,14.654254,207.824,9.151,27.851646,12.55879,207.29948
2012-05-29 21:00:00+00:00,27.651,0.0,0.0,31.111723,15.986593,215.83774,9.051,28.040306,13.18308,214.9921
2012-05-29 22:00:00+00:00,27.751,0.0,0.0,30.515938,13.004922,221.63345,8.851,27.990353,11.480557,221.18582
2012-05-29 23:00:00+00:00,27.501,0.0,0.0,30.343706,15.021105,225.97093,8.551,26.806688,12.218805,224.9999
2012-05-30 00:00:00+00:00,26.801,0.0,0.0,31.509163,15.077082,236.68936,8.500999,25.10834,12.387348,234.46223
2012-05-30 01:00:00+00:00,25.401,0.0,0.0,33.76814,13.363711,242.74475,8.301,23.375992,10.805998,240.01845
2012-05-30 02:00:00+00:00,23.851,0.0,0.0,38.58174,11.592895,244.23071,8.901,22.218561,9.19939,239.42085
2012-05-30 03:00:00+00:00,21.701,0.0,0.0,47.00911,11.770403,246.57129,9.901,20.66714,6.989936,235.49141
2012-05-30 04:00:00+00:00,19.901,0.0,0.0,54.845135,8.557102,247.75093,10.551,19.255148,5.6233797,230.19447
2012-05-30 05:00:00+00:00,18.501,0.0,0.0,61.660213,5.0911684,224.9999,11.000999,18.42796,2.6208394,195.94547
2012-05-30 06:00:00+00:00,17.451,0.0,0.0,66.9693,5.0528407,175.91446,11.250999,17.341465,3.396233,147.99466
2012-05-30 07:00:00+00:00,16.551,0.0,0.0,70.89829,6.763786,154.7989,11.250999,16.417307,3.563818,135.0001
2012-05-30 08:00:00+00:00,15.651,0.0,0.0,75.83696,7.386582,136.97493,11.401,15.638069,3.0547013,135.0001
2012-05-30 09:00:00+00:00,14.901,0.0,0.0,79.31472,8.78872,124.992096,11.351,14.793253,3.6,126.86999
2012-05-30 10:00:00+00:00,14.201,0.0,0.0,82.16089,11.304229,127.23492,11.201,13.887739,4.6938257,122.471176
2012-05-30 11:00:00+00:00,13.701,0.0,0.0,84.029045,11.681987,146.3099,11.051,13.28414,5.0911684,135.0001
2012-05-30 12:00:00+00:00,13.351,0.0,0.0,85.11305,9.449572,162.25523,10.901,12.958986,4.6102495,141.34016
2012-05-30 13:00:00+00:00,13.301,0.0,0.0,84.54378,7.8954163,155.77226,10.750999,12.904198,4.3349743,131.63345
2012-05-30 14:00:00+00:00,15.701,0.0,0.0,74.35333,6.9247384,152.10283,11.151,15.304953,5.154415,155.22488
2012-05-30 15:00:00+00:00,18.501,0.0,0.0,60.443146,6.725354,164.47583,10.701,17.873638,5.8048253,172.87508
2012-05-30 16:00:00+00:00,20.751,0.0,0.0,52.213947,7.928178,182.60251,10.601,19.936598,6.87779,186.00891
2012-05-30 17:00:00+00:00,22.801,0.0,0.0,45.610348,9.255571,193.49574,10.451,22.639921,7.8625183,195.94547
2012-05-30 18:00:00+00:00,24.651,0.0,0.0,40.397617,10.028439,201.03758,10.301,25.22485,8.891344,201.37068
2012-05-30 19:00:00+00:00,25.051,0.0,0.0,41.73901,11.609651,209.7448,11.151,26.20861,10.315115,209.24873
2012-05-30 20:00:00+00:00,26.101,0.0,0.0,40.135944,13.896187,216.57312,11.500999,27.356241,12.096214,216.52895
2012-05-30 21:00:00+00:00,26.701,0.0,0.0,39.38489,16.299694,223.21011,11.750999,27.696207,13.755579,222.87889
2012-05-30 22:00:00+00:00,26.601,0.0,0.0,39.748432,13.896187,216.57312,11.801,27.529764,11.885453,215.13428
2012-05-30 23:00:00+00:00,26.151,0.0,0.0,40.41607,12.287555,211.82741,11.651,26.56387,10.685391,212.61923
2012-05-31 00:00:00+00:00,25.251,0.0,0.0,42.211666,12.24,208.07239,11.500999,24.646963,10.630672,208.30066
2012-05-31 01:00:00+00:00,23.801,0.0,0.0,45.282078,11.183201,213.17853,11.250999,22.785862,9.585739,214.28693
2012-05-31 02:00:00+00:00,22.051,0.0,0.0,51.01518,10.182337,224.9999,11.451,21.23433,8.654987,224.9999
2012-05-31 03:00:00+00:00,20.251,0.0,0.0,57.732018,8.913181,223.36346,11.651,19.794695,6.618519,224.9999
2012-05-31 04:00:00+00:00,18.951,0.0,0.0,63.208584,5.991594,212.73521,11.801,18.706438,5.495161,211.60745
2012-05-31 05:00:00+00:00,18.001,0.0,0.0,68.64829,6.489992,199.44012,12.151,17.87064,5.4833565,203.19862
2012-05-31 06:00:00+00:00,17.151,0.0,0.0,74.35667,6.725354,195.52417,12.551,17.30216,4.452954,194.03627
2012-05-31 07:00:00+00:00,16.501,0.0,0.0,75.975395,4.68,180.0,12.250999,16.82106,2.6208394,164.05453
2012-05-31 08:00:00+00:00,15.651,0.0,0.0,82.07322,4.198285,149.03632,12.601,16.09002,2.5959969,123.690094
2012-05-31 09:00:00+00:00,15.351,0.0,0.0,83.39256,4.8433046,131.98714,12.551,15.769892,2.6208394,105.945465
2012-05-31 10:00:00+00:00,14.851,0.0,0.0,85.2731,5.937272,165.96373,12.401,15.220549,2.6208394,164.05453
2012-05-31 11:00:00+00:00,14.201,0.0,0.0,87.191925,10.495713,174.09395,12.101,13.986202,5.95906,154.98314
2012-05-31 12:00:00+00:00,13.701,0.0,0.0,87.14516,10.308831,167.90526,11.601,13.349747,5.8048253,150.2552
2012-05-31 13:00:00+00:00,13.500999,0.0,0.0,84.847176,9.793058,162.89719,11.000999,12.937702,5.991594,147.26479
2012-05-31 14:00:00+00:00,15.801,0.0,0.0,75.861496,8.557102,165.37909,11.551,15.314983,6.6185193,157.61983
2012-05-31 15:00:00+00:00,20.551,0.0,0.0,54.82862,6.489992,183.17976,11.151,20.063257,5.771239,183.57626
2012-05-31 16:00:00+00:00,23.301,0.0,0.0,45.596462,6.28713,203.6294,10.901,22.729584,5.815978,201.80147
2012-05-31 17:00:00+00:00,25.901,0.0,0.0,39.683548,7.928177,219.47243,11.151,26.029688,7.2,216.86998
2012-05-31 18:00:00+00:00,28.451,0.0,0.0,34.74005,10.464797,229.18501,11.401,29.348106,8.913181,223.36346
2012-05-31 19:00:00+00:00,29.301,0.0,0.0,33.732956,12.538134,230.82635,11.701,30.624973,10.691453,224.9999
2012-05-31 20:00:00+00:00,30.001,0.0,0.0,34.151054,15.629971,231.54626,12.500999,31.419453,13.004922,228.36655
2012-05-31 21:00:00+00:00,30.201,0.0,0.0,34.998722,17.283749,234.3235,13.051,31.564041,14.113652,232.25313
2012-05-31 22:00:00+00:00,30.251,0.0,0.0,34.898476,12.783802,237.65257,13.051,31.880566,10.587918,234.6887
2012-05-31 23:00:00+00:00,30.301,0.0,0.0,33.678326,12.287555,238.17259,12.551,31.090195,10.296251,233.53067
2012-06-01 00:00:00+00:00,29.801,0.0,0.0,33.31933,12.599998,233.13002,11.951,29.384003,10.464797,229.18501
2012-06-01 01:00:00+00:00,28.401,0.0,0.0,36.01075,12.313894,232.12495,11.901,27.457714,10.464797,229.18501
2012-06-01 02:00:00+00:00,26.451,0.0,0.0,41.307396,10.195057,222.13753,12.250999,25.917849,8.435069,219.80553
2012-06-01 03:00:00+00:00,24.051,0.0,0.0,49.238144,7.5942073,185.44025,12.750999,23.904766,6.924738,188.97255
2012-06-01 04:00:00+00:00,22.001,0.0,0.0,56.65994,10.739833,166.42955,13.000999,21.951342,6.849467,176.98727
2012-06-01 05:00:00+00:00,20.551,0.0,0.0,62.94699,11.841756,160.46326,13.250999,20.555126,7.072878,165.2564
2012-06-01 06:00:00+00:00,19.351,0.0,0.0,68.246925,11.165805,159.22766,13.351,19.44098,6.725354,164.47583
2012-06-01 07:00:00+00:00,18.051,0.0,0.0,76.72137,9.9571085,167.4712,13.901,18.469557,5.8048253,172.87508
2012-06-01 08:00:00+00:00,17.951,0.0,0.0,76.705635,6.725354,164.47583,13.801,18.516373,4.5536795,161.56496
2012-06-01 09:00:00+00:00,17.851,0.0,0.0,76.19298,4.6800003,157.3801,13.601,18.609907,2.7416782,156.80138
2012-06-01 10:00:00+00:00,17.751,0.0,0.0,75.68256,6.696387,143.74608,13.401,18.274382,3.8773184,158.19853
2012-06-01 11:00:00+00:00,17.651,0.0,0.0,75.174416,8.905908,165.96373,13.201,17.753836,6.28713,166.75948
2012-06-01 12:00:00+00:00,17.801,0.0,0.0,73.02244,9.83268,156.2505,12.901,17.732014,6.763786,154.7989
2012-06-01 13:00:00+00:00,17.851,0.0,0.0,71.61148,9.673221,135.0001,12.651,17.602192,7.42159,140.90616
2012-06-01 14:00:00+00:00,18.651,0.0,0.0,68.553276,9.931042,136.46873,12.750999,18.43527,7.42159,157.1663
2012-06-01 15:00:00+00:00,20.751,0.0,0.0,59.39423,8.707237,150.2552,12.551,20.58194,6.638072,167.4712
2012-06-01 16:00:00+00:00,23.201,0.0,0.0,50.98277,8.4042845,170.13426,12.500999,22.93076,7.208994,177.13765
2012-06-01 17:00:00+00:00,25.051,0.0,0.0,45.92547,8.669949,184.76355,12.601,25.523264,7.6367526,188.13002
2012-06-01 18:00:00+00:00,26.901,0.0,0.0,40.625546,10.390226,194.03627,12.401,28.031792,9.0,196.26028
2012-06-01 19:00:00+00:00,27.301,0.0,0.0,37.274845,11.165805,200.77234,11.451,28.641666,9.693296,201.80147
2012-06-01 20:00:00+00:00,27.951,0.0,0.0,35.884754,11.91812,205.01686,11.451,29.383793,10.464797,206.56499
2012-06-01 21:00:00+00:00,28.651,0.0,0.0,34.338894,13.202726,205.8663,11.401,30.012554,11.269782,206.56499
2012-06-01 22:00:00+00:00,28.601,0.0,0.0,34.66722,12.245293,204.30453,11.500999,29.772972,10.464797,206.56499
2012-06-01 23:00:00+00:00,27.801,0.0,0.0,36.68194,10.966713,203.19862,11.651,28.312153,9.83268,203.7495
2012-06-02 00:00:00+00:00,26.801,0.0,0.0,39.024803,9.83268,203.7495,11.701,26.610023,8.699793,204.44394
2012-06-02 01:00:00+00:00,25.551,0.0,0.0,42.434914,8.891344,201.37068,11.851,24.98915,7.754637,201.80147
2012-06-02 02:00:00+00:00,23.951,0.0,0.0,47.30999,9.028754,203.49858,12.051,23.4336,7.8954163,204.22774
2012-06-02 03:00:00+00:00,21.901,0.0,0.0,54.630257,10.144082,207.47435,12.351,21.552502,7.4128532,209.0545
2012-06-02 04:00:00+00:00,20.251,0.0,0.0,61.05381,8.891343,211.75943,12.500999,20.087257,6.489992,213.6901
2012-06-02 05:00:00+00:00,19.201,0.0,0.0,66.23974,6.6087217,209.35765,12.750999,19.24559,5.634891,206.56499
2012-06-02 06:00:00+00:00,18.401,0.0,0.0,70.091965,5.1544156,192.09474,12.851,18.702692,4.1046314,195.25517
2012-06-02 07:00:00+00:00,16.701,0.0,0.0,69.99363,4.68,180.0,11.201,16.587626,3.319036,192.5288
2012-06-02 08:00:00+00:00,16.151001,0.0,0.0,72.9682,5.1544156,192.09474,11.301,16.082949,3.219938,206.56499
2012-06-02 09:00:00+00:00,15.701,0.0,0.0,75.84515,4.802999,192.99461,11.451,15.716122,2.968636,194.03627
2012-06-02 10:00:00+00:00,15.401,0.0,0.0,76.04766,5.991594,147.26479,11.201,15.2238865,3.7585104,163.30067
2012-06-02 11:00:00+00:00,15.201,0.0,0.0,76.52116,6.28713,166.75948,11.101,14.909332,4.3349743,184.76355
2012-06-02 12:00:00+00:00,14.701,0.0,0.0,78.500984,6.725354,164.47583,11.000999,14.379082,4.3349743,175.23645
2012-06-02 13:00:00+00:00,14.551,0.0,0.0,79.00175,7.172949,162.47433,10.951,14.163683,4.68,180.0
2012-06-02 14:00:00+00:00,15.101,0.0,0.0,81.73417,6.12,180.0,12.000999,14.9804,5.0911684,188.13002
2012-06-02 15:00:00+00:00,17.851,0.0,0.0,63.591686,6.638072,192.5288,10.851,17.249352,5.937272,194.03627
2012-06-02 16:00:00+00:00,19.951,0.0,0.0,56.14952,7.2359104,185.7105,10.951,19.3276,6.28713,193.24052
2012-06-02 17:00:00+00:00,22.101,0.0,0.0,49.039223,7.9932976,187.76508,10.901,22.092253,6.9899354,191.88864
2012-06-02 18:00:00+00:00,23.801,0.0,0.0,44.096138,10.137692,196.50444,10.851,24.559685,8.766573,199.17911
2012-06-02 19:00:00+00:00,24.501,0.0,0.0,40.62586,11.440979,204.14554,10.250999,25.256119,9.983106,205.64096
2012-06-02 20:00:00+00:00,25.701,0.0,0.0,38.330845,13.237039,202.38017,10.451,26.761906,11.298495,202.47948
2012-06-02 21:00:00+00:00,26.451,0.0,0.0,37.035934,15.175612,202.30626,10.601,27.275629,12.904882,202.98874
2012-06-02 22:00:00+00:00,26.401,0.0,0.0,37.393387,11.113451,204.90474,10.701,27.44502,9.659814,206.56499
2012-06-02 23:00:00+00:00,25.551,0.0,0.0,39.453854,12.768586,201.5015,10.750999,25.635208,10.966713,203.19862
2012-06-03 00:00:00+00:00,24.301,0.0,0.0,42.508366,13.276144,192.5288,10.750999,23.330055,11.27553,196.69933
2012-06-03 01:00:00+00:00,22.951,0.0,0.0,46.263233,12.429127,190.00792,10.801,21.631733,10.739833,193.57045
2012-06-03 02:00:00+00:00,21.451,0.0,0.0,50.687477,11.966954,195.7087,10.801,20.254267,9.904906,199.09358
2012-06-03 03:00:00+00:00,19.601,0.0,0.0,57.381603,10.966713,203.19862,10.951,18.603294,8.854829,206.56499
2012-06-03 04:00:00+00:00,18.201,0.0,0.0,63.249165,8.089993,200.85454,11.101,17.671597,5.95906,205.01686
2012-06-03 05:00:00+00:00,17.251,0.0,0.0,67.82085,5.4119864,183.814,11.250999,16.987425,4.452954,194.03627
2012-06-03 06:00:00+00:00,16.601,0.0,0.0,71.3787,4.32,180.0,11.401,16.485167,3.7585104,196.69933
2012-06-03 07:00:00+00:00,16.051,0.0,0.0,72.70891,4.0249224,190.3048,11.151,16.00672,2.7416782,203.19862
2012-06-03 08:00:00+00:00,15.701,0.0,0.0,75.09598,4.896529,197.10281,11.301,15.679373,2.9024127,209.7448
2012-06-03 09:00:00+00:00,15.250999,0.0,0.0,77.80685,5.937272,194.03627,11.401,15.166578,3.5455887,203.9625
2012-06-03 10:00:00+00:00,14.750999,0.0,0.0,81.4198,7.653705,131.18582,11.601,14.458584,5.3999996,143.13002
2012-06-03 11:00:00+00:00,14.451,0.0,0.0,83.56139,9.227524,159.44388,11.701,14.131048,5.8048253,172.87508
2012-06-03 12:00:00+00:00,14.401,0.0,0.0,84.386795,8.089993,159.14546,11.801,14.164747,5.4477882,172.40544
2012-06-03 13:00:00+00:00,13.951,0.0,0.0,87.74497,7.2,143.13002,11.951,13.874582,4.6800003,157.3801
2012-06-03 14:00:00+00:00,15.451,0.0,0.0,80.18174,7.2,143.13002,12.051,15.287462,5.495161,148.39255
2012-06-03 15:00:00+00:00,17.951,0.0,0.0,67.74018,7.8625183,164.05453,11.901,17.571953,6.638072,167.4712
2012-06-03 16:00:00+00:00,19.951,0.0,0.0,59.791492,9.779817,186.3401,11.901,19.313549,8.4042845,189.86574
2012-06-03 17:00:00+00:00,21.701,0.0,0.0,53.688374,12.303366,200.55612,11.901,21.326336,10.495713,202.1664
2012-06-03 18:00:00+00:00,22.901,0.0,0.0,49.744038,13.708391,203.19861,11.851,23.103354,11.440979,204.14554
2012-06-03 19:00:00+00:00,23.351,0.0,0.0,49.212536,13.570615,201.80147,12.101,24.24908,11.631956,201.80147
2012-06-03 20:00:00+00:00,24.101,0.0,0.0,46.731606,13.441071,200.37651,12.000999,25.51461,11.503113,200.13638
2012-06-03 21:00:00+00:00,24.801,0.0,0.0,44.372925,13.441071,200.37651,11.851,26.170322,11.631956,201.80147
2012-06-03 22:00:00+00:00,25.151,0.0,0.0,42.32355,11.090103,193.13403,11.451,26.347559,9.6932955,195.06854
2012-06-03 23:00:00+00:00,25.001,0.0,0.0,41.725025,12.641076,199.9832,11.101,25.088598,10.829958,201.4478
2012-06-04 00:00:00+00:00,24.401,0.0,0.0,42.81979,12.768586,201.5015,10.951,23.58289,10.966713,203.19862
2012-06-04 01:00:00+00:00,23.151,0.0,0.0,46.781292,11.966953,201.16133,11.151,22.021421,10.163227,202.93213
2012-06-04 02:00:00+00:00,21.301,0.0,0.0,53.58538,11.165805,200.77234,11.500999,20.416775,9.227524,200.55612
2012-06-04 03:00:00+00:00,19.151,0.0,0.0,62.425144,11.592895,205.76927,11.801,18.4164,8.854829,206.56499
2012-06-04 04:00:00+00:00,17.651,0.0,0.0,69.48808,11.592894,216.15828,12.000999,16.99041,8.78872,214.9921
2012-06-04 05:00:00+00:00,16.701,0.0,0.0,74.52436,9.449572,220.36446,12.151,16.362259,6.9153743,218.65984
2012-06-04 06:00:00+00:00,15.851,0.0,0.0,79.1898,6.989936,214.50858,12.250999,15.796293,5.1919937,213.6901
2012-06-04 07:00:00+00:00,15.101,0.0,0.0,81.73417,5.5887027,194.93147,12.000999,15.1242695,4.1046314,195.25517
2012-06-04 08:00:00+00:00,14.901,0.0,0.0,83.065605,5.4477882,172.40544,12.051,15.013973,3.6,180.0
2012-06-04 09:00:00+00:00,14.601,0.0,0.0,84.966644,5.6920996,161.56496,12.101,14.730152,3.6,180.0
2012-06-04 10:00:00+00:00,14.651,0.0,0.0,84.692986,8.64,180.0,12.101,14.562679,5.0911684,188.13002
2012-06-04 11:00:00+00:00,14.451,0.0,0.0,86.07626,8.557102,194.62091,12.151,14.457264,4.5536795,198.43504
2012-06-04 12:00:00+00:00,14.101,0.0,0.0,88.92007,7.42159,202.8337,12.301,14.18581,4.3498964,204.44394
2012-06-04 13:00:00+00:00,14.051,0.0,0.0,89.20862,5.0911684,171.86998,12.301,14.294771,3.2599385,173.6599
2012-06-04 14:00:00+00:00,15.151,0.0,0.0,82.82303,7.6367526,135.0001,12.250999,14.992577,5.904439,142.43134
2012-06-04 15:00:00+00:00,16.751,0.0,0.0,74.77826,8.78872,145.0079,12.250999,16.443333,6.9247384,152.10283
2012-06-04 16:00:00+00:00,18.351,0.0,0.0,67.599396,9.36,180.0,12.250999,17.892849,7.9526596,185.19434
2012-06-04 17:00:00+00:00,19.801,0.0,0.0,61.14999,9.885262,190.49142,12.101,19.205477,8.557102,194.62091
2012-06-04 18:00:00+00:00,21.601,0.0,0.0,53.839878,11.525623,181.78987,11.851,21.808945,10.105681,184.08554
2012-06-04 19:00:00+00:00,22.451,0.0,0.0,51.798855,14.241629,196.14441,12.051,23.132507,12.0694,197.35411
2012-06-04 20:00:00+00:00,23.051,0.0,0.0,49.784046,15.629971,208.92633,12.000999,23.871557,13.217443,209.35765
2012-06-04 21:00:00+00:00,23.201,0.0,0.0,49.172356,16.575644,214.3804,11.951,23.765076,13.979872,214.50858
2012-06-04 22:00:00+00:00,23.301,0.0,0.0,48.3953,12.538134,219.17365,11.801,24.13204,10.799999,216.86998
2012-06-04 23:00:00+00:00,22.951,0.0,0.0,49.430397,13.276144,229.39879,11.801,23.175852,11.212135,227.60262
2012-06-05 00:00:00+00:00,22.451,0.0,0.0,50.95254,11.988594,228.65231,11.801,21.85732,10.44,226.39711
2012-06-05 01:00:00+00:00,21.951,0.0,0.0,54.28525,14.529915,228.01286,12.301,20.883722,12.229406,227.38597
2012-06-05 02:00:00+00:00,20.351,0.0,0.0,60.877144,15.484185,234.46223,12.551,19.312695,12.599998,233.13002
2012-06-05 03:00:00+00:00,18.601,0.0,0.0,68.993484,12.031756,231.07245,12.801,18.106318,9.449572,229.63554
2012-06-05 04:00:00+00:00,17.401,0.0,0.0,75.625374,8.4963045,216.38445,13.051,17.392899,6.696387,216.25392
2012-06-05 05:00:00+00:00,16.551,0.0,0.0,80.59518,6.9899354,191.88864,13.201,16.806696,5.2416787,195.94547
2012-06-05 06:00:00+00:00,16.001,0.0,0.0,84.28928,7.968939,161.56496,13.351,16.359001,4.896529,162.89719
2012-06-05 07:00:00+00:00,15.250999,0.0,0.0,85.594925,8.78872,145.0079,12.851,15.44799,4.829907,153.43501
2012-06-05 08:00:00+00:00,14.951,0.0,0.0,87.547455,8.913181,133.36346,12.901,15.237118,4.3349743,138.36655
2012-06-05 09:00:00+00:00,14.551,0.0,0.0,89.834045,9.504272,127.30403,12.901,14.911312,3.8268526,131.18582
2012-06-05 10:00:00+00:00,14.601,0.0,0.0,89.54458,4.3498964,155.55606,12.901,15.302919,1.484318,194.03627
2012-06-05 11:00:00+00:00,14.451,0.0,0.0,90.712135,2.9024127,209.7448,12.951,15.01511,2.5455842,224.9999
2012-06-05 12:00:00+00:00,14.451,0.0,0.0,91.009026,0.8049845,153.43501,13.000999,15.237293,1.1384199,198.43504
2012-06-05 13:00:00+00:00,14.101,0.0,0.0,92.48677,1.0182338,315.0001,12.901,14.830198,1.2979984,326.3099
2012-06-05 14:00:00+00:00,14.901,0.0,0.0,86.97187,2.4149535,296.56497,12.750999,15.501139,1.835647,281.3099
2012-06-05 15:00:00+00:00,16.851,0.0,0.0,68.417,3.4152596,341.56494,11.000999,16.808542,2.4149535,333.43503
2012-06-05 16:00:00+00:00,18.451,0.0,0.0,54.65702,3.4152596,341.56494,9.151,17.877548,2.4149535,333.43503
2012-06-05 17:00:00+00:00,20.351,0.0,0.0,44.02177,1.609969,296.56497,7.7009997,19.882004,1.4399999,270.0
2012-06-05 18:00:00+00:00,22.001,0.0,0.0,37.537052,4.39436,214.9921,6.851,21.84362,4.39436,214.9921
2012-06-05 19:00:00+00:00,23.601,0.0,0.0,26.988876,8.587338,213.02386,3.5010002,22.881588,7.5942082,211.42952
2012-06-05 20:00:00+00:00,24.601,0.0,0.0,25.596228,12.4811535,213.23172,3.601,23.698372,10.685391,212.61923
2012-06-05 21:00:00+00:00,25.501,0.0,0.0,25.392551,16.489416,216.11943,4.251,24.521473,13.979872,214.50858
2012-06-05 22:00:00+00:00,25.351,0.0,0.0,27.471138,18.59845,227.35333,5.251,23.946398,15.281989,226.90913
2012-06-05 23:00:00+00:00,24.651,0.0,0.0,30.48336,17.906157,239.82657,6.151,22.900864,14.693999,239.03632
2012-06-06 00:00:00+00:00,23.751,0.0,0.0,33.415485,17.447933,248.19853,6.7009997,21.316713,14.182355,246.0375
2012-06-06 01:00:00+00:00,23.151,0.0,0.0,35.246376,16.279802,251.96562,6.9509997,20.457672,13.1041975,249.07542
2012-06-06 02:00:00+00:00,22.151,0.0,0.0,37.32324,15.484185,252.40749,6.901,19.612064,11.966953,248.83867
2012-06-06 03:00:00+00:00,20.601,0.0,0.0,42.3252,12.55879,242.7005,7.351,18.939394,6.696387,233.74606
2012-06-06 04:00:00+00:00,19.251,0.0,0.0,48.5937,6.6087217,240.64233,8.151,18.241056,3.6,233.13002
2012-06-06 05:00:00+00:00,18.151,0.0,0.0,54.39581,1.8,126.86999,8.801,17.516487,2.1897945,80.53775
2012-06-06 06:00:00+00:00,17.001,0.0,0.0,58.88381,7.208994,92.86235,8.901,16.187822,3.6,90.0
2012-06-06 07:00:00+00:00,15.851,0.0,0.0,62.715553,10.805999,91.90912,8.750999,14.838657,4.6938252,85.60138
2012-06-06 08:00:00+00:00,14.901,0.0,0.0,65.53864,12.015589,98.61557,8.500999,13.825104,4.68,90.0
2012-06-06 09:00:00+00:00,13.901,0.0,0.0,68.50718,10.239453,100.12462,8.201,12.85025,3.9763298,84.805664
2012-06-06 10:00:00+00:00,13.101,0.0,0.0,69.99442,6.28713,76.75947,7.751,11.968246,3.7585104,73.300674
2012-06-06 11:00:00+00:00,12.500999,0.0,0.0,69.637146,3.6,90.0,7.101,11.451165,2.0991426,120.96369
2012-06-06 12:00:00+00:00,11.951,0.0,0.0,67.405014,2.6208394,105.945465,6.101,10.739628,1.609969,153.43501
2012-06-06 13:00:00+00:00,11.551,0.0,0.0,63.681847,2.7416782,113.19862,4.901,10.050564,1.8,126.86999
2012-06-06 14:00:00+00:00,13.651,0.0,0.0,53.215034,2.0991426,120.96369,4.301,12.171907,0.8049845,116.56499
2012-06-06 15:00:00+00:00,17.901,0.0,0.0,34.961468,1.5273507,224.9999,2.201,15.917894,1.5273507,224.9999
2012-06-06 16:00:00+00:00,20.951,0.0,0.0,26.925451,2.7416782,246.80138,1.201,18.594896,2.9024127,240.2552
2012-06-06 17:00:00+00:00,23.801,0.0,0.0,21.762413,4.0249224,259.69522,0.651,22.154009,4.2136917,250.0168
2012-06-06 18:00:00+00:00,26.301,0.0,0.0,18.084263,4.73506,261.2539,0.15100001,25.553984,4.5536795,251.56496
2012-06-06 19:00:00+00:00,27.401,0.0,0.0,16.406878,8.049845,243.43501,-0.29899997,26.677448,7.5942082,238.57048
2012-06-06 20:00:00+00:00,28.901,0.0,0.0,15.702879,14.57889,237.09476,0.301,27.644157,12.599998,233.13002
2012-06-06 21:00:00+00:00,29.651,0.0,0.0,16.044823,20.140705,241.14444,1.201,27.770561,16.485485,238.39255
2012-06-06 22:00:00+00:00,29.501,0.0,0.0,18.3998,16.904673,243.43501,3.0010002,28.066551,13.70839,240.06857
2012-06-06 23:00:00+00:00,28.901,0.0,0.0,21.168528,15.617529,244.02565,4.501,27.224108,12.7279215,241.2603
2012-06-07 00:00:00+00:00,28.251,0.0,0.0,23.001879,16.75064,241.78273,5.151,25.654663,13.397612,239.30035
2012-06-07 01:00:00+00:00,27.051,0.0,0.0,24.932024,15.408671,232.59457,5.3009996,24.1058,12.261157,229.76372
2012-06-07 02:00:00+00:00,25.651,0.0,0.0,28.131948,12.261157,220.23628,5.851,23.22868,9.504272,217.30403
2012-06-07 03:00:00+00:00,23.501,0.0,0.0,35.22548,8.654986,196.9276,7.251,21.832466,6.5693827,189.46225
2012-06-07 04:00:00+00:00,21.651,0.0,0.0,42.47778,8.587338,146.97614,8.351,20.226004,6.792466,147.99466
2012-06-07 05:00:00+00:00,20.151,0.0,0.0,49.00386,12.768586,130.426,9.101,18.676527,8.4963045,126.384445
2012-06-07 06:00:00+00:00,18.951,0.0,0.0,53.873333,13.104198,127.18479,9.401,17.763767,7.0911775,113.962494
2012-06-07 07:00:00+00:00,17.551,0.0,0.0,61.43959,10.296251,126.46933,10.051,16.993896,4.0249224,100.30479
2012-06-07 08:00:00+00:00,16.501,0.0,0.0,64.79126,7.491114,125.21768,9.851,16.050987,2.9024127,119.74479
2012-06-07 09:00:00+00:00,15.401,0.0,0.0,67.89369,6.297428,120.963684,9.500999,14.866493,2.8116899,129.80553
2012-06-07 10:00:00+00:00,14.551,0.0,0.0,68.6394,5.634891,116.56499,8.851,13.867804,2.6208394,105.945465
2012-06-07 11:00:00+00:00,13.901,0.0,0.0,68.27507,9.0,126.86999,8.151,12.984402,2.968636,104.03627
2012-06-07 12:00:00+00:00,13.500999,0.0,0.0,66.35734,11.480557,131.18582,7.351,12.269543,3.7585104,106.699326
2012-06-07 13:00:00+00:00,13.250999,0.0,0.0,64.28855,11.709688,135.0001,6.651,11.835222,3.8773184,111.801476
2012-06-07 14:00:00+00:00,15.601,0.0,0.0,55.611458,9.1641035,135.0001,6.751,14.208315,3.8773184,111.801476
2012-06-07 15:00:00+00:00,20.651,0.0,0.0,36.25793,5.95906,154.98314,5.151,18.75025,4.896529,162.89719
2012-06-07 16:00:00+00:00,23.701,0.0,0.0,25.896132,6.725354,195.52417,3.0010002,21.204494,6.0347,197.35411
2012-06-07 17:00:00+00:00,26.101,0.0,0.0,23.084238,8.39657,210.96368,3.401,24.364267,7.5942082,211.42952
2012-06-07 18:00:00+00:00,28.251,0.0,0.0,21.30073,8.714677,218.2902,4.051,27.535439,7.9932966,215.83774
2012-06-07 19:00:00+00:00,28.451,0.0,0.0,25.921333,10.233123,219.28938,7.0509996,28.841373,9.0,216.86998
2012-06-07 20:00:00+00:00,29.401,0.0,0.0,26.98813,12.819235,218.15727,8.451,30.043518,11.090103,215.75398
2012-06-07 21:00:00+00:00,29.751,0.0,0.0,28.485619,15.815435,221.30852,9.551,30.225235,13.276144,220.60121
2012-06-07 22:00:00+00:00,29.401,0.0,0.0,30.562601,12.768586,229.574,10.301,30.122746,10.948973,226.33215
2012-06-07 23:00:00+00:00,29.051,0.0,0.0,30.773182,14.021525,240.80261,10.101,28.820389,11.983188,237.26477
2012-06-08 00:00:00+00:00,28.651,0.0,0.0,29.64948,15.315873,240.42226,9.201,27.140194,12.4811535,236.76828
2012-06-08 01:00:00+00:00,27.551,0.0,0.0,29.848005,13.979872,235.49141,8.351,25.432728,11.525623,231.34016
2012-06-08 02:00:00+00:00,25.851,0.0,0.0,33.666805,11.885453,215.13428,8.651,24.079166,9.693296,211.32863
2012-06-08 03:00:00+00:00,23.401,0.0,0.0,41.414825,11.013882,191.30989,9.551,22.216648,7.342588,191.30989
2012-06-08 04:00:00+00:00,21.151,0.0,0.0,49.770718,9.422101,173.41815,10.250999,20.292046,6.4799995,180.0
2012-06-08 05:00:00+00:00,19.651,0.0,0.0,56.44851,8.699793,155.55606,10.750999,19.170536,4.896529,162.89719
2012-06-08 06:00:00+00:00,18.551,0.0,0.0,61.67178,10.086427,145.17545,11.051,18.190784,4.6938257,147.52882
2012-06-08 07:00:00+00:00,17.501,0.0,0.0,68.54801,10.739832,140.44037,11.651,17.304693,4.8433046,138.01286
2012-06-08 08:00:00+00:00,17.151,0.0,0.0,71.48145,10.009036,142.3057,11.951,16.975788,5.3517847,137.72638
2012-06-08 09:00:00+00:00,17.401,0.0,0.0,70.12926,7.5942082,148.57048,11.901,17.305683,4.6938257,147.52882
2012-06-08 10:00:00+00:00,17.301,0.0,0.0,70.57371,6.9153743,141.34016,11.901,17.519007,2.5455842,135.0001
2012-06-08 11:00:00+00:00,17.151,0.0,0.0,70.545044,8.891344,158.62932,11.750999,16.992214,4.802999,167.00539
2012-06-08 12:00:00+00:00,17.101,0.0,0.0,69.84012,10.137692,163.49556,11.551,16.764784,5.5887027,165.06853
2012-06-08 13:00:00+00:00,17.001,0.0,0.0,69.13095,9.565437,160.20103,11.301,16.602615,5.4833565,156.80138
2012-06-08 14:00:00+00:00,17.601,0.0,0.0,67.00058,8.049845,153.43501,11.401,17.152903,6.0347,162.64589
2012-06-08 15:00:00+00:00,19.951,0.0,0.0,55.224224,8.699793,155.55606,10.701,19.123547,7.172949,162.47433
2012-06-08 16:00:00+00:00,22.301,0.0,0.0,47.016476,10.137692,163.49556,10.451,21.209028,8.473393,167.73524
2012-06-08 17:00:00+00:00,24.351,0.0,0.0,41.404762,10.495713,174.09395,10.401,23.949343,9.007196,177.70944
2012-06-08 18:00:00+00:00,26.051,0.0,0.0,37.544346,12.287555,185.04236,10.451,26.32593,10.538843,187.85323
2012-06-08 19:00:00+00:00,25.801,0.0,0.0,39.393135,14.84318,194.03627,10.951,26.454832,12.661564,194.82652
2012-06-08 20:00:00+00:00,26.251,0.0,0.0,39.12894,16.645864,201.57137,11.250999,27.011019,14.039999,202.6199
2012-06-08 21:00:00+00:00,26.451,0.0,0.0,38.669735,16.75064,208.21725,11.250999,27.129086,14.336861,208.49554
2012-06-08 22:00:00+00:00,26.351,0.0,0.0,38.641647,14.480773,214.8754,11.151,26.981598,12.387348,215.53777
2012-06-08 23:00:00+00:00,25.951,0.0,0.0,38.786167,14.186923,215.70677,10.851,25.768993,12.181624,214.15974
2012-06-09 00:00:00+00:00,25.201,0.0,0.0,40.149708,14.021525,209.19739,10.701,24.148989,11.923557,208.88649
2012-06-09 01:00:00+00:00,23.951,0.0,0.0,42.55215,11.609651,209.7448,10.451,22.66087,9.826088,208.44283
2012-06-09 02:00:00+00:00,22.301,0.0,0.0,47.17342,10.587918,215.3113,10.500999,21.177708,8.78872,214.9921
2012-06-09 03:00:00+00:00,20.351,0.0,0.0,53.874977,10.1887,212.00534,10.701,19.461939,7.5942082,211.42952
2012-06-09 04:00:00+00:00,18.801,0.0,0.0,60.71507,8.373386,205.4633,11.051,18.256174,5.95906,205.01686
2012-06-09 05:00:00+00:00,17.801,0.0,0.0,65.94302,6.638072,192.5288,11.351,17.51699,4.802999,192.99461
2012-06-09 06:00:00+00:00,17.001,0.0,0.0,70.51635,6.519877,173.6599,11.601,16.915602,3.9763298,174.80566
2012-06-09 07:00:00+00:00,15.701,0.0,0.0,72.164085,7.289444,159.77505,10.701,15.322439,4.1046314,164.74483
2012-06-09 08:00:00+00:00,15.351,0.0,0.0,74.293076,6.763786,154.7989,10.801,15.035498,3.8773184,158.19853
2012-06-09 09:00:00+00:00,15.000999,0.0,0.0,78.2858,6.439876,153.43501,11.250999,14.83931,3.7585104,163.30067
2012-06-09 10:00:00+00:00,14.701,0.0,0.0,79.02355,8.28,180.0,11.101,14.392233,4.452954,194.03627
2012-06-09 11:00:00+00:00,14.151,0.0,0.0,82.42729,7.928178,182.60251,11.201,13.935295,4.0249224,190.3048
2012-06-09 12:00:00+00:00,13.801,0.0,0.0,84.59928,7.072878,165.2564,11.250999,13.639542,3.7585104,163.30067
2012-06-09 13:00:00+00:00,13.701,0.0,0.0,84.869,7.10031,149.53453,11.201,13.504465,3.8939953,146.3099
2012-06-09 14:00:00+00:00,14.401,0.0,0.0,84.945015,7.10031,149.53453,11.901,14.191368,5.4833565,156.80138
2012-06-09 15:00:00+00:00,17.051,0.0,0.0,66.8857,8.225035,156.80139,10.851,16.319347,6.830519,161.56496
2012-06-09 16:00:00+00:00,19.201,0.0,0.0,57.857594,10.829959,164.57777,10.701,18.081415,9.178235,168.69011
2012-06-09 17:00:00+00:00,21.051,0.0,0.0,51.089203,13.138765,170.53775,10.551,20.25353,11.212135,174.47255
2012-06-09 18:00:00+00:00,22.651,0.0,0.0,46.489445,14.044615,178.53123,10.601,22.681992,11.885453,181.73567
2012-06-09 19:00:00+00:00,22.201,0.0,0.0,46.832577,14.512064,187.12492,10.301,22.500431,12.371645,188.3658
2012-06-09 20:00:00+00:00,23.001,0.0,0.0,45.211597,14.685176,191.30989,10.500999,23.73819,12.57426,193.24052
2012-06-09 21:00:00+00:00,23.601,0.0,0.0,43.894257,15.111424,192.38075,10.601,24.445276,12.661564,194.82652
2012-06-09 22:00:00+00:00,23.951,0.0,0.0,42.836647,14.205182,188.74608,10.551,24.515623,12.074766,190.3048
2012-06-09 23:00:00+00:00,23.751,0.0,0.0,43.499573,14.759999,192.68037,10.601,23.624146,12.313893,195.25517
2012-06-10 00:00:00+00:00,23.001,0.0,0.0,45.6655,13.708391,193.67133,10.651,22.069992,11.525623,194.47034
2012-06-10 01:00:00+00:00,21.701,0.0,0.0,49.7525,10.829959,195.42223,10.750999,20.605524,9.107359,198.43504
2012-06-10 02:00:00+00:00,20.101,0.0,0.0,55.078945,9.565437,199.79897,10.801,19.169565,8.089993,200.85454
2012-06-10 03:00:00+00:00,18.251,0.0,0.0,62.426517,9.360001,202.6199,10.951,17.511019,7.0911775,203.9625
2012-06-10 04:00:00+00:00,17.001,0.0,0.0,67.76961,8.311245,197.6502,11.000999,16.462513,5.815978,201.80147
2012-06-10 05:00:00+00:00,16.251,0.0,0.0,72.0259,6.0347,197.35411,11.201,15.907705,4.896529,197.10281
2012-06-10 06:00:00+00:00,15.601,0.0,0.0,76.080124,4.73506,188.74608,11.401,15.5355,3.4152596,198.43504
2012-06-10 07:00:00+00:00,15.051,0.0,0.0,78.81324,4.0249224,169.6952,11.401,15.112457,2.5455842,188.13002
2012-06-10 08:00:00+00:00,14.451,0.0,0.0,82.73761,4.0249224,169.6952,11.551,14.615496,2.16,180.0
2012-06-10 09:00:00+00:00,13.951,0.0,0.0,86.02578,3.6179552,174.2895,11.651,14.129898,2.2768397,198.43504
2012-06-10 10:00:00+00:00,13.551,0.0,0.0,87.9993,5.815978,68.19853,11.601,13.664101,2.6208394,74.054535
2012-06-10 11:00:00+00:00,13.201,0.0,0.0,88.84635,4.510787,118.61037,11.401,13.314678,2.1897945,99.46225
2012-06-10 12:00:00+00:00,13.051,0.0,0.0,87.663925,6.9247384,152.10283,11.051,12.778101,4.1046314,142.12495
2012-06-10 13:00:00+00:00,12.901,0.0,0.0,85.91891,8.905908,165.96373,10.601,12.38752,4.829907,153.43501
2012-06-10 14:00:00+00:00,14.151,0.0,0.0,84.358795,7.072878,165.2564,11.551,13.815533,5.5887027,165.06853
2012-06-10 15:00:00+00:00,16.801,0.0,0.0,68.86245,8.287822,177.5105,11.051,16.074581,7.208994,177.13765
2012-06-10 16:00:00+00:00,19.351,0.0,0.0,59.25482,11.212135,185.52745,11.201,18.346651,9.422101,186.58185
2012-06-10 17:00:00+00:00,21.751,0.0,0.0,52.129814,12.620554,183.27042,11.500999,21.45704,10.495713,185.90605
2012-06-10 18:00:00+00:00,23.601,0.0,0.0,47.68443,13.004921,184.76355,11.851,24.312578,10.853866,185.7105
2012-06-10 19:00:00+00:00,23.501,0.0,0.0,47.9727,13.556282,190.71307,11.851,24.624378,11.440978,192.72435
2012-06-10 20:00:00+00:00,24.351,0.0,0.0,47.10816,14.345898,197.52567,12.351,25.438305,12.181625,198.9705
2012-06-10 21:00:00+00:00,25.101,0.0,0.0,45.04392,15.137133,205.34613,12.351,26.510397,12.72283,205.1148
2012-06-10 22:00:00+00:00,25.251,0.0,0.0,44.497005,13.797913,195.12405,12.301,26.485199,11.620809,196.18927
2012-06-10 23:00:00+00:00,25.051,0.0,0.0,44.73519,14.081477,212.47118,12.201,25.503199,11.983188,212.73521
2012-06-11 00:00:00+00:00,24.601,0.0,0.0,45.652004,14.336861,218.8845,12.101,24.012,12.313894,217.87505
2012-06-11 01:00:00+00:00,23.501,0.0,0.0,48.60898,13.392774,216.25392,12.051,22.517986,11.090103,215.75398
2012-06-11 02:00:00+00:00,21.651,0.0,0.0,54.926804,13.397612,210.69965,12.201,20.758934,10.805998,209.98155
2012-06-11 03:00:00+00:00,19.351,0.0,0.0,64.13545,11.770403,203.42871,12.401,18.784523,9.028754,203.49858
2012-06-11 04:00:00+00:00,17.551,0.0,0.0,72.50117,9.178235,191.30989,12.551,17.383356,6.638072,192.5288
2012-06-11 05:00:00+00:00,16.401,0.0,0.0,78.493866,5.8048253,172.87508,12.651,16.657515,3.96,180.0
2012-06-11 06:00:00+00:00,15.601,0.0,0.0,83.422005,4.379589,170.53775,12.801,16.065434,2.8799999,180.0
2012-06-11 07:00:00+00:00,15.250999,0.0,0.0,83.10759,4.452954,194.03627,12.401,15.602829,2.7416782,203.19862
2012-06-11 08:00:00+00:00,14.551,0.0,0.0,86.369644,4.5820518,224.9999,12.301,14.860041,2.8116899,230.19447
2012-06-11 09:00:00+00:00,14.101,0.0,0.0,88.337555,4.39436,235.0079,12.201,14.435436,2.4149535,243.43501
2012-06-11 10:00:00+00:00,14.000999,0.0,0.0,86.3152,4.32,270.0,11.750999,14.224113,2.1897945,260.53775
2012-06-11 11:00:00+00:00,14.451,0.0,0.0,80.84322,3.219938,243.43501,11.201,14.673716,1.0182338,224.9999
2012-06-11 12:00:00+00:00,15.051,0.0,0.0,75.236565,4.0249224,206.56499,10.701,15.00868,1.8,180.0
2012-06-11 13:00:00+00:00,15.301,0.0,0.0,71.61072,6.830519,198.43504,10.201,14.899178,3.2599385,173.6599
2012-06-11 14:00:00+00:00,16.051,0.0,0.0,68.0271,7.5170207,196.69933,10.151,15.306896,5.506941,191.30989
2012-06-11 15:00:00+00:00,18.601,0.0,0.0,58.68154,7.42159,202.8337,10.351,17.800259,6.28713,203.6294
2012-06-11 16:00:00+00:00,21.001,0.0,0.0,52.10603,8.891343,211.75943,10.801,20.141459,7.5942082,211.42952
2012-06-11 17:00:00+00:00,23.151,0.0,0.0,46.936592,10.009036,217.6943,11.201,22.999414,8.4963045,216.38445
2012-06-11 18:00:00+00:00,25.101,0.0,0.0,43.15683,10.195057,222.13753,11.701,26.05952,8.942214,220.10085
2012-06-11 19:00:00+00:00,25.251,0.0,0.0,42.773087,10.703569,227.72638,11.701,26.728699,9.1641035,224.9999
2012-06-11 20:00:00+00:00,26.451,0.0,0.0,39.575523,11.753876,229.9698,11.601,28.0808,10.195057,227.86247
2012-06-11 21:00:00+00:00,27.401,0.0,0.0,37.302902,13.392774,233.74606,11.551,28.727852,11.525623,231.34016
2012-06-11 22:00:00+00:00,28.051,0.0,0.0,35.090504,11.246759,230.19447,11.201,29.230316,9.957108,229.39879
2012-06-11 23:00:00+00:00,28.101,0.0,0.0,34.41295,11.753876,229.9698,10.951,28.438702,10.195057,227.86247
2012-06-12 00:00:00+00:00,27.501,0.0,0.0,35.996593,13.004922,228.36655,11.101,26.791681,10.948973,226.33215
2012-06-12 01:00:00+00:00,26.201,0.0,0.0,40.16395,13.551501,230.38934,11.601,25.016481,11.480557,228.81418
2012-06-12 02:00:00+00:00,24.051,0.0,0.0,47.80621,13.513193,228.23979,12.301,23.169186,10.948973,226.33215
2012-06-12 03:00:00+00:00,21.451,0.0,0.0,58.0247,12.313894,217.87505,12.851,20.963757,9.504272,217.30403
2012-06-12 04:00:00+00:00,19.551,0.0,0.0,65.88165,9.983106,205.64096,13.000999,19.374306,7.729527,207.75845
2012-06-12 05:00:00+00:00,18.451,0.0,0.0,71.023705,7.8625183,195.94547,13.101,18.58794,5.815978,201.80147
2012-06-12 06:00:00+00:00,17.401,0.0,0.0,76.86917,6.28713,203.6294,13.301,17.750921,4.829907,206.56499
2012-06-12 07:00:00+00:00,16.001,0.0,0.0,80.78499,4.8965297,216.02747,12.701,16.210972,4.39436,214.9921
2012-06-12 08:00:00+00:00,15.801,0.0,0.0,81.55625,3.8268526,228.81418,12.651,16.225155,2.8116899,219.80553
2012-06-12 09:00:00+00:00,15.750999,0.0,0.0,81.81743,3.319036,229.39879,12.651,16.288221,2.0364676,224.9999
2012-06-12 10:00:00+00:00,15.601,0.0,0.0,81.26324,2.7416782,203.19862,12.401,16.016401,2.3051248,218.65984
2012-06-12 11:00:00+00:00,15.351,0.0,0.0,81.23039,4.1046314,217.87505,12.151,15.525852,3.396233,212.00534
2012-06-12 12:00:00+00:00,15.401,0.0,0.0,79.12496,4.0249224,190.3048,11.801,15.37911,3.9763298,185.19434
2012-06-12 13:00:00+00:00,15.851,0.0,0.0,74.62571,5.2416787,164.05453,11.351,15.638025,4.32,180.0
2012-06-12 14:00:00+00:00,17.601,0.0,0.0,66.77925,5.771239,176.42374,11.351,17.214401,5.506941,191.30989
2012-06-12 15:00:00+00:00,20.251,0.0,0.0,55.11707,7.289444,200.22495,10.951,19.651844,6.12,208.07239
2012-06-12 16:00:00+00:00,22.651,0.0,0.0,48.219666,8.209263,217.87505,11.151,21.953836,7.2,216.86998
2012-06-12 17:00:00+00:00,24.701,0.0,0.0,43.619083,8.654987,224.9999,11.500999,24.871458,7.653705,221.18582
2012-06-12 18:00:00+00:00,26.401,0.0,0.0,40.219917,10.703569,227.72638,11.801,27.351099,9.1641035,224.9999
2012-06-12 19:00:00+00:00,27.001,0.0,0.0,36.578697,12.768586,229.574,10.901,28.061226,10.948973,226.33215
2012-06-12 20:00:00+00:00,27.701,0.0,0.0,36.412376,14.84318,230.90614,11.451,28.91822,12.768586,229.574
2012-06-12 21:00:00+00:00,28.051,0.0,0.0,36.031616,15.696165,233.39284,11.601,29.165825,13.324863,231.58191
2012-06-12 22:00:00+00:00,28.201,0.0,0.0,35.365734,13.217443,240.64233,11.451,29.276863,11.183201,236.82147
2012-06-12 23:00:00+00:00,28.201,0.0,0.0,34.555355,12.24,241.92761,11.101,28.603302,10.383987,236.3099
2012-06-13 00:00:00+00:00,27.851,0.0,0.0,34.802605,12.979984,236.3099,10.901,27.12692,11.019764,231.63248
2012-06-13 01:00:00+00:00,26.801,0.0,0.0,37.630444,13.513193,228.23979,11.151,25.51783,11.200571,224.9999
2012-06-13 02:00:00+00:00,24.801,0.0,0.0,44.08121,12.496718,221.49637,11.750999,23.846523,10.233123,219.28938
2012-06-13 03:00:00+00:00,22.251,0.0,0.0,53.829517,10.514218,218.04709,12.451,21.850471,7.9932966,215.83774
2012-06-13 04:00:00+00:00,20.051,0.0,0.0,63.247215,7.8625183,195.94547,12.851,20.102371,5.815978,201.80147
2012-06-13 05:00:00+00:00,18.701,0.0,0.0,69.921074,7.771331,166.60748,13.101,18.845997,5.7599998,180.0
2012-06-13 06:00:00+00:00,17.701,0.0,0.0,75.18269,8.089993,159.14546,13.250999,17.986217,5.1544156,167.90526
2012-06-13 07:00:00+00:00,16.501,0.0,0.0,77.740944,7.5685663,154.65387,12.601,16.68399,4.3498964,155.55606
2012-06-13 08:00:00+00:00,16.101,0.0,0.0,79.48591,5.634891,153.43501,12.551,16.523308,2.5959969,146.3099
2012-06-13 09:00:00+00:00,16.151001,0.0,0.0,78.45691,5.2416787,164.05453,12.401,16.619692,1.9386592,158.19853
2012-06-13 10:00:00+00:00,16.151001,0.0,0.0,77.94333,6.830519,161.56496,12.301,16.27108,4.1046314,164.74483
2012-06-13 11:00:00+00:00,16.051,0.0,0.0,77.67241,9.885262,169.50858,12.151,15.752895,6.638072,167.4712
2012-06-13 12:00:00+00:00,15.951,0.0,0.0,77.4019,7.628263,160.70985,12.000999,15.841402,5.0142193,158.96242
2012-06-13 13:00:00+00:00,15.601,0.0,0.0,78.37531,7.8954163,155.77226,11.851,15.399666,5.315336,151.69934
2012-06-13 14:00:00+00:00,16.501,0.0,0.0,74.24527,7.5170207,163.30067,11.901,16.173618,6.28713,166.75948
2012-06-13 15:00:00+00:00,18.501,0.0,0.0,64.37157,7.9932976,172.23492,11.651,18.011763,6.849467,176.98727
2012-06-13 16:00:00+00:00,20.601,0.0,0.0,57.060535,9.007196,182.29056,11.801,20.049583,7.5942073,185.44025
2012-06-13 17:00:00+00:00,22.351,0.0,0.0,51.60236,10.390226,194.03627,11.901,22.085236,9.0,196.26028
2012-06-13 18:00:00+00:00,24.251,0.0,0.0,45.405914,11.27553,196.69933,11.701,24.960255,9.565437,199.79897
2012-06-13 19:00:00+00:00,24.351,0.0,0.0,43.23424,12.181625,198.9705,11.051,25.359951,10.365251,200.32323
2012-06-13 20:00:00+00:00,25.251,0.0,0.0,41.10828,13.441071,200.37651,11.101,26.432508,11.298495,202.47948
2012-06-13 21:00:00+00:00,25.801,0.0,0.0,39.91935,14.182355,203.9625,11.151,26.802729,11.91812,205.01686
2012-06-13 22:00:00+00:00,25.951,0.0,0.0,39.435265,10.495713,210.96368,11.101,27.20071,9.19939,210.57915
2012-06-13 23:00:00+00:00,25.701,0.0,0.0,40.023815,10.315115,209.24873,11.101,26.251848,9.19939,210.57915
2012-06-14 00:00:00+00:00,25.051,0.0,0.0,41.87757,10.144082,207.47435,11.201,24.673618,9.021574,208.61037
2012-06-14 01:00:00+00:00,24.101,0.0,0.0,44.620594,10.315115,209.24873,11.301,23.183323,9.021574,208.61037
2012-06-14 02:00:00+00:00,22.451,0.0,0.0,50.28429,11.792404,211.26367,11.601,21.529478,9.693296,211.32863
2012-06-14 03:00:00+00:00,20.301,0.0,0.0,59.286793,12.313894,217.87505,12.101,19.598288,9.290511,215.53777
2012-06-14 04:00:00+00:00,18.751,0.0,0.0,66.799446,9.585739,214.28693,12.451,18.527348,6.792466,212.00534
2012-06-14 05:00:00+00:00,17.801,0.0,0.0,72.0729,7.0911775,203.9625,12.701,17.85155,5.4833565,203.19862
2012-06-14 06:00:00+00:00,16.901,0.0,0.0,77.54782,6.924738,188.97255,12.951,17.083961,5.1544156,192.09474
2012-06-14 07:00:00+00:00,15.651,0.0,0.0,77.867645,7.2,180.0,11.801,15.524412,4.6938252,184.39862
2012-06-14 08:00:00+00:00,15.201,0.0,0.0,80.41192,7.208994,182.86235,11.851,15.03805,5.0528407,184.08554
2012-06-14 09:00:00+00:00,14.750999,0.0,0.0,83.04758,6.849467,176.98727,11.901,14.656433,4.6938252,175.60138
2012-06-14 10:00:00+00:00,14.201,0.0,0.0,86.051056,6.9899354,191.88864,11.901,14.106546,4.6938252,184.39862
2012-06-14 11:00:00+00:00,13.451,0.0,0.0,89.751015,7.5599995,180.0,11.801,13.221884,5.3999996,180.0
2012-06-14 12:00:00+00:00,13.250999,0.0,0.0,90.03265,8.12197,167.19574,11.651,13.019585,5.0911684,171.86998
2012-06-14 13:00:00+00:00,13.500999,0.0,0.0,87.99488,7.5685663,154.65387,11.551,13.346302,4.3498964,155.55606
2012-06-14 14:00:00+00:00,14.351,0.0,0.0,83.82604,7.9932966,144.16226,11.651,13.969362,6.12,151.92761
2012-06-14 15:00:00+00:00,16.551,0.0,0.0,72.55899,8.39657,149.03632,11.601,16.059238,6.763786,154.7989
2012-06-14 16:00:00+00:00,18.801,0.0,0.0,62.966606,9.028754,156.50142,11.601,18.182379,7.628263,160.70985
2012-06-14 17:00:00+00:00,20.851,0.0,0.0,54.904934,10.239453,169.8754,11.451,20.732388,8.669949,175.23645
2012-06-14 18:00:00+00:00,22.401,0.0,0.0,49.610394,11.212135,185.52745,11.351,22.672325,9.826088,188.42688
2012-06-14 19:00:00+00:00,23.501,0.0,0.0,44.90011,12.313893,195.25517,10.851,24.524008,10.587917,197.81898
2012-06-14 20:00:00+00:00,24.351,0.0,0.0,42.805847,12.768586,201.5015,10.901,25.546398,10.966713,203.19862
2012-06-14 21:00:00+00:00,25.001,0.0,0.0,40.90208,13.202726,205.8663,10.801,26.001236,11.269782,206.56499
2012-06-14 22:00:00+00:00,25.351,0.0,0.0,39.660786,11.384198,214.69522,10.651,26.365845,10.086427,214.82455
2012-06-14 23:00:00+00:00,25.101,0.0,0.0,40.121605,12.313894,217.87505,10.601,25.272276,10.799999,216.86998
2012-06-15 00:00:00+00:00,24.351,0.0,0.0,41.820778,13.324863,218.41809,10.551,23.458014,11.304229,217.23491
2012-06-15 01:00:00+00:00,23.151,0.0,0.0,45.55513,12.387348,215.53777,10.750999,21.838852,10.587918,215.3113
2012-06-15 02:00:00+00:00,21.501,0.0,0.0,51.549267,12.783802,212.34741,11.101,20.280914,10.685391,212.61923
2012-06-15 03:00:00+00:00,19.351,0.0,0.0,60.443226,12.594856,210.96368,11.500999,18.354652,10.00256,210.25635
2012-06-15 04:00:00+00:00,17.651,0.0,0.0,68.35232,11.113451,204.90474,11.750999,16.971363,8.373386,205.4633
2012-06-15 05:00:00+00:00,16.551,0.0,0.0,74.00962,8.557102,202.24907,11.901,16.223606,6.28713,203.6294
2012-06-15 06:00:00+00:00,15.801,0.0,0.0,78.147354,6.28713,193.24052,12.000999,15.824091,4.1046314,195.25517
2012-06-15 07:00:00+00:00,14.801,0.0,0.0,82.50801,5.3999996,180.0,11.851,14.795132,3.9763298,185.19434
2012-06-15 08:00:00+00:00,14.351,0.0,0.0,84.939606,5.4477882,187.59456,11.851,14.42705,3.4152596,198.43504
2012-06-15 09:00:00+00:00,14.250999,0.0,0.0,85.49081,5.4833565,203.19862,11.851,14.3298435,3.396233,212.00534
2012-06-15 10:00:00+00:00,13.801,0.0,0.0,88.60332,4.68,180.0,11.951,13.9317,3.2599385,186.3401
2012-06-15 11:00:00+00:00,13.701,0.0,0.0,88.8874,7.5942073,174.55975,11.901,13.65897,4.3349743,184.76355
2012-06-15 12:00:00+00:00,13.451,0.0,0.0,89.751015,7.928178,177.39749,11.801,13.326883,4.68,180.0
2012-06-15 13:00:00+00:00,13.451,0.0,0.0,89.45545,7.072878,165.2564,11.750999,13.518141,3.2599385,173.6599
2012-06-15 14:00:00+00:00,14.551,0.0,0.0,82.74986,7.42159,165.96373,11.651,14.215286,5.8048253,172.87508
2012-06-15 15:00:00+00:00,16.301,0.0,0.0,74.45614,8.759178,170.53775,11.750999,15.787682,7.2359104,174.2895
2012-06-15 16:00:00+00:00,18.401,0.0,0.0,65.42054,10.105681,175.91446,11.801,17.698034,8.64,180.0
2012-06-15 17:00:00+00:00,20.601,0.0,0.0,57.060535,10.086427,182.04536,11.801,20.206945,8.669949,184.76355
2012-06-15 18:00:00+00:00,22.701,0.0,0.0,50.01972,10.239453,190.1246,11.750999,23.44312,8.825508,191.76826
2012-06-15 19:00:00+00:00,23.101,0.0,0.0,49.307796,10.661107,191.68935,11.901,24.567743,9.255571,193.49574
2012-06-15 20:00:00+00:00,24.251,0.0,0.0,45.256268,11.525623,194.47034,11.651,25.614717,10.041354,194.5345
2012-06-15 21:00:00+00:00,25.251,0.0,0.0,41.656754,12.768586,201.5015,11.301,26.561808,10.966713,203.19862
2012-06-15 22:00:00+00:00,25.551,0.0,0.0,40.247974,13.797913,195.12405,11.051,26.344353,11.726277,197.87878
2012-06-15 23:00:00+00:00,25.101,0.0,0.0,40.659035,13.849477,207.89717,10.801,25.104956,11.923557,208.88649
2012-06-16 00:00:00+00:00,24.051,0.0,0.0,43.007423,14.021525,209.19739,10.701,23.089396,11.923557,208.88649
2012-06-16 01:00:00+00:00,22.601,0.0,0.0,46.94213,13.849477,207.89717,10.701,21.150688,11.435313,208.1785
2012-06-16 02:00:00+00:00,20.701,0.0,0.0,53.25318,12.24,208.07239,10.851,19.505356,10.00256,210.25635
2012-06-16 03:00:00+00:00,18.751,0.0,0.0,60.502163,10.630672,208.30066,10.951,17.846628,8.217153,208.8107
2012-06-16 04:00:00+00:00,17.501,0.0,0.0,65.878975,8.699793,204.44394,11.051,16.886522,6.439876,206.56499
2012-06-16 05:00:00+00:00,16.851,0.0,0.0,69.101166,6.28713,203.6294,11.151,16.548494,4.510787,208.61037
2012-06-16 06:00:00+00:00,16.401,0.0,0.0,72.292305,4.6938257,212.47118,11.401,16.308342,3.6,216.86998
2012-06-16 07:00:00+00:00,15.801,0.0,0.0,76.61681,3.8939953,213.6901,11.701,15.956039,2.5455842,224.9999
2012-06-16 08:00:00+00:00,15.401,0.0,0.0,79.38629,3.8268526,228.81418,11.851,15.596291,2.5959969,236.3099
2012-06-16 09:00:00+00:00,14.951,0.0,0.0,83.07162,4.39436,235.0079,12.101,15.252893,2.4149535,243.43501
2012-06-16 10:00:00+00:00,14.901,0.0,0.0,83.065605,4.73506,188.74608,12.051,15.003576,3.671294,191.30989
2012-06-16 11:00:00+00:00,15.101,0.0,0.0,82.00369,5.8603754,190.6196,12.051,15.106743,4.3349743,184.76355
2012-06-16 12:00:00+00:00,15.151,0.0,0.0,81.47194,6.28713,193.24052,12.000999,15.195351,3.96,180.0
2012-06-16 13:00:00+00:00,15.250999,0.0,0.0,80.68414,7.289444,200.22495,11.951,15.226809,4.32,180.0
2012-06-16 14:00:00+00:00,16.251,0.0,0.0,77.44813,8.350138,187.43132,12.301,16.0756,6.130579,183.3664
2012-06-16 15:00:00+00:00,19.251,0.0,0.0,63.69342,6.9899354,191.88864,12.201,19.070137,5.937272,194.03627
2012-06-16 16:00:00+00:00,21.851,0.0,0.0,54.97743,8.217153,208.8107,12.401,21.543415,7.24486,206.56499
2012-06-16 17:00:00+00:00,24.301,0.0,0.0,48.03091,10.009036,217.6943,12.601,24.578268,8.78872,214.9921
2012-06-16 18:00:00+00:00,26.151,0.0,0.0,43.73282,12.031756,218.92755,12.851,27.205097,10.296251,216.46933
2012-06-16 19:00:00+00:00,26.151,0.0,0.0,43.305534,13.551501,219.61066,12.701,27.517008,11.525623,218.65984
2012-06-16 20:00:00+00:00,26.801,0.0,0.0,42.226078,15.03835,222.08908,12.901,28.328037,12.768586,220.426
2012-06-16 21:00:00+00:00,26.951,0.0,0.0,42.40587,16.831684,228.46832,13.101,28.085526,14.021525,228.12221
2012-06-16 22:00:00+00:00,26.951,0.0,0.0,42.267628,14.84318,230.90614,13.051,28.054905,12.261157,229.76372
2012-06-16 23:00:00+00:00,26.951,0.0,0.0,40.906937,16.375053,236.65927,12.551,27.141455,13.18308,235.0079
2012-06-17 00:00:00+00:00,26.751,0.0,0.0,39.139782,14.88242,237.84773,11.701,25.969816,12.181624,235.84026
2012-06-17 01:00:00+00:00,25.951,0.0,0.0,40.493748,13.1041975,249.07542,11.500999,24.906311,10.30883,245.22488
2012-06-17 02:00:00+00:00,24.251,0.0,0.0,45.405914,10.483357,254.05453,11.701,23.573948,8.225035,246.80139
2012-06-17 03:00:00+00:00,22.401,0.0,0.0,52.12779,8.217153,241.1893,12.101,22.19098,5.904439,232.43134
2012-06-17 04:00:00+00:00,20.951,0.0,0.0,58.09347,6.1305785,229.76372,12.401,20.912943,5.3999996,216.86998
2012-06-17 05:00:00+00:00,20.051,0.0,0.0,63.45439,4.1046314,217.87505,12.901,20.380436,4.0249224,206.56499
2012-06-17 06:00:00+00:00,19.351,0.0,0.0,67.58272,3.319036,192.5288,13.201,19.89457,3.2599385,186.3401
2012-06-17 07:00:00+00:00,18.351,0.0,0.0,69.625,3.4152596,161.56496,12.701,18.81878,2.6208394,164.05453
2012-06-17 08:00:00+00:00,17.601,0.0,0.0,73.22621,1.9386592,158.19853,12.750999,18.39376,0.5091169,224.9999
2012-06-17 09:00:00+00:00,16.601,0.0,0.0,78.01115,1.5273507,315.0001,12.750999,17.279066,1.2979984,326.3099
2012-06-17 10:00:00+00:00,16.101,0.0,0.0,79.225685,1.835647,348.6901,12.500999,16.76796,0.8049845,243.43501
2012-06-17 11:00:00+00:00,15.601,0.0,0.0,79.676605,1.484318,104.03627,12.101,16.03845,1.484318,165.96373
2012-06-17 12:00:00+00:00,15.201,0.0,0.0,79.62012,4.0249224,153.43501,11.701,15.294495,2.968636,165.96373
2012-06-17 13:00:00+00:00,14.901,0.0,0.0,79.31472,7.5942073,174.55975,11.351,14.845753,3.2399998,180.0
2012-06-17 14:00:00+00:00,17.051,0.0,0.0,72.88869,8.287822,182.4895,12.151,17.13367,4.0249224,169.6952
2012-06-17 15:00:00+00:00,22.751,0.0,0.0,50.86408,7.5942073,185.44025,12.051,22.468868,6.28713,193.24052
2012-06-17 16:00:00+00:00,25.801,0.0,0.0,39.65547,6.9899354,191.88864,11.051,25.241455,6.0347,197.35411
2012-06-17 17:00:00+00:00,27.951,0.0,0.0,36.003597,6.28713,203.6294,11.500999,28.429665,5.95906,205.01686
2012-06-17 18:00:00+00:00,29.801,0.0,0.0,33.20973,7.9036193,210.0685,11.901,31.207108,7.10031,210.46547
2012-06-17 19:00:00+00:00,29.201,0.0,0.0,32.716145,9.19939,210.57915,11.151,30.831722,8.0899935,212.27562
2012-06-17 20:00:00+00:00,30.351,0.0,0.0,30.722542,10.009036,217.6943,11.201,32.006783,9.0,216.86998
2012-06-17 21:00:00+00:00,31.401,0.0,0.0,28.17684,11.457958,223.72705,10.801,32.769016,9.931042,223.53127
2012-06-17 22:00:00+00:00,32.051003,0.0,0.0,26.267046,12.819235,231.84273,10.301,32.755768,11.246759,230.19447
2012-06-17 23:00:00+00:00,31.951,0.0,0.0,26.065668,15.0038395,239.74365,10.101,31.648262,12.783802,237.65257
2012-06-18 00:00:00+00:00,31.101,0.0,0.0,27.447058,15.646544,246.97447,10.151,29.86969,12.879752,243.43501
2012-06-18 01:00:00+00:00,29.301,0.0,0.0,31.465069,14.917212,250.25307,10.651,27.73436,12.10157,247.249
2012-06-18 02:00:00+00:00,26.951,0.0,0.0,38.68214,13.441071,249.62347,11.701,25.898346,10.787993,244.2901
2012-06-18 03:00:00+00:00,24.351,0.0,0.0,47.887222,11.770403,246.57129,12.601,23.955782,8.287822,235.6196
2012-06-18 04:00:00+00:00,22.251,0.0,0.0,55.9861,7.9036193,239.9315,13.051,22.249033,6.638072,220.60121
2012-06-18 05:00:00+00:00,20.951,0.0,0.0,62.2216,4.8965297,216.02747,13.451,21.441206,4.2136917,199.9832
2012-06-18 06:00:00+00:00,19.751,0.0,0.0,67.66427,4.802999,192.99461,13.601,20.383867,3.6,180.0
2012-06-18 07:00:00+00:00,19.001,0.0,0.0,71.35829,4.0249224,190.3048,13.701,19.823277,2.5455842,171.86998
2012-06-18 08:00:00+00:00,18.951,0.0,0.0,71.11739,2.7416782,203.19862,13.601,19.892792,1.484318,194.03627
2012-06-18 09:00:00+00:00,18.401,0.0,0.0,72.89114,2.3051248,231.34016,13.451,19.27218,1.609969,206.56499
2012-06-18 10:00:00+00:00,18.151,0.0,0.0,72.84658,3.7064266,240.94548,13.201,18.791927,2.5959969,236.3099
2012-06-18 11:00:00+00:00,18.301,0.0,0.0,70.76381,4.6102495,218.65984,12.901,18.619606,4.1046314,217.87505
2012-06-18 12:00:00+00:00,18.251,0.0,0.0,69.150566,4.379589,189.46225,12.500999,18.436012,4.1046314,195.25517
2012-06-18 13:00:00+00:00,18.101,0.0,0.0,68.21828,6.4799995,180.0,12.151,17.968882,5.495161,211.60745
2012-06-18 14:00:00+00:00,18.651,0.0,0.0,66.12359,8.28,180.0,12.201,18.467213,5.95906,205.01686
2012-06-18 15:00:00+00:00,20.951,0.0,0.0,54.568363,7.5170207,196.69933,11.451,20.457928,6.439876,206.56499
2012-06-18 16:00:00+00:00,23.251,0.0,0.0,46.963882,7.7879906,213.6901,11.301,22.630106,6.989936,214.50858
2012-06-18 17:00:00+00:00,25.051,0.0,0.0,43.14295,8.161764,221.42357,11.651,25.263016,7.42159,219.09384
2012-06-18 18:00:00+00:00,26.651,0.0,0.0,39.76242,8.209263,217.87505,11.851,27.913288,7.42159,219.09384
2012-06-18 19:00:00+00:00,27.501,0.0,0.0,34.820213,9.504272,217.30403,10.601,28.861256,8.4963045,216.38445
2012-06-18 20:00:00+00:00,28.851,0.0,0.0,32.402557,12.031756,218.92755,10.701,30.206875,10.514218,218.04709
2012-06-18 21:00:00+00:00,29.651,0.0,0.0,30.631578,15.530151,224.0609,10.551,30.44952,13.246826,222.79738
2012-06-18 22:00:00+00:00,29.401,0.0,0.0,30.767185,16.575644,235.6196,10.401,29.665043,13.896187,233.42688
2012-06-18 23:00:00+00:00,28.501,0.0,0.0,32.521294,16.75064,241.78273,10.451,28.129696,13.891522,238.78166
2012-06-19 00:00:00+00:00,27.401,0.0,0.0,35.02467,14.658676,245.32315,10.601,26.414314,12.24,241.92761
2012-06-19 01:00:00+00:00,26.101,0.0,0.0,38.571377,13.849477,242.10283,10.901,24.682957,11.609651,240.2552
2012-06-19 02:00:00+00:00,24.151,0.0,0.0,45.228752,12.7279215,241.2603,11.551,23.095821,10.495713,239.0363
2012-06-19 03:00:00+00:00,21.701,0.0,0.0,54.93947,11.119281,240.94548,12.250999,21.192385,8.287822,235.6196
2012-06-19 04:00:00+00:00,19.701,0.0,0.0,64.212364,7.7879906,236.3099,12.750999,19.747038,5.6233797,230.19447
2012-06-19 05:00:00+00:00,18.451,0.0,0.0,70.792175,6.3690495,222.70937,13.051,18.63857,5.3517847,222.27362
2012-06-19 06:00:00+00:00,17.501,0.0,0.0,76.38544,6.4096174,218.15727,13.301,17.9144,4.39436,214.9921
2012-06-19 07:00:00+00:00,16.801,0.0,0.0,73.325386,6.618519,224.9999,12.000999,16.823797,4.1046314,217.87505
2012-06-19 08:00:00+00:00,16.201,0.0,0.0,76.932915,5.3517847,227.72638,12.151,16.386877,3.319036,220.60121
2012-06-19 09:00:00+00:00,15.701,0.0,0.0,79.95306,3.7064266,209.0545,12.250999,16.097376,2.0991426,210.96368
2012-06-19 10:00:00+00:00,15.101,0.0,0.0,83.36306,2.5959969,146.3099,12.301,15.500608,2.1897945,170.53775
2012-06-19 11:00:00+00:00,14.551,0.0,0.0,86.086334,4.896529,162.89719,12.250999,14.72616,3.6179552,185.7105
2012-06-19 12:00:00+00:00,14.201,0.0,0.0,87.47922,7.5685663,154.65387,12.151,14.170954,4.802999,167.00539
2012-06-19 13:00:00+00:00,13.750999,0.0,0.0,88.599106,7.754637,158.19853,11.901,13.70896,4.3349743,184.76355
2012-06-19 14:00:00+00:00,15.101,0.0,0.0,82.273994,7.072878,165.2564,12.101,15.020039,5.04,180.0
2012-06-19 15:00:00+00:00,17.851,0.0,0.0,65.73581,7.42159,165.96373,11.351,17.316595,6.519877,173.6599
2012-06-19 16:00:00+00:00,20.051,0.0,0.0,56.924385,8.4042845,170.13426,11.250999,19.384424,7.208994,177.13765
2012-06-19 17:00:00+00:00,22.251,0.0,0.0,49.406197,9.72,180.0,11.151,22.068958,8.669949,184.76355
2012-06-19 18:00:00+00:00,23.951,0.0,0.0,44.875526,11.090103,193.13403,11.250999,24.699165,9.346143,195.6423
2012-06-19 19:00:00+00:00,24.601,0.0,0.0,41.474865,11.91812,205.01686,10.651,25.695765,10.464797,206.56499
2012-06-19 20:00:00+00:00,25.701,0.0,0.0,39.62739,13.684735,215.36255,10.951,26.826653,11.592894,216.15828
2012-06-19 21:00:00+00:00,26.301,0.0,0.0,38.372158,15.273505,224.9999,11.000999,27.29638,12.984975,223.87679
2012-06-19 22:00:00+00:00,26.601,0.0,0.0,37.449665,12.387348,215.53777,10.901,27.58237,10.883676,214.21576
2012-06-19 23:00:00+00:00,26.401,0.0,0.0,37.51796,12.984975,223.87679,10.750999,26.5847,11.212135,222.39738
2012-06-20 00:00:00+00:00,25.551,0.0,0.0,39.71701,13.18308,214.9921,10.851,24.773571,11.384198,214.69522
2012-06-20 01:00:00+00:00,24.101,0.0,0.0,43.741913,14.529915,221.98714,11.000999,22.659103,11.988594,221.34767
2012-06-20 02:00:00+00:00,22.201,0.0,0.0,49.55681,14.291592,229.08571,11.151,20.844803,11.720751,227.4896
2012-06-20 03:00:00+00:00,20.101,0.0,0.0,56.936787,10.97262,228.99101,11.301,19.23672,8.669949,228.36655
2012-06-20 04:00:00+00:00,18.551,0.0,0.0,63.32777,7.7043357,217.40543,11.451,18.178051,5.6233797,219.80553
2012-06-20 05:00:00+00:00,17.701,0.0,0.0,67.68898,5.1544156,192.09474,11.651,17.546864,4.5536795,198.43504
2012-06-20 06:00:00+00:00,16.951,0.0,0.0,71.91693,5.771239,183.57626,11.851,16.937462,4.0249224,190.3048
2012-06-20 07:00:00+00:00,16.301,0.0,0.0,72.75401,6.162207,186.70975,11.401,16.235313,3.4152596,198.43504
2012-06-20 08:00:00+00:00,15.750999,0.0,0.0,76.356285,5.815978,201.80147,11.601,15.76182,3.319036,220.60121
2012-06-20 09:00:00+00:00,15.500999,0.0,0.0,77.84489,4.198285,210.96368,11.651,15.675442,2.3051248,218.65984
2012-06-20 10:00:00+00:00,14.951,0.0,0.0,80.91024,4.2136917,160.0168,11.701,15.158133,2.1897945,170.53775
2012-06-20 11:00:00+00:00,14.701,0.0,0.0,82.223854,7.69592,169.21574,11.701,14.485071,5.0911684,171.86998
2012-06-20 12:00:00+00:00,14.901,0.0,0.0,80.37085,8.311245,162.3498,11.551,14.6287155,5.1544156,167.90526
2012-06-20 13:00:00+00:00,15.250999,0.0,0.0,77.80685,7.172949,162.47433,11.401,15.044952,4.379589,170.53775
2012-06-20 14:00:00+00:00,16.151001,0.0,0.0,73.94021,6.439876,153.43501,11.500999,15.923956,4.73506,171.25392
2012-06-20 15:00:00+00:00,18.451,0.0,0.0,61.85362,7.289444,159.77505,11.000999,17.843311,6.28713,166.75948
2012-06-20 16:00:00+00:00,20.451,0.0,0.0,55.167824,9.0645685,173.15732,11.151,19.701195,7.5685663,177.27374
2012-06-20 17:00:00+00:00,22.601,0.0,0.0,48.8493,9.3876505,184.39862,11.301,22.584238,7.9932976,187.76508
2012-06-20 18:00:00+00:00,24.501,0.0,0.0,43.99819,11.090103,193.13403,11.451,25.232063,9.6932955,195.06854
2012-06-20 19:00:00+00:00,24.851,0.0,0.0,43.373196,14.007655,205.90645,11.551,25.824684,12.074766,206.56499
2012-06-20 20:00:00+00:00,25.551,0.0,0.0,42.017063,15.484185,215.53777,11.701,26.687222,13.18308,214.9921
2012-06-20 21:00:00+00:00,26.001,0.0,0.0,40.77623,15.281989,223.09087,11.651,27.133432,12.496718,221.49637
2012-06-20 22:00:00+00:00,26.501,0.0,0.0,39.328857,10.990322,211.60745,11.551,27.88927,9.387651,212.47118
2012-06-20 23:00:00+00:00,26.951,0.0,0.0,37.423847,10.233123,219.28938,11.201,27.571913,9.0,216.86998
2012-06-21 00:00:00+00:00,26.801,0.0,0.0,37.134403,9.957108,220.60121,10.951,26.323288,8.714677,218.2902
2012-06-21 01:00:00+00:00,25.851,0.0,0.0,39.40718,11.753876,220.0302,11.000999,24.704264,9.957108,220.60121
2012-06-21 02:00:00+00:00,24.001,0.0,0.0,45.03817,12.984975,226.12321,11.351,22.85527,10.691453,224.9999
2012-06-21 03:00:00+00:00,21.601,0.0,0.0,53.662643,12.819235,231.84273,11.801,20.778503,9.449572,229.63554
2012-06-21 04:00:00+00:00,19.801,0.0,0.0,61.14999,10.1887,237.99466,12.101,19.403389,7.2,233.13002
2012-06-21 05:00:00+00:00,18.751,0.0,0.0,66.36235,8.0899935,237.72438,12.351,18.697588,5.3999996,233.13002
2012-06-21 06:00:00+00:00,17.901,0.0,0.0,71.38653,7.9036193,239.9315,12.651,17.90439,5.692099,235.30478
2012-06-21 07:00:00+00:00,17.001,0.0,0.0,72.163506,5.6920996,251.56496,11.951,17.108248,3.4152596,251.56496
2012-06-21 08:00:00+00:00,16.751,0.0,0.0,74.044235,3.2399998,270.0,12.101,17.194578,1.4399999,270.0
2012-06-21 09:00:00+00:00,16.401,0.0,0.0,75.95918,0.35999998,180.0,12.151,16.95345,0.8049845,153.43501
2012-06-21 10:00:00+00:00,15.901,0.0,0.0,78.41987,1.8,143.13002,12.151,16.453596,0.8049845,116.56499
2012-06-21 11:00:00+00:00,15.651,0.0,0.0,78.90083,6.5693827,170.53775,12.000999,15.674131,4.1046314,164.74483
2012-06-21 12:00:00+00:00,15.951,0.0,0.0,76.388336,8.557102,165.37909,11.801,15.733696,5.315336,151.69934
2012-06-21 13:00:00+00:00,16.251,0.0,0.0,73.9576,8.669949,175.23645,11.601,15.956463,5.4119864,176.186
2012-06-21 14:00:00+00:00,16.851,0.0,0.0,72.3743,7.968939,198.43504,11.851,16.531961,6.12,208.07239
2012-06-21 15:00:00+00:00,18.801,0.0,0.0,62.966606,6.9247384,207.89717,11.601,18.402334,6.12,208.07239
2012-06-21 16:00:00+00:00,21.151,0.0,0.0,54.439266,6.9527545,201.25058,11.601,20.726896,6.28713,203.6294
2012-06-21 17:00:00+00:00,23.551,0.0,0.0,46.58151,7.289444,200.22495,11.451,23.848654,6.6185193,202.38017
2012-06-21 18:00:00+00:00,25.551,0.0,0.0,41.192223,9.028754,203.49858,11.401,26.518438,8.225035,203.19861
2012-06-21 19:00:00+00:00,24.651,0.0,0.0,43.031757,10.948973,207.40749,11.250999,25.440977,9.339208,207.55272
2012-06-21 20:00:00+00:00,25.751,0.0,0.0,40.97642,12.594856,210.96368,11.500999,26.86262,10.990322,211.60745
2012-06-21 21:00:00+00:00,26.501,0.0,0.0,39.851723,14.4,216.86998,11.750999,27.737656,12.313894,217.87505
2012-06-21 22:00:00+00:00,26.751,0.0,0.0,39.398895,12.984975,223.87679,11.801,27.858887,11.457958,223.72705
2012-06-21 23:00:00+00:00,26.551,0.0,0.0,39.997375,13.783817,229.23648,11.851,26.940376,11.720751,227.4896
2012-06-22 00:00:00+00:00,25.851,0.0,0.0,41.96218,12.984975,226.12321,11.951,25.41989,11.200571,224.9999
2012-06-22 01:00:00+00:00,24.651,0.0,0.0,45.3662,12.738099,227.29063,12.051,23.687836,10.948973,226.33215
2012-06-22 02:00:00+00:00,22.851,0.0,0.0,50.89048,11.720751,227.4896,12.151,22.107254,9.673221,224.9999
2012-06-22 03:00:00+00:00,20.751,0.0,0.0,59.0059,10.182337,224.9999,12.451,20.326721,8.161764,221.42357
2012-06-22 04:00:00+00:00,19.101,0.0,0.0,66.21866,8.14587,224.9999,12.651,19.07935,5.8603754,222.5104
2012-06-22 05:00:00+00:00,18.151,0.0,0.0,71.43306,5.6002855,224.9999,12.901,18.395931,4.6102495,218.65984
2012-06-22 06:00:00+00:00,17.351,0.0,0.0,76.11272,3.396233,212.00534,13.101,17.984362,2.4149535,206.56499
2012-06-22 07:00:00+00:00,16.401,0.0,0.0,76.460266,4.5536795,198.43504,12.250999,16.70347,2.7416782,203.19862
2012-06-22 08:00:00+00:00,15.651,0.0,0.0,81.00351,4.802999,192.99461,12.401,15.969627,2.968636,194.03627
2012-06-22 09:00:00+00:00,14.701,0.0,0.0,86.66828,4.3498964,155.55606,12.500999,15.016144,3.219938,153.43501
2012-06-22 10:00:00+00:00,14.151,0.0,0.0,89.509834,9.290511,144.46223,12.451,14.0975895,5.634891,153.43501
2012-06-22 11:00:00+00:00,13.951,0.0,0.0,89.49434,10.137692,163.49556,12.250999,13.859428,5.4477882,172.40544
2012-06-22 12:00:00+00:00,13.351,0.0,0.0,91.53619,8.654987,135.0001,12.000999,13.374607,4.1046314,142.12495
2012-06-22 13:00:00+00:00,13.101,0.0,0.0,91.82272,9.726664,128.991,11.801,12.913271,5.1165614,129.28938
2012-06-22 14:00:00+00:00,15.551,0.0,0.0,80.990234,8.707237,150.2552,12.301,15.421677,5.815978,158.19853
2012-06-22 15:00:00+00:00,18.651,0.0,0.0,64.40451,7.2805495,171.46931,11.801,18.313892,6.130579,176.6336
2012-06-22 16:00:00+00:00,20.801,0.0,0.0,55.80686,7.771331,193.39252,11.651,20.328852,6.725354,195.52417
2012-06-22 17:00:00+00:00,23.051,0.0,0.0,47.850834,7.729527,207.75845,11.401,23.21693,6.9247384,207.89717
2012-06-22 18:00:00+00:00,24.951,0.0,0.0,41.57288,9.085988,213.6901,11.000999,25.79132,8.287822,214.3804
2012-06-22 19:00:00+00:00,24.801,0.0,0.0,39.903797,11.246759,219.80553,10.250999,25.835611,9.726664,218.991
2012-06-22 20:00:00+00:00,26.001,0.0,0.0,37.280704,14.003028,223.95847,10.301,27.005781,11.720751,222.5104
2012-06-22 21:00:00+00:00,26.651,0.0,0.0,35.28296,15.7908325,226.8476,10.051,27.256598,12.984975,226.12321
2012-06-22 22:00:00+00:00,26.901,0.0,0.0,33.848633,12.475961,226.16905,9.651,27.48508,10.948973,223.66785
2012-06-22 23:00:00+00:00,26.601,0.0,0.0,33.537933,15.408671,232.59457,9.250999,26.019869,13.044722,230.59937
2012-06-23 00:00:00+00:00,25.751,0.0,0.0,34.79397,16.575644,235.6196,9.051,24.103754,13.608762,232.52374
2012-06-23 01:00:00+00:00,24.501,0.0,0.0,37.61006,14.186923,234.29321,9.101,22.541424,11.808878,232.43134
2012-06-23 02:00:00+00:00,22.801,0.0,0.0,43.23437,12.261157,229.76372,9.651,21.267326,9.931042,226.46873
2012-06-23 03:00:00+00:00,20.651,0.0,0.0,52.1877,9.449572,220.36446,10.500999,19.72787,7.42159,219.09384
2012-06-23 04:00:00+00:00,18.951,0.0,0.0,60.34887,7.10031,210.46547,11.101,18.443806,5.8048253,209.7448
2012-06-23 05:00:00+00:00,17.901,0.0,0.0,66.401886,4.379589,170.53775,11.551,17.854528,3.6,180.0
2012-06-23 06:00:00+00:00,17.051,0.0,0.0,71.4628,6.8777895,137.12111,11.851,16.992214,4.3349743,138.36655
2012-06-23 07:00:00+00:00,16.401,0.0,0.0,72.292305,8.942214,139.89915,11.401,16.127026,4.8433046,138.01286
2012-06-23 08:00:00+00:00,15.651,0.0,0.0,77.10059,9.686609,138.01286,11.651,15.489239,4.6102495,128.65984
2012-06-23 09:00:00+00:00,15.051,0.0,0.0,81.19089,11.304229,127.23492,11.851,15.012707,4.198285,120.96369
2012-06-23 10:00:00+00:00,14.401,0.0,0.0,84.945015,12.538134,129.17365,11.901,14.096981,6.1305785,130.23628
2012-06-23 11:00:00+00:00,13.851,0.0,0.0,88.02565,11.681987,146.3099,11.901,13.594589,5.8048253,150.2552
2012-06-23 12:00:00+00:00,13.601,0.0,0.0,89.17275,8.0899935,147.72438,11.851,13.617159,3.8268526,138.81418
2012-06-23 13:00:00+00:00,13.301,0.0,0.0,90.03637,7.145796,139.08571,11.701,13.404514,2.9024127,119.74479
2012-06-23 14:00:00+00:00,15.651,0.0,0.0,79.94608,5.991594,147.26479,12.201,15.722765,4.2136917,160.0168
2012-06-23 15:00:00+00:00,18.551,0.0,0.0,64.59535,6.28713,156.3706,11.750999,18.277128,5.5887027,165.06853
2012-06-23 16:00:00+00:00,20.851,0.0,0.0,55.452034,7.69592,169.21574,11.601,20.340908,6.87779,173.99109
2012-06-23 17:00:00+00:00,22.851,0.0,0.0,47.166763,9.3876505,175.60138,11.000999,22.714834,8.28,180.0
2012-06-23 18:00:00+00:00,24.551,0.0,0.0,42.016224,10.239453,190.1246,10.801,25.212883,8.825508,191.76826
2012-06-23 19:00:00+00:00,24.351,0.0,0.0,41.960274,11.165805,200.77234,10.601,25.33138,9.693296,201.80147
2012-06-23 20:00:00+00:00,25.601,0.0,0.0,38.81675,12.55879,207.29948,10.551,26.852343,10.630672,208.30066
2012-06-23 21:00:00+00:00,26.401,0.0,0.0,37.145336,14.277983,213.6901,10.601,27.33352,12.181624,214.15974
2012-06-23 22:00:00+00:00,26.701,0.0,0.0,36.615993,14.264361,227.04541,10.651,27.296232,11.966954,226.2188
2012-06-23 23:00:00+00:00,26.401,0.0,0.0,37.269176,15.408671,232.59457,10.651,26.146473,13.044722,230.59937
2012-06-24 00:00:00+00:00,25.501,0.0,0.0,39.439793,15.1884165,238.57048,10.701,24.435362,12.4811535,236.76828
2012-06-24 01:00:00+00:00,24.651,0.0,0.0,42.184036,14.84318,247.1663,10.951,23.203949,11.91812,244.98314
2012-06-24 02:00:00+00:00,23.251,0.0,0.0,46.192074,14.934577,254.62369,11.051,21.846155,11.841756,250.46326
2012-06-24 03:00:00+00:00,21.551,0.0,0.0,52.596992,13.627795,257.79956,11.451,20.618713,9.449572,252.25523
2012-06-24 04:00:00+00:00,20.101,0.0,0.0,59.238926,9.726665,267.87894,11.901,19.758804,6.379216,253.61038
2012-06-24 05:00:00+00:00,19.001,0.0,0.0,65.764755,3.6179552,264.2895,12.451,19.485088,1.9386592,248.19853
2012-06-24 06:00:00+00:00,18.051,0.0,0.0,70.4851,2.6208394,164.05453,12.601,18.561676,2.0991426,149.03632
2012-06-24 07:00:00+00:00,17.351,0.0,0.0,74.14766,5.4833565,156.80138,12.701,17.717348,3.319036,139.39879
2012-06-24 08:00:00+00:00,16.451,0.0,0.0,79.27579,6.28713,166.75948,12.851,16.78413,3.8939953,146.3099
2012-06-24 09:00:00+00:00,15.901,0.0,0.0,82.373665,5.5887027,165.06853,12.901,16.232079,4.0249224,153.43501
2012-06-24 10:00:00+00:00,15.301,0.0,0.0,85.04196,9.290511,125.537766,12.801,15.586922,4.1046314,127.875046
2012-06-24 11:00:00+00:00,14.801,0.0,0.0,86.962425,10.009036,142.3057,12.651,14.929134,4.8433046,138.01286
2012-06-24 12:00:00+00:00,14.351,0.0,0.0,87.492905,7.5942082,148.57048,12.301,14.397793,4.6102495,141.34016
2012-06-24 13:00:00+00:00,13.901,0.0,0.0,88.03004,6.489992,146.3099,11.951,13.987368,3.563818,135.0001
2012-06-24 14:00:00+00:00,16.001,0.0,0.0,78.95172,5.6233797,140.19447,12.351,16.252035,3.319036,139.39879
2012-06-24 15:00:00+00:00,19.301,0.0,0.0,57.117043,5.8048253,150.2552,10.601,18.807724,4.6800003,157.3801
2012-06-24 16:00:00+00:00,21.651,0.0,0.0,48.269447,6.5693827,170.53775,10.250999,20.895172,5.771239,176.42374
2012-06-24 17:00:00+00:00,23.601,0.0,0.0,42.73883,7.342588,191.30989,10.201,23.612274,6.379216,196.38962
2012-06-24 18:00:00+00:00,25.301,0.0,0.0,38.090435,8.534353,207.64589,10.000999,26.069239,7.4128532,209.0545
2012-06-24 19:00:00+00:00,26.501,0.0,0.0,36.80413,10.00256,210.25635,10.551,27.80825,8.891343,211.75943
2012-06-24 20:00:00+00:00,27.751,0.0,0.0,33.411648,12.181624,214.15974,10.201,28.928745,10.383987,213.6901
2012-06-24 21:00:00+00:00,28.601,0.0,0.0,30.546007,14.84318,219.09384,9.601,29.267231,12.538134,219.17365
2012-06-24 22:00:00+00:00,28.751,0.0,0.0,29.677034,16.323528,228.57643,9.301,28.795956,13.513193,228.23979
2012-06-24 23:00:00+00:00,28.351,0.0,0.0,30.06934,16.641972,231.14662,9.151,27.682453,13.551501,230.38934
2012-06-25 00:00:00+00:00,27.551,0.0,0.0,31.294205,15.986593,234.16226,9.051,26.00861,13.104198,232.81522
2012-06-25 01:00:00+00:00,26.301,0.0,0.0,33.793583,14.77755,235.92276,9.101,24.298502,12.096214,233.47105
2012-06-25 02:00:00+00:00,24.501,0.0,0.0,38.506283,13.779114,236.7251,9.451,22.771965,10.883676,235.78424
2012-06-25 03:00:00+00:00,22.351,0.0,0.0,45.944492,12.783802,237.65257,10.151,21.210423,8.209263,232.12495
2012-06-25 04:00:00+00:00,20.601,0.0,0.0,53.227234,9.693296,238.67136,10.750999,19.794756,7.127636,224.9999
2012-06-25 05:00:00+00:00,19.301,0.0,0.0,59.43947,5.3517847,227.72638,11.201,19.12261,3.7585104,196.69933
2012-06-25 06:00:00+00:00,18.151,0.0,0.0,65.3667,3.9763298,185.19434,11.551,18.180876,3.0758414,159.44388
2012-06-25 07:00:00+00:00,17.051,0.0,0.0,71.227554,5.937272,165.96373,11.801,17.040646,3.8939953,146.3099
2012-06-25 08:00:00+00:00,16.051,0.0,0.0,76.656494,5.5887027,165.06853,11.951,16.098515,3.8268526,138.81418
2012-06-25 09:00:00+00:00,15.151,0.0,0.0,81.20407,5.4833565,156.80138,11.951,15.19875,3.8268526,138.81418
2012-06-25 10:00:00+00:00,14.551,0.0,0.0,83.57311,10.182337,135.0001,11.801,14.515219,4.072935,135.0001
2012-06-25 11:00:00+00:00,14.401,0.0,0.0,83.280045,8.78872,145.0079,11.601,14.182079,4.8965297,143.97253
2012-06-25 12:00:00+00:00,14.101,0.0,0.0,83.52031,7.386582,136.97493,11.351,13.924444,4.072935,135.0001
2012-06-25 13:00:00+00:00,13.651,0.0,0.0,83.74488,8.049845,116.56499,10.951,13.311981,4.3498964,114.44395
2012-06-25 14:00:00+00:00,15.351,0.0,0.0,76.039536,8.891343,121.75944,11.151,15.002363,4.829907,116.56499
2012-06-25 15:00:00+00:00,18.501,0.0,0.0,57.49263,6.8777895,137.12111,9.951,17.671917,5.692099,145.30478
2012-06-25 16:00:00+00:00,20.801,0.0,0.0,46.604156,7.42159,165.96373,8.951,19.626266,6.162207,173.29025
2012-06-25 17:00:00+00:00,22.851,0.0,0.0,40.02439,8.759178,189.46225,8.551,22.172174,7.771331,193.39252
2012-06-25 18:00:00+00:00,24.751,0.0,0.0,34.511112,10.495713,202.1664,8.051,24.68915,9.360001,202.6199
2012-06-25 19:00:00+00:00,25.801,0.0,0.0,30.805607,12.074766,206.56499,7.3009996,26.035137,10.464797,206.56499
2012-06-25 20:00:00+00:00,26.951,0.0,0.0,27.530264,13.70839,209.93143,6.651,27.1132,11.792404,211.26367
2012-06-25 21:00:00+00:00,27.701,0.0,0.0,24.675587,15.484185,215.53777,5.7009997,27.36052,13.18308,214.9921
2012-06-25 22:00:00+00:00,27.851,0.0,0.0,23.708702,16.548256,224.11868,5.251,26.95101,13.755579,222.87889
2012-06-25 23:00:00+00:00,27.501,0.0,0.0,23.698912,16.641972,231.14662,4.9509997,25.816305,14.05845,230.19447
2012-06-26 00:00:00+00:00,26.751,0.0,0.0,24.765331,16.299694,239.47037,4.9509997,24.268192,13.281023,237.17146
2012-06-26 01:00:00+00:00,25.801,0.0,0.0,26.65418,14.81259,244.05775,5.2009997,22.838043,12.24,241.92761
2012-06-26 02:00:00+00:00,24.301,0.0,0.0,30.385105,13.661038,251.56496,5.8009996,21.674854,10.829958,248.5522
2012-06-26 03:00:00+00:00,22.351,0.0,0.0,36.998264,12.413476,253.14151,6.9509997,20.417616,7.8954163,245.77226
2012-06-26 04:00:00+00:00,20.601,0.0,0.0,44.09202,9.531505,259.1145,7.9509997,19.172266,6.12,241.92761
2012-06-26 05:00:00+00:00,19.351,0.0,0.0,49.956215,3.4152596,251.56496,8.651,18.76097,1.609969,206.56499
2012-06-26 06:00:00+00:00,18.101,0.0,0.0,56.247723,3.219938,153.43501,9.250999,17.528475,2.5959969,123.690094
2012-06-26 07:00:00+00:00,16.751,0.0,0.0,61.252533,6.3690495,137.29063,9.250999,15.989573,3.8939953,123.6901
2012-06-26 08:00:00+00:00,15.801,0.0,0.0,65.07378,7.386582,136.97493,9.250999,14.966837,4.39436,124.992096
2012-06-26 09:00:00+00:00,15.151,0.0,0.0,66.709206,6.8777895,132.87889,9.000999,14.420496,3.219938,116.56499
2012-06-26 10:00:00+00:00,14.651,0.0,0.0,67.05536,6.696387,126.25393,8.601,13.814262,3.219938,116.56499
2012-06-26 11:00:00+00:00,14.051,0.0,0.0,66.92875,7.42159,129.09386,8.001,13.033842,3.396233,122.00535
2012-06-26 12:00:00+00:00,13.500999,0.0,0.0,65.68034,9.449572,130.36446,7.2009997,12.096754,4.6938257,122.471176
2012-06-26 13:00:00+00:00,13.151,0.0,0.0,64.045456,10.464797,130.81499,6.501,11.607973,4.510787,118.61037
2012-06-26 14:00:00+00:00,15.201,0.0,0.0,58.442142,7.127636,135.0001,7.101,14.057123,2.7416782,113.19862
2012-06-26 15:00:00+00:00,19.751,0.0,0.0,38.06654,3.4152596,161.56496,5.0509996,18.120087,2.9024127,172.87508
2012-06-26 16:00:00+00:00,22.351,0.0,0.0,32.44815,5.2416787,195.94547,5.0509996,20.460026,4.6800003,202.6199
2012-06-26 17:00:00+00:00,24.651,0.0,0.0,28.14818,6.792466,212.00534,5.001,23.389635,6.193674,215.53777
2012-06-26 18:00:00+00:00,26.801,0.0,0.0,24.692577,8.161764,221.42357,4.9509997,26.33034,7.42159,219.09384
2012-06-26 19:00:00+00:00,27.951,0.0,0.0,21.752495,9.686609,221.98714,4.101,27.833317,8.435069,219.80553
2012-06-26 20:00:00+00:00,29.201,0.0,0.0,21.244623,11.480557,221.18582,4.8009996,29.214298,10.233123,219.28938
2012-06-26 21:00:00+00:00,29.951,0.0,0.0,21.360722,14.291592,220.91429,5.501,29.696003,12.261157,220.23628
2012-06-26 22:00:00+00:00,30.001,0.0,0.0,22.27882,15.815435,228.69148,6.151,29.341667,13.246826,227.20262
2012-06-26 23:00:00+00:00,29.351,0.0,0.0,23.693092,17.477621,237.61934,6.501,27.89172,14.480773,235.1246
2012-06-27 00:00:00+00:00,28.301,0.0,0.0,25.35342,17.388409,242.90453,6.601,26.03376,14.021525,240.80261
2012-06-27 01:00:00+00:00,26.851,0.0,0.0,27.502886,15.463246,245.22488,6.5509996,24.14156,12.55879,242.7005
2012-06-27 02:00:00+00:00,25.201,0.0,0.0,31.274618,12.074766,243.43501,7.001,22.996693,9.826088,241.55717
2012-06-27 03:00:00+00:00,23.301,0.0,0.0,37.269238,9.659814,243.43501,7.901,21.804577,6.489992,236.3099
2012-06-27 04:00:00+00:00,21.651,0.0,0.0,43.496113,5.815978,248.19853,8.701,20.675861,4.3349743,228.36655
2012-06-27 05:00:00+00:00,20.351,0.0,0.0,48.23915,2.3051248,231.34016,9.051,19.885527,1.484318,194.03627
2012-06-27 06:00:00+00:00,19.201,0.0,0.0,52.68465,2.968636,165.96373,9.301,18.723366,2.0364676,135.0001
2012-06-27 07:00:00+00:00,17.651,0.0,0.0,62.289165,4.6938257,147.52882,10.351,17.388874,2.5959969,123.690094
2012-06-27 08:00:00+00:00,16.801,0.0,0.0,65.07405,4.8433046,138.01286,10.201,16.538046,2.3051248,128.65984
2012-06-27 09:00:00+00:00,16.151001,0.0,0.0,67.36906,4.6102495,128.65984,10.101,15.97913,1.484318,104.03627
2012-06-27 10:00:00+00:00,15.601,0.0,0.0,68.85136,2.3051248,128.65984,9.901,15.440149,1.0182338,135.0001
2012-06-27 11:00:00+00:00,15.000999,0.0,0.0,69.89498,3.8268526,138.81418,9.551,14.6677475,1.5273507,135.0001
2012-06-27 12:00:00+00:00,14.500999,0.0,0.0,69.32764,5.154415,155.22488,8.951,13.929771,2.0364676,135.0001
2012-06-27 13:00:00+00:00,14.151,0.0,0.0,68.09517,5.154415,155.22488,8.351,13.421753,2.0364676,135.0001
2012-06-27 14:00:00+00:00,16.051,0.0,0.0,61.29488,4.6938257,147.52882,8.601,15.4487705,1.609969,116.56499
2012-06-27 15:00:00+00:00,20.901,0.0,0.0,40.706734,3.4152596,161.56496,7.0509996,19.710505,2.968636,165.96373
2012-06-27 16:00:00+00:00,23.551,0.0,0.0,33.820423,4.6938252,175.60138,6.7009997,22.077374,4.3349743,184.76355
2012-06-27 17:00:00+00:00,25.951,0.0,0.0,28.903296,6.5693827,189.46225,6.501,25.080654,5.937272,194.03627
2012-06-27 18:00:00+00:00,28.051,0.0,0.0,25.636951,8.089993,200.85454,6.5509996,27.981636,7.42159,202.8337
2012-06-27 19:00:00+00:00,29.451,0.0,0.0,23.964962,10.464797,206.56499,6.751,29.788975,9.178235,205.55992
2012-06-27 20:00:00+00:00,30.601,0.0,0.0,22.977654,12.904882,210.1413,7.101,30.956642,11.298495,210.65059
2012-06-27 21:00:00+00:00,31.151,0.0,0.0,21.964308,15.192682,216.32692,6.901,31.022198,12.88981,215.90982
2012-06-27 22:00:00+00:00,31.201,0.0,0.0,21.60329,17.309975,224.9999,6.7009997,30.505611,14.255272,224.9999
2012-06-27 23:00:00+00:00,30.801,0.0,0.0,21.800102,16.363178,230.35587,6.501,29.532436,13.551501,230.38934
2012-06-28 00:00:00+00:00,30.001,0.0,0.0,22.822493,14.4,233.13002,6.501,28.049133,12.031756,231.07245
2012-06-28 01:00:00+00:00,28.751,0.0,0.0,24.955143,13.104198,232.81522,6.751,26.311623,11.019764,231.63248
2012-06-28 02:00:00+00:00,26.951,0.0,0.0,29.4802,11.480557,228.81418,7.651,24.96268,9.422101,226.54811
2012-06-28 03:00:00+00:00,24.651,0.0,0.0,36.8991,10.233123,219.28938,8.951,23.353733,6.989936,214.50858
2012-06-28 04:00:00+00:00,22.651,0.0,0.0,44.218327,6.9247384,207.89717,9.851,21.741825,6.0347,197.35411
2012-06-28 05:00:00+00:00,21.151,0.0,0.0,50.271393,4.68,180.0,10.401,20.745266,3.671294,168.69011
2012-06-28 06:00:00+00:00,19.851,0.0,0.0,55.015327,4.8965297,143.97253,10.551,19.579767,3.0547013,135.0001
2012-06-28 07:00:00+00:00,18.251,0.0,0.0,63.26041,5.8603754,137.4896,11.151,18.110567,3.396233,122.00535
2012-06-28 08:00:00+00:00,17.401,0.0,0.0,66.51642,5.6233797,140.19447,11.101,17.362318,2.5959969,123.690094
2012-06-28 09:00:00+00:00,17.801,0.0,0.0,63.159054,4.510787,151.38963,10.701,17.803957,1.484318,165.96373
2012-06-28 10:00:00+00:00,17.401,0.0,0.0,63.279427,4.3349743,138.36655,10.351,17.234816,1.9386592,111.801476
2012-06-28 11:00:00+00:00,16.901,0.0,0.0,63.5908,6.1305785,139.76372,9.951,16.479248,2.9024127,119.74479
2012-06-28 12:00:00+00:00,16.551,0.0,0.0,62.454346,7.145796,139.08571,9.351,15.961611,2.9024127,119.74479
2012-06-28 13:00:00+00:00,16.351,0.0,0.0,60.337666,7.145796,139.08571,8.651,15.625408,2.5455842,135.0001
2012-06-28 14:00:00+00:00,17.401,0.0,0.0,56.260727,6.3690495,137.29063,8.601,16.661985,2.5455842,135.0001
2012-06-28 15:00:00+00:00,21.451,0.0,0.0,40.03484,4.3498964,155.55606,7.3009996,20.225857,3.6179552,174.2895
2012-06-28 16:00:00+00:00,24.251,0.0,0.0,32.42679,5.4477882,187.59456,6.7009997,22.70881,4.802999,192.99461
2012-06-28 17:00:00+00:00,26.551,0.0,0.0,28.282995,6.9527545,201.25058,6.7009997,25.707287,6.28713,203.6294
2012-06-28 18:00:00+00:00,28.501,0.0,0.0,25.757761,8.587338,213.02386,7.001,28.494003,7.5942082,211.42952
2012-06-28 19:00:00+00:00,29.801,0.0,0.0,23.974672,10.233123,219.28938,7.0509996,30.195904,9.220499,218.65984
2012-06-28 20:00:00+00:00,31.101,0.0,0.0,22.40745,12.768586,220.426,7.151,31.51397,10.97262,221.00899
2012-06-28 21:00:00+00:00,31.751,0.0,0.0,21.447035,15.546833,222.18437,7.0509996,31.723999,13.004922,221.63345
2012-06-28 22:00:00+00:00,31.651,0.0,0.0,21.941198,15.7908325,226.8476,7.3009996,31.249039,13.246826,227.20262
2012-06-28 23:00:00+00:00,30.951,0.0,0.0,23.385033,15.575981,236.3099,7.651,29.976906,13.18308,235.0079
2012-06-29 00:00:00+00:00,29.951,0.0,0.0,25.4467,15.2947035,243.43501,8.051,28.237476,12.7279215,241.2603
2012-06-29 01:00:00+00:00,28.651,0.0,0.0,27.90024,14.182355,246.0375,8.301,26.485863,11.753877,242.6502
2012-06-29 02:00:00+00:00,27.001,0.0,0.0,32.21088,12.7279215,241.2603,9.000999,25.22083,10.383987,236.3099
2012-06-29 03:00:00+00:00,24.851,0.0,0.0,39.12564,11.885453,234.86572,10.000999,23.711866,7.8954163,226.8476
2012-06-29 04:00:00+00:00,22.851,0.0,0.0,46.54428,8.78872,235.0079,10.801,22.089521,6.9153743,218.65984
2012-06-29 05:00:00+00:00,21.401,0.0,0.0,52.557888,4.510787,208.61037,11.301,21.32506,3.2599385,186.3401
2012-06-29 06:00:00+00:00,20.051,0.0,0.0,58.257763,5.315336,151.69934,11.601,19.986217,3.8268526,138.81418
2012-06-29 07:00:00+00:00,18.401,0.0,0.0,62.87622,6.989936,145.49142,11.201,18.172487,4.1046314,127.875046
2012-06-29 08:00:00+00:00,17.451,0.0,0.0,66.9693,5.991594,147.26479,11.250999,17.391272,3.0547013,135.0001
2012-06-29 09:00:00+00:00,17.601,0.0,0.0,64.60109,4.3498964,155.55606,10.851,17.59759,1.835647,168.69011
2012-06-29 10:00:00+00:00,17.351,0.0,0.0,63.904343,6.297428,120.963684,10.451,17.177423,2.1897945,99.46225
2012-06-29 11:00:00+00:00,17.101,0.0,0.0,63.000645,7.2,143.13002,10.000999,16.833988,1.9386592,111.801476
2012-06-29 12:00:00+00:00,16.701,0.0,0.0,62.070316,6.379216,163.61038,9.401,16.28609,1.8,143.13002
2012-06-29 13:00:00+00:00,16.201,0.0,0.0,61.123238,4.5536795,161.56496,8.701,15.592167,1.835647,168.69011
2012-06-29 14:00:00+00:00,17.201,0.0,0.0,57.362965,3.8268526,138.81418,8.701,16.670322,1.2979984,146.3099
2012-06-29 15:00:00+00:00,21.351,0.0,0.0,40.143375,2.8116899,140.19447,7.251,20.259186,2.6208394,164.05453
2012-06-29 16:00:00+00:00,24.101,0.0,0.0,31.613205,4.3349743,184.76355,6.2009997,22.557068,4.0249224,190.3048
2012-06-29 17:00:00+00:00,26.401,0.0,0.0,26.44917,6.12,208.07239,5.601,25.355707,5.8048253,209.7448
2012-06-29 18:00:00+00:00,28.251,0.0,0.0,23.404856,8.287822,214.3804,5.401,27.875225,7.491114,215.21768
2012-06-29 19:00:00+00:00,29.501,0.0,0.0,21.92137,10.799999,216.86998,5.501,29.461887,9.585739,214.28693
2012-06-29 20:00:00+00:00,30.301,0.0,0.0,22.202475,13.896187,216.57312,6.351,30.30032,12.096214,216.52895
2012-06-29 21:00:00+00:00,30.651,0.0,0.0,22.522848,16.363178,219.64413,6.851,30.397816,13.783817,220.76352
2012-06-29 22:00:00+00:00,30.551,0.0,0.0,23.04349,15.629971,231.54626,7.101,30.16043,13.044722,230.59937
2012-06-29 23:00:00+00:00,30.251,0.0,0.0,23.203308,15.1884165,238.57048,6.9509997,29.192684,12.783802,237.65257
2012-06-30 00:00:00+00:00,29.651,0.0,0.0,24.182613,14.168641,242.78397,7.0509996,27.872494,11.609651,240.2552
2012-06-30 01:00:00+00:00,28.651,0.0,0.0,26.512785,13.527572,244.7989,7.5509996,26.414322,10.948973,242.5925
2012-06-30 02:00:00+00:00,27.101,0.0,0.0,30.958553,12.10157,247.249,8.500999,25.294033,9.659814,243.43501
2012-06-30 03:00:00+00:00,24.951,0.0,0.0,38.37557,10.483357,254.05453,9.801,23.920147,6.763786,244.7989
2012-06-30 04:00:00+00:00,23.001,0.0,0.0,45.817696,6.87779,263.9911,10.701,22.466436,5.154415,245.22488
2012-06-30 05:00:00+00:00,21.651,0.0,0.0,51.41816,3.5455887,246.0375,11.201,21.757143,1.8,216.86998
2012-06-30 06:00:00+00:00,20.551,0.0,0.0,55.193172,3.6179552,185.7105,11.250999,20.616163,2.1897945,170.53775
2012-06-30 07:00:00+00:00,19.201,0.0,0.0,59.415504,4.896529,162.89719,11.101,19.169012,2.5455842,135.0001
2012-06-30 08:00:00+00:00,18.251,0.0,0.0,63.470417,5.1919937,146.3099,11.201,18.197866,2.9024127,119.74479
2012-06-30 09:00:00+00:00,17.551,0.0,0.0,65.45394,5.904439,127.568665,11.000999,17.365217,3.396233,122.00535
2012-06-30 10:00:00+00:00,16.901,0.0,0.0,66.6322,9.693296,121.328636,10.651,16.374617,5.0142193,111.03758
2012-06-30 11:00:00+00:00,16.401,0.0,0.0,67.19638,10.97262,138.99101,10.301,15.642216,5.904439,127.568665
2012-06-30 12:00:00+00:00,16.001,0.0,0.0,68.01688,9.290511,144.46223,10.101,15.331551,4.8965297,126.027466
2012-06-30 13:00:00+00:00,15.701,0.0,0.0,69.565636,8.78872,145.0079,10.151,15.127893,4.3349743,131.63345
2012-06-30 14:00:00+00:00,17.551,0.0,0.0,65.889656,7.4128532,150.9455,11.101,17.139168,5.154415,155.22488
2012-06-30 15:00:00+00:00,21.501,0.0,0.0,47.11188,6.28713,156.3706,9.750999,20.629227,5.5887027,165.06853
2012-06-30 16:00:00+00:00,23.751,0.0,0.0,41.09821,5.937272,165.96373,9.750999,22.903881,5.4119864,176.186
2012-06-30 17:00:00+00:00,25.951,0.0,0.0,36.40465,5.4477882,187.59456,9.901,26.004265,5.1544156,192.09474
2012-06-30 18:00:00+00:00,27.851,0.0,0.0,32.88577,7.10031,210.46547,10.051,28.75803,6.297428,210.96368
2012-06-30 19:00:00+00:00,28.551,0.0,0.0,30.429825,10.233123,219.28938,9.500999,29.430515,9.220499,218.65984
2012-06-30 20:00:00+00:00,29.551,0.0,0.0,30.19836,14.113652,217.74687,10.250999,30.473335,12.096214,216.52895
2012-06-30 21:00:00+00:00,29.751,0.0,0.0,31.06968,16.704155,217.11694,10.851,30.462654,13.896187,216.57312
2012-06-30 22:00:00+00:00,29.701,0.0,0.0,31.575811,15.815435,221.30852,11.051,30.237541,13.276144,220.60121
2012-06-30 23:00:00+00:00,29.351,0.0,0.0,32.112766,14.76439,224.9999,11.000999,29.356735,12.475961,223.83095
