step,elapsed_seconds,sensor_id,congestion
0,0,1201054,1.0
0,0,1201066,0.0
0,0,1201076,0.0
0,0,1201087,0.0
0,0,1201100,0.0
0,0,1201112,0.0
0,0,1201118,0.0
0,0,1201125,0.0
0,0,1201145,0.0
0,0,1201159,0.0
0,0,1201171,0.0
0,0,1201185,0.0
0,0,1201197,0.0
0,0,1201211,0.0
0,0,1201217,0.0
0,0,1201222,0.0
0,0,1201240,0.0
0,0,1201254,0.0
0,0,1201270,0.0
0,0,1201283,0.0
0,0,1201292,0.0
0,0,1201298,0.0
0,0,1201315,0.0
0,0,1201333,0.0
0,0,1201350,0.0
0,0,1201365,0.0
0,0,1201382,0.0
0,0,1201399,0.0
0,0,1201406,0.0
0,0,1201410,0.0
0,0,1201419,0.0
0,0,1201430,0.0
0,0,1201453,0.0
0,0,1201469,0.0
0,0,1201481,0.0
0,0,1201497,0.0
0,0,1201510,0.0
0,0,1201525,0.0
0,0,1201541,0.0
0,0,1201558,0.0
0,0,1201589,0.0
0,0,1201606,0.0
0,0,1201620,0.0
0,0,1201637,0.0
0,0,1201653,0.0
0,0,1201671,0.0
0,0,1201687,0.0
0,0,1201705,0.0
0,0,1201719,0.0
0,0,1201735,0.0
0,0,1201751,0.0
0,0,1201767,0.0
0,0,1201787,0.0
0,0,1201805,0.0
0,0,1201823,0.0
0,0,1201839,0.0
0,0,1201853,0.0
0,0,1201867,0.0
0,0,1201883,0.0
0,0,1201899,0.0
0,0,1201911,0.0
0,0,1201923,0.0
0,0,1201941,0.0
0,0,1201959,0.0
0,0,1201969,0.0
0,0,1201977,0.0
0,0,1201985,0.0
0,0,1201987,0.0
0,0,1201998,0.0
0,0,1202011,0.0
0,0,1202024,0.0
0,0,1202040,0.0
0,0,1202053,0.0
0,0,1202067,0.0
0,0,1202078,0.0
0,0,1202093,0.0
0,0,1202105,0.0
0,0,1202118,0.0
0,0,1202132,0.0
0,0,1202146,0.0
0,0,1202160,0.0
0,0,1202172,0.0
0,0,1202186,0.0
0,0,1202201,0.0
0,0,1202215,0.0
0,0,1202230,0.0
0,0,1202248,0.0
0,0,1202263,0.0
0,0,1202278,0.0
0,0,1202290,0.0
0,0,1202308,0.0
0,0,1202322,0.0
0,0,1202337,0.0
0,0,1202353,0.0
0,0,1202365,0.0
0,0,1202373,0.0
0,0,1202380,0.0
0,0,1202394,0.0
0,0,1202408,0.0
0,0,1202422,0.0
0,0,1202436,0.0
0,0,1202451,0.0
0,0,1202464,0.0
0,0,1202475,0.0
0,0,1202522,0.0
0,0,1202527,0.0
0,0,1202537,0.0
0,0,1202549,0.0
0,0,1202564,0.0
0,0,1202574,0.0
0,0,1202590,0.0
0,0,1202595,0.0
0,0,1202599,0.0
0,0,1202610,0.0
0,0,1202614,0.0
0,0,1202627,0.0
0,0,1202631,0.0
0,0,1202648,0.0
0,0,1202663,0.0
0,0,1202676,0.0
0,0,1202691,0.0
0,0,1202701,0.0
0,0,1202705,0.0
0,0,1202720,0.0
0,0,1202724,0.0
0,0,1202738,0.0
0,0,1202742,0.0
0,0,1202753,0.0
0,0,1202766,0.0
0,0,1202779,0.0
0,0,1202785,0.0
0,0,1202789,0.0
0,0,1202803,0.0
0,0,1202814,0.0
0,0,1202827,0.0
0,0,1202840,0.0
0,0,1202844,0.0
0,0,1202855,0.0
0,0,1202859,0.0
0,0,1202872,0.0
0,0,1202885,0.0
0,0,1202901,0.0
0,0,1202912,0.0
0,0,1202917,0.0
0,0,1202921,0.0
0,0,1202929,0.0
0,0,1202938,0.0
0,0,1202949,0.0
0,0,1202960,0.0
0,0,1202964,0.0
0,0,1202977,0.0
0,0,1202981,0.0
0,0,1202993,0.0
0,0,1203016,0.0
0,0,1203021,0.0
0,0,1203035,0.0
0,0,1203040,0.0
0,0,1203050,0.0
0,0,1203057,0.0
0,0,1203071,0.0
0,0,1203076,0.0
0,0,1203082,0.0
0,0,1203084,0.0
0,0,1203090,0.0
0,0,1203095,0.0
0,0,1203110,0.0
0,0,1203124,0.0
0,0,1203136,0.0
0,0,1203148,0.0
0,0,1203172,0.0
0,0,1203184,0.0
0,0,1203188,0.0
0,0,1203206,0.0
0,0,1203221,0.0
0,0,1203239,0.0
0,0,1203254,0.0
0,0,1203266,0.0
0,0,1203271,0.0
0,0,1203284,0.0
0,0,1203288,0.0
0,0,1203303,0.0
0,0,1203317,0.0
0,0,1203331,0.0
0,0,1203342,0.0
0,0,1203361,0.0
0,0,1203387,0.0
0,0,1203400,0.0
0,0,1203428,0.0
0,0,1203440,0.0
0,0,1203468,0.0
0,0,1203481,0.0
0,0,1203495,0.0
0,0,1203506,0.0
0,0,1203513,0.0
0,0,1203524,0.0
0,0,1203536,0.0
0,0,1203549,0.0
0,0,1203561,0.0
0,0,1203573,0.0
0,0,1203589,0.0
1,300,1201054,0.8199999928474426
1,300,1201066,0.10263566672801971
1,300,1201076,0.08569014817476273
1,300,1201087,0.07911459356546402
1,300,1201100,0.0
1,300,1201112,0.09884212166070938
1,300,1201118,0.04789832979440689
1,300,1201125,0.0365896113216877
1,300,1201145,0.0
1,300,1201159,0.09922955185174942
1,300,1201171,0.0
1,300,1201185,0.0
1,300,1201197,0.0
1,300,1201211,0.0
1,300,1201217,0.0
1,300,1201222,0.0
1,300,1201240,0.0
1,300,1201254,0.0
1,300,1201270,0.0
1,300,1201283,0.0
1,300,1201292,0.0
1,300,1201298,0.0
1,300,1201315,0.0
1,300,1201333,0.0
1,300,1201350,0.0
1,300,1201365,0.0
1,300,1201382,0.0
1,300,1201399,0.0
1,300,1201406,0.0
1,300,1201410,0.0
1,300,1201419,0.0
1,300,1201430,0.0
1,300,1201453,0.0
1,300,1201469,0.0
1,300,1201481,0.0
1,300,1201497,0.0
1,300,1201510,0.0
1,300,1201525,0.0
1,300,1201541,0.0
1,300,1201558,0.0
1,300,1201589,0.0
1,300,1201606,0.0
1,300,1201620,0.0
1,300,1201637,0.0
1,300,1201653,0.0
1,300,1201671,0.0
1,300,1201687,0.0
1,300,1201705,0.0
1,300,1201719,0.0
1,300,1201735,0.0
1,300,1201751,0.0
1,300,1201767,0.0
1,300,1201787,0.0
1,300,1201805,0.0
1,300,1201823,0.0
1,300,1201839,0.0
1,300,1201853,0.0
1,300,1201867,0.0
1,300,1201883,0.0
1,300,1201899,0.0
1,300,1201911,0.0
1,300,1201923,0.0
1,300,1201941,0.0
1,300,1201959,0.0
1,300,1201969,0.0
1,300,1201977,0.0
1,300,1201985,0.0
1,300,1201987,0.0
1,300,1201998,0.0
1,300,1202011,0.0
1,300,1202024,0.0
1,300,1202040,0.0
1,300,1202053,0.0
1,300,1202067,0.0
1,300,1202078,0.0
1,300,1202093,0.0
1,300,1202105,0.0
1,300,1202118,0.0
1,300,1202132,0.0
1,300,1202146,0.0
1,300,1202160,0.0
1,300,1202172,0.0
1,300,1202186,0.0
1,300,1202201,0.0
1,300,1202215,0.0
1,300,1202230,0.0
1,300,1202248,0.0
1,300,1202263,0.0
1,300,1202278,0.0
1,300,1202290,0.0
1,300,1202308,0.0
1,300,1202322,0.0
1,300,1202337,0.0
1,300,1202353,0.0
1,300,1202365,0.0
1,300,1202373,0.0
1,300,1202380,0.0
1,300,1202394,0.0
1,300,1202408,0.0
1,300,1202422,0.0
1,300,1202436,0.0
1,300,1202451,0.0
1,300,1202464,0.0
1,300,1202475,0.0
1,300,1202522,0.0
1,300,1202527,0.0
1,300,1202537,0.0
1,300,1202549,0.0
1,300,1202564,0.0
1,300,1202574,0.0
1,300,1202590,0.0
1,300,1202595,0.0
1,300,1202599,0.0
1,300,1202610,0.0
1,300,1202614,0.0
1,300,1202627,0.0
1,300,1202631,0.0
1,300,1202648,0.0
1,300,1202663,0.0
1,300,1202676,0.0
1,300,1202691,0.0
1,300,1202701,0.0
1,300,1202705,0.0
1,300,1202720,0.0
1,300,1202724,0.0
1,300,1202738,0.0
1,300,1202742,0.0
1,300,1202753,0.0
1,300,1202766,0.0
1,300,1202779,0.0
1,300,1202785,0.0
1,300,1202789,0.0
1,300,1202803,0.0
1,300,1202814,0.0
1,300,1202827,0.0
1,300,1202840,0.0
1,300,1202844,0.0
1,300,1202855,0.0
1,300,1202859,0.0
1,300,1202872,0.0
1,300,1202885,0.0
1,300,1202901,0.0
1,300,1202912,0.0
1,300,1202917,0.0
1,300,1202921,0.0
1,300,1202929,0.0
1,300,1202938,0.0
1,300,1202949,0.0
1,300,1202960,0.0
1,300,1202964,0.0
1,300,1202977,0.0
1,300,1202981,0.0
1,300,1202993,0.0
1,300,1203016,0.0
1,300,1203021,0.0
1,300,1203035,0.0
1,300,1203040,0.0
1,300,1203050,0.0
1,300,1203057,0.0
1,300,1203071,0.0
1,300,1203076,0.0
1,300,1203082,0.0
1,300,1203084,0.0
1,300,1203090,0.0
1,300,1203095,0.0
1,300,1203110,0.0
1,300,1203124,0.0
1,300,1203136,0.0
1,300,1203148,0.0
1,300,1203172,0.0
1,300,1203184,0.0
1,300,1203188,0.0
1,300,1203206,0.0
1,300,1203221,0.0
1,300,1203239,0.0
1,300,1203254,0.0
1,300,1203266,0.0
1,300,1203271,0.0
1,300,1203284,0.0
1,300,1203288,0.0
1,300,1203303,0.0
1,300,1203317,0.0
1,300,1203331,0.0
1,300,1203342,0.0
1,300,1203361,0.0
1,300,1203387,0.0
1,300,1203400,0.0
1,300,1203428,0.0
1,300,1203440,0.0
1,300,1203468,0.0
1,300,1203481,0.0
1,300,1203495,0.0
1,300,1203506,0.0
1,300,1203513,0.0
1,300,1203524,0.0
1,300,1203536,0.0
1,300,1203549,0.0
1,300,1203561,0.0
1,300,1203573,0.0
1,300,1203589,0.0
2,600,1201054,0.6723999977111816
2,600,1201066,0.17264176905155182
2,600,1201076,0.20044951140880585
2,600,1201087,0.16117286682128906
2,600,1201100,0.0
2,600,1201112,0.16622579097747803
2,600,1201118,0.10464129596948624
2,600,1201125,0.06000696122646332
2,600,1201145,0.0033993436954915524
2,600,1201159,0.16779889166355133
2,600,1201171,0.01086922362446785
2,600,1201185,0.017868969589471817
2,600,1201197,0.0
2,600,1201211,0.015336963348090649
2,600,1201217,0.0
2,600,1201222,0.007101758383214474
2,600,1201240,0.0
2,600,1201254,0.0
2,600,1201270,0.0
2,600,1201283,0.0
2,600,1201292,0.0
2,600,1201298,0.0
2,600,1201315,0.0
2,600,1201333,0.0
2,600,1201350,0.0
2,600,1201365,0.0
2,600,1201382,0.0
2,600,1201399,0.0
2,600,1201406,0.0
2,600,1201410,0.0
2,600,1201419,0.0
2,600,1201430,0.0
2,600,1201453,0.0
2,600,1201469,0.0
2,600,1201481,0.0
2,600,1201497,0.0
2,600,1201510,0.0
2,600,1201525,0.0
2,600,1201541,0.0
2,600,1201558,0.0
2,600,1201589,0.0
2,600,1201606,0.0
2,600,1201620,0.0
2,600,1201637,0.0
2,600,1201653,0.0
2,600,1201671,0.0
2,600,1201687,0.0
2,600,1201705,0.0
2,600,1201719,0.0
2,600,1201735,0.0
2,600,1201751,0.0
2,600,1201767,0.0
2,600,1201787,0.0
2,600,1201805,0.0
2,600,1201823,0.0
2,600,1201839,0.0
2,600,1201853,0.0
2,600,1201867,0.0
2,600,1201883,0.0
2,600,1201899,0.0
2,600,1201911,0.0
2,600,1201923,0.0
2,600,1201941,0.0
2,600,1201959,0.0
2,600,1201969,0.0
2,600,1201977,0.0
2,600,1201985,0.0
2,600,1201987,0.0
2,600,1201998,0.0
2,600,1202011,0.0
2,600,1202024,0.0
2,600,1202040,0.0
2,600,1202053,0.0
2,600,1202067,0.0
2,600,1202078,0.0
2,600,1202093,0.0
2,600,1202105,0.0
2,600,1202118,0.0
2,600,1202132,0.0
2,600,1202146,0.0
2,600,1202160,0.0
2,600,1202172,0.0
2,600,1202186,0.0
2,600,1202201,0.0
2,600,1202215,0.0
2,600,1202230,0.0
2,600,1202248,0.0
2,600,1202263,0.0
2,600,1202278,0.0
2,600,1202290,0.0
2,600,1202308,0.0
2,600,1202322,0.0
2,600,1202337,0.0
2,600,1202353,0.0
2,600,1202365,0.0
2,600,1202373,0.0
2,600,1202380,0.0
2,600,1202394,0.0
2,600,1202408,0.0
2,600,1202422,0.0
2,600,1202436,0.0
2,600,1202451,0.0
2,600,1202464,0.0
2,600,1202475,0.0
2,600,1202522,0.0
2,600,1202527,0.0
2,600,1202537,0.0
2,600,1202549,0.0
2,600,1202564,0.0
2,600,1202574,0.0
2,600,1202590,0.0
2,600,1202595,0.0
2,600,1202599,0.0
2,600,1202610,0.0
2,600,1202614,0.0
2,600,1202627,0.0
2,600,1202631,0.0
2,600,1202648,0.0
2,600,1202663,0.0
2,600,1202676,0.0
2,600,1202691,0.0
2,600,1202701,0.0
2,600,1202705,0.0
2,600,1202720,0.0
2,600,1202724,0.0
2,600,1202738,0.0
2,600,1202742,0.0
2,600,1202753,0.0
2,600,1202766,0.0
2,600,1202779,0.0
2,600,1202785,0.0
2,600,1202789,0.0
2,600,1202803,0.0
2,600,1202814,0.0
2,600,1202827,0.0
2,600,1202840,0.0
2,600,1202844,0.0
2,600,1202855,0.0
2,600,1202859,0.0
2,600,1202872,0.0
2,600,1202885,0.0
2,600,1202901,0.0
2,600,1202912,0.0
2,600,1202917,0.0
2,600,1202921,0.0
2,600,1202929,0.0
2,600,1202938,0.0
2,600,1202949,0.0
2,600,1202960,0.0
2,600,1202964,0.0
2,600,1202977,0.0
2,600,1202981,0.0
2,600,1202993,0.0
2,600,1203016,0.0
2,600,1203021,0.0
2,600,1203035,0.0
2,600,1203040,0.0
2,600,1203050,0.0
2,600,1203057,0.0
2,600,1203071,0.0
2,600,1203076,0.0
2,600,1203082,0.0
2,600,1203084,0.0
2,600,1203090,0.0
2,600,1203095,0.0
2,600,1203110,0.0
2,600,1203124,0.0
2,600,1203136,0.0
2,600,1203148,0.0
2,600,1203172,0.0
2,600,1203184,0.0
2,600,1203188,0.0
2,600,1203206,0.0
2,600,1203221,0.0
2,600,1203239,0.0
2,600,1203254,0.0
2,600,1203266,0.0
2,600,1203271,0.0
2,600,1203284,0.0
2,600,1203288,0.0
2,600,1203303,0.0
2,600,1203317,0.0
2,600,1203331,0.0
2,600,1203342,0.0
2,600,1203361,0.0
2,600,1203387,0.0
2,600,1203400,0.0
2,600,1203428,0.0
2,600,1203440,0.0
2,600,1203468,0.0
2,600,1203481,0.0
2,600,1203495,0.0
2,600,1203506,0.0
2,600,1203513,0.0
2,600,1203524,0.0
2,600,1203536,0.0
2,600,1203549,0.0
2,600,1203561,0.0
2,600,1203573,0.0
2,600,1203589,0.0
3,900,1201054,0.551367998123169
3,900,1201066,0.21819931268692017
3,900,1201076,0.3230557441711426
3,900,1201087,0.23846489191055298
3,900,1201100,0.0
3,900,1201112,0.21004536747932434
3,900,1201118,0.16188573837280273
3,900,1201125,0.07380856573581696
3,900,1201145,0.012130250222980976
3,900,1201159,0.21448878943920135
3,900,1201171,0.027292810380458832
3,900,1201185,0.045383553951978683
3,900,1201197,0.0
3,900,1201211,0.0423138290643692
3,900,1201217,0.00022958383488003165
3,900,1201222,0.024208731949329376
3,900,1201240,0.0021105322521179914
3,900,1201254,0.004112704191356897
3,900,1201270,0.0
3,900,1201283,0.003405137686058879
3,900,1201292,0.0
3,900,1201298,0.0017341161146759987
3,900,1201315,0.0
3,900,1201333,0.0002305781963514164
3,900,1201350,0.0
3,900,1201365,0.0001680378773016855
3,900,1201382,0.0
3,900,1201399,0.0
3,900,1201406,0.0
3,900,1201410,0.0
3,900,1201419,0.0
3,900,1201430,0.0
3,900,1201453,0.0
3,900,1201469,0.0
3,900,1201481,0.0
3,900,1201497,0.0
3,900,1201510,0.0
3,900,1201525,0.0
3,900,1201541,0.0
3,900,1201558,0.0
3,900,1201589,0.0
3,900,1201606,0.0
3,900,1201620,0.0
3,900,1201637,0.0
3,900,1201653,0.0
3,900,1201671,0.0
3,900,1201687,0.0
3,900,1201705,0.0
3,900,1201719,0.0
3,900,1201735,0.0
3,900,1201751,0.0
3,900,1201767,0.0
3,900,1201787,0.0
3,900,1201805,0.0
3,900,1201823,0.0
3,900,1201839,0.0
3,900,1201853,0.0
3,900,1201867,0.0
3,900,1201883,0.0
3,900,1201899,0.0
3,900,1201911,0.0
3,900,1201923,0.0
3,900,1201941,0.0
3,900,1201959,0.0
3,900,1201969,0.0
3,900,1201977,0.0
3,900,1201985,0.0
3,900,1201987,0.0
3,900,1201998,0.0
3,900,1202011,0.0
3,900,1202024,0.0
3,900,1202040,0.0
3,900,1202053,0.0
3,900,1202067,0.0
3,900,1202078,0.0
3,900,1202093,0.0
3,900,1202105,0.0
3,900,1202118,0.0
3,900,1202132,0.0
3,900,1202146,0.0
3,900,1202160,0.0
3,900,1202172,0.0
3,900,1202186,0.0
3,900,1202201,0.0
3,900,1202215,0.0
3,900,1202230,0.0
3,900,1202248,0.0
3,900,1202263,0.0
3,900,1202278,0.0
3,900,1202290,0.0
3,900,1202308,0.0
3,900,1202322,0.0
3,900,1202337,0.0
3,900,1202353,0.0
3,900,1202365,0.0
3,900,1202373,0.0
3,900,1202380,0.0
3,900,1202394,0.0
3,900,1202408,0.0
3,900,1202422,0.0
3,900,1202436,0.0
3,900,1202451,0.0
3,900,1202464,0.0
3,900,1202475,0.0
3,900,1202522,0.0
3,900,1202527,0.0
3,900,1202537,0.0
3,900,1202549,0.0
3,900,1202564,0.0
3,900,1202574,0.0
3,900,1202590,0.0
3,900,1202595,0.0
3,900,1202599,0.0
3,900,1202610,0.0
3,900,1202614,0.0
3,900,1202627,0.0
3,900,1202631,0.0
3,900,1202648,0.0
3,900,1202663,0.0
3,900,1202676,0.0
3,900,1202691,0.0
3,900,1202701,0.0
3,900,1202705,0.0
3,900,1202720,0.0
3,900,1202724,0.0
3,900,1202738,0.0
3,900,1202742,0.0
3,900,1202753,0.0
3,900,1202766,0.0
3,900,1202779,0.0
3,900,1202785,0.0
3,900,1202789,0.0
3,900,1202803,0.0
3,900,1202814,0.0
3,900,1202827,0.0
3,900,1202840,0.0
3,900,1202844,0.0
3,900,1202855,0.0
3,900,1202859,0.0
3,900,1202872,0.0
3,900,1202885,0.0
3,900,1202901,0.0
3,900,1202912,0.0
3,900,1202917,0.0
3,900,1202921,0.0
3,900,1202929,0.0
3,900,1202938,0.0
3,900,1202949,0.0
3,900,1202960,0.0
3,900,1202964,0.0
3,900,1202977,0.0
3,900,1202981,0.0
3,900,1202993,0.0
3,900,1203016,0.0
3,900,1203021,0.0
3,900,1203035,0.0
3,900,1203040,0.0
3,900,1203050,0.0
3,900,1203057,0.0
3,900,1203071,0.0
3,900,1203076,0.0
3,900,1203082,0.0
3,900,1203084,0.0
3,900,1203090,0.0
3,900,1203095,0.0
3,900,1203110,0.0
3,900,1203124,0.0
3,900,1203136,0.0
3,900,1203148,0.0
3,900,1203172,0.0
3,900,1203184,0.0
3,900,1203188,0.0
3,900,1203206,0.0
3,900,1203221,0.0
3,900,1203239,0.0
3,900,1203254,0.0
3,900,1203266,0.0
3,900,1203271,0.0
3,900,1203284,0.0
3,900,1203288,0.0
3,900,1203303,0.0
3,900,1203317,0.0
3,900,1203331,0.0
3,900,1203342,0.0
3,900,1203361,0.0
3,900,1203387,0.0
3,900,1203400,0.0
3,900,1203428,0.0
3,900,1203440,0.0
3,900,1203468,0.0
3,900,1203481,0.0
3,900,1203495,0.0
3,900,1203506,0.0
3,900,1203513,0.0
3,900,1203524,0.0
3,900,1203536,0.0
3,900,1203549,0.0
3,900,1203561,0.0
3,900,1203573,0.0
3,900,1203589,0.0
4,1200,1201054,0.452121764421463
4,1200,1201066,0.2461433708667755
4,1200,1201076,0.4406869411468506
4,1200,1201087,0.3069930970668793
4,1200,1201100,0.0
4,1200,1201112,0.2368910014629364
4,1200,1201118,0.2145945429801941
4,1200,1201125,0.08069735765457153
4,1200,1201145,0.02633555233478546
4,1200,1201159,0.24549877643585205
4,1200,1201171,0.04612862318754196
4,1200,1201185,0.07713034749031067
4,1200,1201197,0.0003239439975004643
4,1200,1201211,0.07765524089336395
4,1200,1201217,0.0015052416129037738
4,1200,1201222,0.05218975245952606
4,1200,1201240,0.007876378484070301
4,1200,1201254,0.015133503824472427
4,1200,1201270,3.6287339753471315e-05
4,1200,1201283,0.013296553865075111
4,1200,1201292,0.00016127998242154717
4,1200,1201298,0.0077551016584038734
4,1200,1201315,0.0006088274531066418
4,1200,1201333,0.0020185711327940226
4,1200,1201350,1.5169661310210358e-05
4,1200,1201365,0.0016436614096164703
4,1200,1201382,0.0
4,1200,1201399,0.0004299503343645483
4,1200,1201406,0.0
4,1200,1201410,0.0
4,1200,1201419,2.4934026441769674e-05
4,1200,1201430,7.764717156533152e-05
4,1200,1201453,0.0
4,1200,1201469,0.0
4,1200,1201481,0.0
4,1200,1201497,0.0
4,1200,1201510,0.0
4,1200,1201525,0.0
4,1200,1201541,0.0
4,1200,1201558,0.0
4,1200,1201589,0.0
4,1200,1201606,0.0
4,1200,1201620,0.0
4,1200,1201637,0.0
4,1200,1201653,0.0
4,1200,1201671,0.0
4,1200,1201687,0.0
4,1200,1201705,0.0
4,1200,1201719,0.0
4,1200,1201735,0.0
4,1200,1201751,0.0
4,1200,1201767,0.0
4,1200,1201787,0.0
4,1200,1201805,0.0
4,1200,1201823,0.0
4,1200,1201839,0.0
4,1200,1201853,0.0
4,1200,1201867,0.0
4,1200,1201883,0.0
4,1200,1201899,0.0
4,1200,1201911,0.0
4,1200,1201923,0.0
4,1200,1201941,0.0
4,1200,1201959,0.0
4,1200,1201969,0.0
4,1200,1201977,0.0
4,1200,1201985,0.0
4,1200,1201987,0.0
4,1200,1201998,0.0
4,1200,1202011,0.0
4,1200,1202024,0.0
4,1200,1202040,0.0
4,1200,1202053,0.0
4,1200,1202067,0.0
4,1200,1202078,0.0
4,1200,1202093,0.0
4,1200,1202105,0.0
4,1200,1202118,0.0
4,1200,1202132,0.0
4,1200,1202146,0.0
4,1200,1202160,0.0
4,1200,1202172,0.0
4,1200,1202186,0.0
4,1200,1202201,0.0
4,1200,1202215,0.0
4,1200,1202230,0.0
4,1200,1202248,0.0
4,1200,1202263,0.0
4,1200,1202278,0.0
4,1200,1202290,0.0
4,1200,1202308,0.0
4,1200,1202322,0.0
4,1200,1202337,0.0
4,1200,1202353,0.0
4,1200,1202365,0.0
4,1200,1202373,0.0
4,1200,1202380,0.0
4,1200,1202394,0.0
4,1200,1202408,0.0
4,1200,1202422,0.0
4,1200,1202436,0.0
4,1200,1202451,0.0
4,1200,1202464,0.0
4,1200,1202475,0.0
4,1200,1202522,0.0
4,1200,1202527,0.0
4,1200,1202537,0.0
4,1200,1202549,0.0
4,1200,1202564,0.0
4,1200,1202574,0.0
4,1200,1202590,0.0
4,1200,1202595,0.0
4,1200,1202599,0.0
4,1200,1202610,0.0
4,1200,1202614,0.0
4,1200,1202627,0.0
4,1200,1202631,0.0
4,1200,1202648,0.0
4,1200,1202663,0.0
4,1200,1202676,0.0
4,1200,1202691,0.0
4,1200,1202701,0.0
4,1200,1202705,0.0
4,1200,1202720,0.0
4,1200,1202724,0.0
4,1200,1202738,0.0
4,1200,1202742,0.0
4,1200,1202753,0.0
4,1200,1202766,0.0
4,1200,1202779,0.0
4,1200,1202785,0.0
4,1200,1202789,0.0
4,1200,1202803,0.0
4,1200,1202814,0.0
4,1200,1202827,0.0
4,1200,1202840,0.0
4,1200,1202844,0.0
4,1200,1202855,0.0
4,1200,1202859,0.0
4,1200,1202872,0.0
4,1200,1202885,0.0
4,1200,1202901,0.0
4,1200,1202912,0.0
4,1200,1202917,0.0
4,1200,1202921,0.0
4,1200,1202929,0.0
4,1200,1202938,0.0
4,1200,1202949,0.0
4,1200,1202960,0.0
4,1200,1202964,0.0
4,1200,1202977,0.0
4,1200,1202981,0.0
4,1200,1202993,0.0
4,1200,1203016,0.0
4,1200,1203021,0.0
4,1200,1203035,0.0
4,1200,1203040,0.0
4,1200,1203050,0.0
4,1200,1203057,0.0
4,1200,1203071,0.0
4,1200,1203076,0.0
4,1200,1203082,0.0
4,1200,1203084,0.0
4,1200,1203090,0.0
4,1200,1203095,0.0
4,1200,1203110,0.0
4,1200,1203124,4.825818450626684e-06
4,1200,1203136,0.0
4,1200,1203148,0.0
4,1200,1203172,0.0
4,1200,1203184,0.0
4,1200,1203188,0.0
4,1200,1203206,0.0
4,1200,1203221,0.0
4,1200,1203239,0.0
4,1200,1203254,0.0
4,1200,1203266,0.0
4,1200,1203271,0.0
4,1200,1203284,0.0
4,1200,1203288,0.0
4,1200,1203303,0.0
4,1200,1203317,0.0
4,1200,1203331,0.0
4,1200,1203342,0.0
4,1200,1203361,0.0
4,1200,1203387,0.0
4,1200,1203400,0.0
4,1200,1203428,0.0
4,1200,1203440,0.0
4,1200,1203468,0.0
4,1200,1203481,0.0
4,1200,1203495,0.0
4,1200,1203506,0.0
4,1200,1203513,0.0
4,1200,1203524,0.0
4,1200,1203536,0.0
4,1200,1203549,0.0
4,1200,1203561,0.0
4,1200,1203573,0.0
4,1200,1203589,0.0
5,1500,1201054,0.3707398474216461
5,1500,1201066,0.2619294822216034
5,1500,1201076,0.5464528203010559
5,1500,1201087,0.3652353882789612
5,1500,1201100,0.0
5,1500,1201112,0.2520202100276947
5,1500,1201118,0.2601475715637207
5,1500,1201125,0.08271479606628418
5,1500,1201145,0.04542028158903122
5,1500,1201159,0.2652994990348816
5,1500,1201171,0.06585918366909027
5,1500,1201185,0.10963810980319977
5,1500,1201197,0.0015944275073707104
5,1500,1201211,0.118663489818573
5,1500,1201217,0.00495375320315361
5,1500,1201222,0.09062559902667999
5,1500,1201240,0.018387218937277794
5,1500,1201254,0.03472023829817772
5,1500,1201270,0.0002895968791563064
5,1500,1201283,0.03224775195121765
5,1500,1201292,0.0009161976631730795
5,1500,1201298,0.02098025381565094
5,1500,1201315,0.002975747687742114
5,1500,1201333,0.007496816571801901
5,1500,1201350,0.0001547191641293466
5,1500,1201365,0.006549260579049587
5,1500,1201382,8.830942874737957e-07
5,1500,1201399,0.002489177044481039
5,1500,1201406,2.3550794594484614e-06
5,1500,1201410,7.700724609094323e-07
5,1500,1201419,0.0002526017196942121
5,1500,1201430,0.0006946629728190601
5,1500,1201453,5.648698061122559e-05
5,1500,1201469,0.0
5,1500,1201481,4.562340836855583e-05
5,1500,1201497,0.0
5,1500,1201510,3.291342636657646e-06
5,1500,1201525,0.0
5,1500,1201541,0.0
5,1500,1201558,0.0
5,1500,1201589,0.0
5,1500,1201606,0.0
5,1500,1201620,0.0
5,1500,1201637,0.0
5,1500,1201653,0.0
5,1500,1201671,0.0
5,1500,1201687,0.0
5,1500,1201705,0.0
5,1500,1201719,0.0
5,1500,1201735,0.0
5,1500,1201751,0.0
5,1500,1201767,0.0
5,1500,1201787,0.0
5,1500,1201805,0.0
5,1500,1201823,0.0
5,1500,1201839,0.0
5,1500,1201853,0.0
5,1500,1201867,0.0
5,1500,1201883,0.0
5,1500,1201899,0.0
5,1500,1201911,0.0
5,1500,1201923,0.0
5,1500,1201941,0.0
5,1500,1201959,0.0
5,1500,1201969,0.0
5,1500,1201977,0.0
5,1500,1201985,0.0
5,1500,1201987,0.0
5,1500,1201998,0.0
5,1500,1202011,0.0
5,1500,1202024,0.0
5,1500,1202040,0.0
5,1500,1202053,0.0
5,1500,1202067,0.0
5,1500,1202078,0.0
5,1500,1202093,0.0
5,1500,1202105,0.0
5,1500,1202118,0.0
5,1500,1202132,0.0
5,1500,1202146,0.0
5,1500,1202160,0.0
5,1500,1202172,0.0
5,1500,1202186,0.0
5,1500,1202201,0.0
5,1500,1202215,0.0
5,1500,1202230,0.0
5,1500,1202248,0.0
5,1500,1202263,0.0
5,1500,1202278,0.0
5,1500,1202290,0.0
5,1500,1202308,0.0
5,1500,1202322,0.0
5,1500,1202337,0.0
5,1500,1202353,0.0
5,1500,1202365,0.0
5,1500,1202373,0.0
5,1500,1202380,0.0
5,1500,1202394,0.0
5,1500,1202408,0.0
5,1500,1202422,0.0
5,1500,1202436,0.0
5,1500,1202451,0.0
5,1500,1202464,0.0
5,1500,1202475,0.0
5,1500,1202522,0.0
5,1500,1202527,0.0
5,1500,1202537,0.0
5,1500,1202549,0.0
5,1500,1202564,0.0
5,1500,1202574,0.0
5,1500,1202590,0.0
5,1500,1202595,0.0
5,1500,1202599,0.0
5,1500,1202610,0.0
5,1500,1202614,0.0
5,1500,1202627,0.0
5,1500,1202631,0.0
5,1500,1202648,0.0
5,1500,1202663,0.0
5,1500,1202676,0.0
5,1500,1202691,0.0
5,1500,1202701,0.0
5,1500,1202705,0.0
5,1500,1202720,0.0
5,1500,1202724,0.0
5,1500,1202738,0.0
5,1500,1202742,0.0
5,1500,1202753,0.0
5,1500,1202766,0.0
5,1500,1202779,0.0
5,1500,1202785,0.0
5,1500,1202789,0.0
5,1500,1202803,0.0
5,1500,1202814,0.0
5,1500,1202827,0.0
5,1500,1202840,0.0
5,1500,1202844,0.0
5,1500,1202855,0.0
5,1500,1202859,0.0
5,1500,1202872,0.0
5,1500,1202885,0.0
5,1500,1202901,0.0
5,1500,1202912,0.0
5,1500,1202917,0.0
5,1500,1202921,0.0
5,1500,1202929,0.0
5,1500,1202938,0.0
5,1500,1202949,0.0
5,1500,1202960,0.0
5,1500,1202964,0.0
5,1500,1202977,0.0
5,1500,1202981,0.0
5,1500,1202993,0.0
5,1500,1203016,0.0
5,1500,1203021,0.0
5,1500,1203035,0.0
5,1500,1203040,0.0
5,1500,1203050,0.0
5,1500,1203057,0.0
5,1500,1203071,0.0
5,1500,1203076,0.0
5,1500,1203082,0.0
5,1500,1203084,1.4917005501047242e-05
5,1500,1203090,0.0
5,1500,1203095,0.0
5,1500,1203110,1.5878624992637924e-07
5,1500,1203124,8.972668729256839e-05
5,1500,1203136,2.0446411497232475e-07
5,1500,1203148,3.247214772272855e-05
5,1500,1203172,2.23154052036989e-06
5,1500,1203184,1.38300981689099e-06
5,1500,1203188,0.0
5,1500,1203206,0.0
5,1500,1203221,0.0
5,1500,1203239,0.0
5,1500,1203254,0.0
5,1500,1203266,0.0
5,1500,1203271,0.0
5,1500,1203284,0.0
5,1500,1203288,0.0
5,1500,1203303,0.0
5,1500,1203317,0.0
5,1500,1203331,0.0
5,1500,1203342,0.0
5,1500,1203361,0.0
5,1500,1203387,0.0
5,1500,1203400,0.0
5,1500,1203428,0.0
5,1500,1203440,0.0
5,1500,1203468,0.0
5,1500,1203481,0.0
5,1500,1203495,0.0
5,1500,1203506,0.0
5,1500,1203513,0.0
5,1500,1203524,0.0
5,1500,1203536,0.0
5,1500,1203549,0.0
5,1500,1203561,0.0
5,1500,1203573,0.0
5,1500,1203589,0.0
6,1800,1201054,0.3040066659450531
6,1800,1201066,0.26977571845054626
6,1800,1201076,0.637486457824707
6,1800,1201087,0.4132448732852936
6,1800,1201100,0.0
6,1800,1201112,0.2594967186450958
6,1800,1201118,0.29759615659713745
6,1800,1201125,0.0813913568854332
6,1800,1201145,0.06873887032270432
6,1800,1201159,0.27724313735961914
6,1800,1201171,0.08620571345090866
6,1800,1201185,0.14079365134239197
6,1800,1201197,0.004689404275268316
6,1800,1201211,0.16327273845672607
6,1800,1201217,0.011860712431371212
6,1800,1201222,0.13837012648582458
6,1800,1201240,0.03445824980735779
6,1800,1201254,0.06360967457294464
6,1800,1201270,0.0011767793912440538
6,1800,1201283,0.06228085607290268
6,1800,1201292,0.003031244035810232
6,1800,1201298,0.04436471313238144
6,1800,1201315,0.008696982637047768
6,1800,1201333,0.019316988065838814
6,1800,1201350,0.0006835118401795626
6,1800,1201365,0.017885509878396988
6,1800,1201382,1.0242539246974047e-05
6,1800,1201399,0.008345432579517365
6,1800,1201406,2.5984978492488153e-05
6,1800,1201410,8.432912181888241e-06
6,1800,1201419,0.0011052017798647285
6,1800,1201430,0.0029993215575814247
6,1800,1201453,0.0004580387321766466
6,1800,1201469,0.0
6,1800,1201481,0.00038015362224541605
6,1800,1201497,0.0
6,1800,1201510,4.7610708861611784e-05
6,1800,1201525,0.0
6,1800,1201541,6.768415005353745e-06
6,1800,1201558,4.059053480887087e-06
6,1800,1201589,0.0
6,1800,1201606,1.8102384728990728e-06
6,1800,1201620,0.0
6,1800,1201637,0.0
6,1800,1201653,0.0
6,1800,1201671,0.0
6,1800,1201687,0.0
6,1800,1201705,0.0
6,1800,1201719,0.0
6,1800,1201735,0.0
6,1800,1201751,0.0
6,1800,1201767,0.0
6,1800,1201787,0.0
6,1800,1201805,0.0
6,1800,1201823,0.0
6,1800,1201839,0.0
6,1800,1201853,0.0
6,1800,1201867,0.0
6,1800,1201883,0.0
6,1800,1201899,0.0
6,1800,1201911,0.0
6,1800,1201923,0.0
6,1800,1201941,0.0
6,1800,1201959,0.0
6,1800,1201969,0.0
6,1800,1201977,0.0
6,1800,1201985,0.0
6,1800,1201987,0.0
6,1800,1201998,0.0
6,1800,1202011,0.0
6,1800,1202024,0.0
6,1800,1202040,0.0
6,1800,1202053,0.0
6,1800,1202067,0.0
6,1800,1202078,0.0
6,1800,1202093,0.0
6,1800,1202105,0.0
6,1800,1202118,0.0
6,1800,1202132,0.0
6,1800,1202146,0.0
6,1800,1202160,0.0
6,1800,1202172,0.0
6,1800,1202186,0.0
6,1800,1202201,0.0
6,1800,1202215,0.0
6,1800,1202230,0.0
6,1800,1202248,0.0
6,1800,1202263,0.0
6,1800,1202278,0.0
6,1800,1202290,0.0
6,1800,1202308,0.0
6,1800,1202322,0.0
6,1800,1202337,0.0
6,1800,1202353,0.0
6,1800,1202365,0.0
6,1800,1202373,0.0
6,1800,1202380,0.0
6,1800,1202394,0.0
6,1800,1202408,0.0
6,1800,1202422,0.0
6,1800,1202436,0.0
6,1800,1202451,0.0
6,1800,1202464,0.0
6,1800,1202475,0.0
6,1800,1202522,0.0
6,1800,1202527,0.0
6,1800,1202537,0.0
6,1800,1202549,0.0
6,1800,1202564,0.0
6,1800,1202574,0.0
6,1800,1202590,0.0
6,1800,1202595,0.0
6,1800,1202599,0.0
6,1800,1202610,0.0
6,1800,1202614,0.0
6,1800,1202627,0.0
6,1800,1202631,0.0
6,1800,1202648,0.0
6,1800,1202663,0.0
6,1800,1202676,0.0
6,1800,1202691,0.0
6,1800,1202701,0.0
6,1800,1202705,0.0
6,1800,1202720,0.0
6,1800,1202724,0.0
6,1800,1202738,0.0
6,1800,1202742,0.0
6,1800,1202753,0.0
6,1800,1202766,0.0
6,1800,1202779,0.0
6,1800,1202785,0.0
6,1800,1202789,0.0
6,1800,1202803,0.0
6,1800,1202814,0.0
6,1800,1202827,0.0
6,1800,1202840,0.0
6,1800,1202844,0.0
6,1800,1202855,0.0
6,1800,1202859,0.0
6,1800,1202872,0.0
6,1800,1202885,0.0
6,1800,1202901,0.0
6,1800,1202912,0.0
6,1800,1202917,0.0
6,1800,1202921,0.0
6,1800,1202929,0.0
6,1800,1202938,0.0
6,1800,1202949,0.0
6,1800,1202960,0.0
6,1800,1202964,0.0
6,1800,1202977,0.0
6,1800,1202981,0.0
6,1800,1202993,0.0
6,1800,1203016,7.111494824130205e-07
6,1800,1203021,0.0
6,1800,1203035,0.0
6,1800,1203040,1.0545326176725212e-06
6,1800,1203050,2.561576138759847e-06
6,1800,1203057,0.0
6,1800,1203071,0.0
6,1800,1203076,2.9709487989748595e-06
6,1800,1203082,9.061458854375815e-07
6,1800,1203084,9.859324200078845e-05
6,1800,1203090,0.0
6,1800,1203095,0.0
6,1800,1203110,4.94080813950859e-06
6,1800,1203124,0.0004891497083008289
6,1800,1203136,6.220848263183143e-06
6,1800,1203148,0.00023467685969080776
6,1800,1203172,3.78902223019395e-05
6,1800,1203184,2.647322980919853e-05
6,1800,1203188,0.0
6,1800,1203206,0.0
6,1800,1203221,1.845482529461151e-06
6,1800,1203239,0.0
6,1800,1203254,4.1574625697649026e-07
6,1800,1203266,0.0
6,1800,1203271,0.0
6,1800,1203284,0.0
6,1800,1203288,0.0
6,1800,1203303,0.0
6,1800,1203317,0.0
6,1800,1203331,0.0
6,1800,1203342,0.0
6,1800,1203361,0.0
6,1800,1203387,0.0
6,1800,1203400,0.0
6,1800,1203428,0.0
6,1800,1203440,0.0
6,1800,1203468,0.0
6,1800,1203481,0.0
6,1800,1203495,0.0
6,1800,1203506,0.0
6,1800,1203513,0.0
6,1800,1203524,0.0
6,1800,1203536,0.0
6,1800,1203549,0.0
6,1800,1203561,0.0
6,1800,1203573,0.0
6,1800,1203589,0.0
7,2100,1201054,0.24928545951843262
7,2100,1201066,0.2728894352912903
7,2100,1201076,0.7135449647903442
7,2100,1201087,0.4520309865474701
7,2100,1201100,0.0
7,2100,1201112,0.2624097764492035
7,2100,1201118,0.3270809054374695
7,2100,1201125,0.0778644010424614
7,2100,1201145,0.09603381156921387
7,2100,1201159,0.2839992940425873
7,2100,1201171,0.10786828398704529
7,2100,1201185,0.1694546341896057
7,2100,1201197,0.010713048279285431
7,2100,1201211,0.2100602388381958
7,2100,1201217,0.023626595735549927
7,2100,1201222,0.19396832585334778
7,2100,1201240,0.056840233504772186
7,2100,1201254,0.10184423625469208
7,2100,1201270,0.0034212020691484213
7,2100,1201283,0.10491804778575897
7,2100,1201292,0.007635180838406086
7,2100,1201298,0.08069409430027008
7,2100,1201315,0.01972103677690029
7,2100,1201333,0.04039768874645233
7,2100,1201350,0.0020650040823966265
7,2100,1201365,0.03936230018734932
7,2100,1201382,5.384208998293616e-05
7,2100,1201399,0.021207798272371292
7,2100,1201406,0.00012794198119081557
7,2100,1201410,4.1048482671612874e-05
7,2100,1201419,0.003302471712231636
7,2100,1201430,0.009081998839974403
7,2100,1201453,0.0020157925318926573
7,2100,1201469,1.6597785190697323e-07
7,2100,1201481,0.0017107950989156961
7,2100,1201497,7.359601568168728e-07
7,2100,1201510,0.00029319635359570384
7,2100,1201525,9.84456050900917e-07
7,2100,1201541,6.151656998554245e-05
7,2100,1201558,3.669378565973602e-05
7,2100,1201589,0.0
7,2100,1201606,3.071411993005313e-05
7,2100,1201620,1.5763478700137057e-07
7,2100,1201637,1.0738199307525065e-06
7,2100,1201653,0.0
7,2100,1201671,3.1126413091442373e-07
7,2100,1201687,0.0
7,2100,1201705,1.317077220619467e-07
7,2100,1201719,0.0
7,2100,1201735,0.0
7,2100,1201751,0.0
7,2100,1201767,0.0
7,2100,1201787,0.0
7,2100,1201805,0.0
7,2100,1201823,0.0
7,2100,1201839,0.0
7,2100,1201853,0.0
7,2100,1201867,0.0
7,2100,1201883,0.0
7,2100,1201899,0.0
7,2100,1201911,0.0
7,2100,1201923,0.0
7,2100,1201941,0.0
7,2100,1201959,0.0
7,2100,1201969,0.0
7,2100,1201977,0.0
7,2100,1201985,0.0
7,2100,1201987,0.0
7,2100,1201998,0.0
7,2100,1202011,0.0
7,2100,1202024,0.0
7,2100,1202040,0.0
7,2100,1202053,0.0
7,2100,1202067,0.0
7,2100,1202078,0.0
7,2100,1202093,0.0
7,2100,1202105,0.0
7,2100,1202118,0.0
7,2100,1202132,0.0
7,2100,1202146,0.0
7,2100,1202160,0.0
7,2100,1202172,0.0
7,2100,1202186,0.0
7,2100,1202201,0.0
7,2100,1202215,0.0
7,2100,1202230,0.0
7,2100,1202248,0.0
7,2100,1202263,0.0
7,2100,1202278,0.0
7,2100,1202290,0.0
7,2100,1202308,0.0
7,2100,1202322,0.0
7,2100,1202337,0.0
7,2100,1202353,0.0
7,2100,1202365,0.0
7,2100,1202373,0.0
7,2100,1202380,0.0
7,2100,1202394,0.0
7,2100,1202408,0.0
7,2100,1202422,0.0
7,2100,1202436,0.0
7,2100,1202451,0.0
7,2100,1202464,0.0
7,2100,1202475,0.0
7,2100,1202522,0.0
7,2100,1202527,0.0
7,2100,1202537,0.0
7,2100,1202549,0.0
7,2100,1202564,0.0
7,2100,1202574,0.0
7,2100,1202590,0.0
7,2100,1202595,0.0
7,2100,1202599,0.0
7,2100,1202610,0.0
7,2100,1202614,0.0
7,2100,1202627,0.0
7,2100,1202631,0.0
7,2100,1202648,0.0
7,2100,1202663,0.0
7,2100,1202676,0.0
7,2100,1202691,0.0
7,2100,1202701,0.0
7,2100,1202705,0.0
7,2100,1202720,0.0
7,2100,1202724,0.0
7,2100,1202738,0.0
7,2100,1202742,0.0
7,2100,1202753,0.0
7,2100,1202766,0.0
7,2100,1202779,0.0
7,2100,1202785,0.0
7,2100,1202789,0.0
7,2100,1202803,0.0
7,2100,1202814,0.0
7,2100,1202827,0.0
7,2100,1202840,0.0
7,2100,1202844,0.0
7,2100,1202855,0.0
7,2100,1202859,0.0
7,2100,1202872,0.0
7,2100,1202885,0.0
7,2100,1202901,0.0
7,2100,1202912,0.0
7,2100,1202917,0.0
7,2100,1202921,0.0
7,2100,1202929,0.0
7,2100,1202938,0.0
7,2100,1202949,0.0
7,2100,1202960,0.0
7,2100,1202964,0.0
7,2100,1202977,0.0
7,2100,1202981,0.0
7,2100,1202993,0.0
7,2100,1203016,6.404925443348475e-06
7,2100,1203021,2.0344276663308847e-07
7,2100,1203035,1.4114139901266753e-07
7,2100,1203040,8.953712494985666e-06
7,2100,1203050,1.9706190869328566e-05
7,2100,1203057,1.8358497300141607e-07
7,2100,1203071,6.756807380270402e-08
7,2100,1203076,2.2631707906839438e-05
7,2100,1203082,6.732167548761936e-06
7,2100,1203084,0.0003703888796735555
7,2100,1203090,2.3413201688526897e-07
7,2100,1203095,0.0
7,2100,1203110,3.527897933963686e-05
7,2100,1203124,0.0016874996945261955
7,2100,1203136,4.20979704358615e-05
7,2100,1203148,0.0009459784487262368
7,2100,1203172,0.00022410803649108857
7,2100,1203184,0.00017027356079779565
7,2100,1203188,0.0
7,2100,1203206,1.3608678273158148e-07
7,2100,1203221,2.3473980036214925e-05
7,2100,1203239,0.0
7,2100,1203254,8.411823728238232e-06
7,2100,1203266,0.0
7,2100,1203271,7.094543974517364e-08
7,2100,1203284,0.0
7,2100,1203288,1.882085172155712e-07
7,2100,1203303,1.462930612206037e-07
7,2100,1203317,0.0
7,2100,1203331,5.2978258224811725e-08
7,2100,1203342,0.0
7,2100,1203361,0.0
7,2100,1203387,0.0
7,2100,1203400,0.0
7,2100,1203428,0.0
7,2100,1203440,0.0
7,2100,1203468,0.0
7,2100,1203481,0.0
7,2100,1203495,0.0
7,2100,1203506,0.0
7,2100,1203513,0.0
7,2100,1203524,0.0
7,2100,1203536,0.0
7,2100,1203549,0.0
7,2100,1203561,0.0
7,2100,1203573,0.0
7,2100,1203589,0.0
8,2400,1201054,0.20441406965255737
8,2400,1201066,0.27372369170188904
8,2400,1201076,0.776042640209198
8,2400,1201087,0.4831649363040924
8,2400,1201100,0.0
8,2400,1201112,0.26312124729156494
8,2400,1201118,0.3494062125682831
8,2400,1201125,0.07297006249427795
8,2400,1201145,0.12771594524383545
8,2400,1201159,0.2878687083721161
8,2400,1201171,0.13237208127975464
8,2400,1201185,0.1951982080936432
8,2400,1201197,0.02099851332604885
8,2400,1201211,0.2582502067089081
8,2400,1201217,0.04180784523487091
8,2400,1201222,0.2559703290462494
8,2400,1201240,0.08643323183059692
8,2400,1201254,0.1489945352077484
8,2400,1201270,0.00810218695551157
8,2400,1201283,0.16129609942436218
8,2400,1201292,0.016224421560764313
8,2400,1201298,0.13248303532600403
8,2400,1201315,0.038268543779850006
8,2400,1201333,0.07372677326202393
8,2400,1201350,0.004987269639968872
8,2400,1201365,0.07520805299282074
8,2400,1201382,0.0001920657668961212
8,2400,1201399,0.045299358665943146
8,2400,1201406,0.0004280732828192413
8,2400,1201410,0.00013578306243289262
8,2400,1201419,0.007880374789237976
8,2400,1201430,0.022159982472658157
8,2400,1201453,0.006458289455622435
8,2400,1201469,1.958016127900919e-06
8,2400,1201481,0.005586206912994385
8,2400,1201497,7.49059472582303e-06
8,2400,1201510,0.001190414885058999
8,2400,1201525,9.721920832816977e-06
8,2400,1201541,0.0003012215020135045
8,2400,1201558,0.00017868557188194245
8,2400,1201589,7.150163838787194e-08
8,2400,1201606,0.0002141082804882899
8,2400,1201620,2.8038330128765665e-06
8,2400,1201637,1.3805309208692051e-05
8,2400,1201653,6.244942785116336e-09
8,2400,1201671,5.760689873568481e-06
8,2400,1201687,3.5141578536013185e-08
8,2400,1201705,2.5501203708699904e-06
8,2400,1201719,0.0
8,2400,1201735,1.641803066831926e-07
8,2400,1201751,1.306081145457938e-07
8,2400,1201767,0.0
8,2400,1201787,7.452830352860929e-09
8,2400,1201805,0.0
8,2400,1201823,5.86706283556282e-09
8,2400,1201839,0.0
8,2400,1201853,0.0
8,2400,1201867,0.0
8,2400,1201883,0.0
8,2400,1201899,0.0
8,2400,1201911,0.0
8,2400,1201923,0.0
8,2400,1201941,0.0
8,2400,1201959,0.0
8,2400,1201969,0.0
8,2400,1201977,0.0
8,2400,1201985,0.0
8,2400,1201987,0.0
8,2400,1201998,0.0
8,2400,1202011,0.0
8,2400,1202024,0.0
8,2400,1202040,0.0
8,2400,1202053,0.0
8,2400,1202067,0.0
8,2400,1202078,0.0
8,2400,1202093,0.0
8,2400,1202105,0.0
8,2400,1202118,0.0
8,2400,1202132,0.0
8,2400,1202146,0.0
8,2400,1202160,0.0
8,2400,1202172,0.0
8,2400,1202186,0.0
8,2400,1202201,0.0
8,2400,1202215,0.0
8,2400,1202230,0.0
8,2400,1202248,0.0
8,2400,1202263,0.0
8,2400,1202278,0.0
8,2400,1202290,0.0
8,2400,1202308,0.0
8,2400,1202322,0.0
8,2400,1202337,0.0
8,2400,1202353,0.0
8,2400,1202365,0.0
8,2400,1202373,0.0
8,2400,1202380,0.0
8,2400,1202394,0.0
8,2400,1202408,0.0
8,2400,1202422,0.0
8,2400,1202436,0.0
8,2400,1202451,0.0
8,2400,1202464,0.0
8,2400,1202475,0.0
8,2400,1202522,0.0
8,2400,1202527,0.0
8,2400,1202537,0.0
8,2400,1202549,0.0
8,2400,1202564,0.0
8,2400,1202574,0.0
8,2400,1202590,0.0
8,2400,1202595,0.0
8,2400,1202599,0.0
8,2400,1202610,0.0
8,2400,1202614,0.0
8,2400,1202627,0.0
8,2400,1202631,0.0
8,2400,1202648,0.0
8,2400,1202663,0.0
8,2400,1202676,0.0
8,2400,1202691,0.0
8,2400,1202701,0.0
8,2400,1202705,0.0
8,2400,1202720,0.0
8,2400,1202724,0.0
8,2400,1202738,0.0
8,2400,1202742,0.0
8,2400,1202753,0.0
8,2400,1202766,0.0
8,2400,1202779,0.0
8,2400,1202785,0.0
8,2400,1202789,0.0
8,2400,1202803,0.0
8,2400,1202814,0.0
8,2400,1202827,0.0
8,2400,1202840,0.0
8,2400,1202844,0.0
8,2400,1202855,0.0
8,2400,1202859,0.0
8,2400,1202872,0.0
8,2400,1202885,0.0
8,2400,1202901,0.0
8,2400,1202912,0.0
8,2400,1202917,0.0
8,2400,1202921,0.0
8,2400,1202929,0.0
8,2400,1202938,0.0
8,2400,1202949,0.0
8,2400,1202960,0.0
8,2400,1202964,0.0
8,2400,1202977,0.0
8,2400,1202981,0.0
8,2400,1202993,9.963021518899495e-09
8,2400,1203016,3.183412627549842e-05
8,2400,1203021,1.9635131138784345e-06
8,2400,1203035,1.3855481029168004e-06
8,2400,1203040,4.242342765792273e-05
8,2400,1203050,8.490550681017339e-05
8,2400,1203057,1.6169915397767909e-06
8,2400,1203071,6.638334753006347e-07
8,2400,1203076,9.661349031375721e-05
8,2400,1203082,2.8094567824155092e-05
8,2400,1203084,0.001039517461322248
8,2400,1203090,1.945473059095093e-06
8,2400,1203095,0.0
8,2400,1203110,0.00015157245798036456
8,2400,1203124,0.004497211892157793
8,2400,1203136,0.00017162083531729877
8,2400,1203148,0.002814649138599634
8,2400,1203172,0.0008492276538163424
8,2400,1203184,0.0006927589420229197
8,2400,1203188,4.1135759687449536e-08
8,2400,1203206,1.850858438956493e-06
8,2400,1203221,0.00013940935605205595
8,2400,1203239,1.19657972419418e-08
8,2400,1203254,6.020338332746178e-05
8,2400,1203266,1.9428730624326818e-08
8,2400,1203271,9.701614089863142e-07
8,2400,1203284,1.5951137299907714e-08
8,2400,1203288,2.5482863748038653e-06
8,2400,1203303,2.019136445596814e-06
8,2400,1203317,0.0
8,2400,1203331,7.781970339237887e-07
8,2400,1203342,7.152495840045958e-08
8,2400,1203361,0.0
8,2400,1203387,0.0
8,2400,1203400,2.9218061303737386e-09
8,2400,1203428,0.0
8,2400,1203440,0.0
8,2400,1203468,0.0
8,2400,1203481,0.0
8,2400,1203495,0.0
8,2400,1203506,0.0
8,2400,1203513,0.0
8,2400,1203524,0.0
8,2400,1203536,0.0
8,2400,1203549,0.0
8,2400,1203561,0.0
8,2400,1203573,0.0
8,2400,1203589,0.0
9,2700,1201054,0.16761954128742218
9,2700,1201066,0.27423161268234253
9,2700,1201076,0.8274341821670532
9,2700,1201087,0.5085588097572327
9,2700,1201100,0.0
9,2700,1201112,0.263510525226593
9,2700,1201118,0.3657514750957489
9,2700,1201125,0.06731487810611725
9,2700,1201145,0.16505753993988037
9,2700,1201159,0.29101690649986267
9,2700,1201171,0.1620078682899475
9,2700,1201185,0.2181641012430191
9,2700,1201197,0.0371500626206398
9,2700,1201211,0.3077305555343628
9,2700,1201217,0.06822066009044647
9,2700,1201222,0.32317471504211426
9,2700,1201240,0.12449018657207489
9,2700,1201254,0.20437152683734894
9,2700,1201270,0.016687095165252686
9,2700,1201283,0.2323230803012848
9,2700,1201292,0.030656997114419937
9,2700,1201298,0.20196513831615448
9,2700,1201315,0.0667765885591507
9,2700,1201333,0.122227743268013
9,2700,1201350,0.010375689715147018
9,2700,1201365,0.12999173998832703
9,2700,1201382,0.0005399783840402961
9,2700,1201399,0.08576138317584991
9,2700,1201406,0.0011334021110087633
9,2700,1201410,0.0003560876939445734
9,2700,1201419,0.016182787716388702
9,2700,1201430,0.04668419435620308
9,2700,1201453,0.01691792905330658
9,2700,1201469,1.2160095138824545e-05
9,2700,1201481,0.014876550994813442
9,2700,1201497,4.086096669198014e-05
9,2700,1201510,0.003742757486179471
9,2700,1201525,5.159702050150372e-05
9,2700,1201541,0.0010641948319971561
9,2700,1201558,0.0006278468063101172
9,2700,1201589,1.3334463346836856e-06
9,2700,1201606,0.0009657596820034087
9,2700,1201620,2.0953357307007536e-05
9,2700,1201637,8.923280984163284e-05
9,2700,1201653,1.306817694057827e-07
9,2700,1201671,4.4422184146242216e-05
9,2700,1201687,5.350771630219242e-07
9,2700,1201705,2.064127693301998e-05
9,2700,1201719,0.0
9,2700,1201735,2.6497384624235565e-06
9,2700,1201751,2.142375478797476e-06
9,2700,1201767,1.0198164979158264e-08
9,2700,1201787,1.7885818692775501e-07
9,2700,1201805,0.0
9,2700,1201823,1.4341767951009388e-07
9,2700,1201839,0.0
9,2700,1201853,2.700988765980128e-09
9,2700,1201867,0.0
9,2700,1201883,0.0
9,2700,1201899,0.0
9,2700,1201911,0.0
9,2700,1201923,0.0
9,2700,1201941,0.0
9,2700,1201959,0.0
9,2700,1201969,0.0
9,2700,1201977,0.0
9,2700,1201985,0.0
9,2700,1201987,0.0
9,2700,1201998,0.0
9,2700,1202011,0.0
9,2700,1202024,0.0
9,2700,1202040,0.0
9,2700,1202053,0.0
9,2700,1202067,0.0
9,2700,1202078,0.0
9,2700,1202093,0.0
9,2700,1202105,0.0
9,2700,1202118,0.0
9,2700,1202132,0.0
9,2700,1202146,0.0
9,2700,1202160,0.0
9,2700,1202172,0.0
9,2700,1202186,0.0
9,2700,1202201,0.0
9,2700,1202215,0.0
9,2700,1202230,0.0
9,2700,1202248,0.0
9,2700,1202263,0.0
9,2700,1202278,0.0
9,2700,1202290,0.0
9,2700,1202308,0.0
9,2700,1202322,0.0
9,2700,1202337,0.0
9,2700,1202353,0.0
9,2700,1202365,0.0
9,2700,1202373,0.0
9,2700,1202380,0.0
9,2700,1202394,0.0
9,2700,1202408,0.0
9,2700,1202422,0.0
9,2700,1202436,0.0
9,2700,1202451,0.0
9,2700,1202464,0.0
9,2700,1202475,0.0
9,2700,1202522,0.0
9,2700,1202527,0.0
9,2700,1202537,0.0
9,2700,1202549,0.0
9,2700,1202564,0.0
9,2700,1202574,0.0
9,2700,1202590,0.0
9,2700,1202595,0.0
9,2700,1202599,0.0
9,2700,1202610,0.0
9,2700,1202614,0.0
9,2700,1202627,0.0
9,2700,1202631,0.0
9,2700,1202648,0.0
9,2700,1202663,0.0
9,2700,1202676,0.0
9,2700,1202691,0.0
9,2700,1202701,0.0
9,2700,1202705,0.0
9,2700,1202720,0.0
9,2700,1202724,0.0
9,2700,1202738,0.0
9,2700,1202742,0.0
9,2700,1202753,0.0
9,2700,1202766,0.0
9,2700,1202779,0.0
9,2700,1202785,0.0
9,2700,1202789,0.0
9,2700,1202803,0.0
9,2700,1202814,0.0
9,2700,1202827,0.0
9,2700,1202840,0.0
9,2700,1202844,0.0
9,2700,1202855,0.0
9,2700,1202859,0.0
9,2700,1202872,0.0
9,2700,1202885,0.0
9,2700,1202901,0.0
9,2700,1202912,0.0
9,2700,1202917,5.119726864677432e-10
9,2700,1202921,0.0
9,2700,1202929,3.5900885042572384e-10
9,2700,1202938,9.959559843508714e-10
9,2700,1202949,0.0
9,2700,1202960,1.6243906220125837e-09
9,2700,1202964,0.0
9,2700,1202977,0.0
9,2700,1202981,8.67132143866911e-09
9,2700,1202993,1.6956079207375296e-07
9,2700,1203016,0.00011549616465345025
9,2700,1203021,1.0426316293887794e-05
9,2700,1203035,7.474447556887753e-06
9,2700,1203040,0.00014795085007790476
9,2700,1203050,0.00027008369215764105
9,2700,1203057,7.94856168795377e-06
9,2700,1203071,3.5988050512969494e-06
9,2700,1203076,0.0003046722849830985
9,2700,1203082,8.687410445418209e-05
9,2700,1203084,0.002424052683636546
9,2700,1203090,8.982315193861723e-06
9,2700,1203095,1.0774563463655795e-09
9,2700,1203110,0.0004887014511041343
9,2700,1203124,0.010115884244441986
9,2700,1203136,0.0005265797954052687
9,2700,1203148,0.00690069142729044
9,2700,1203172,0.0024793760385364294
9,2700,1203184,0.002153698354959488
9,2700,1203188,5.949378873992828e-07
9,2700,1203206,1.1918170457647648e-05
9,2700,1203221,0.0005610733642242849
9,2700,1203239,1.7972092791751493e-07
9,2700,1203254,0.0002722578647080809
9,2700,1203266,2.847955897777865e-07
9,2700,1203271,6.288835720624775e-06
9,2700,1203284,2.3140805183174962e-07
9,2700,1203288,1.6307030819007196e-05
9,2700,1203303,1.3226350347395055e-05
9,2700,1203317,0.0
9,2700,1203331,5.472749762702733e-06
9,2700,1203342,1.057242684510129e-06
9,2700,1203361,4.522256791261725e-09
9,2700,1203387,0.0
9,2700,1203400,5.499039801293293e-08
9,2700,1203428,1.6069934272167075e-09
9,2700,1203440,0.0
9,2700,1203468,0.0
9,2700,1203481,0.0
9,2700,1203495,0.0
9,2700,1203506,0.0
9,2700,1203513,0.0
9,2700,1203524,0.0
9,2700,1203536,0.0
9,2700,1203549,0.0
9,2700,1203561,0.0
9,2700,1203573,0.0
9,2700,1203589,0.0
10,3000,1201054,0.1374480277299881
10,3000,1201066,0.2761055827140808
10,3000,1201076,0.8708725571632385
10,3000,1201087,0.5303759574890137
10,3000,1201100,0.0
10,3000,1201112,0.2652043104171753
10,3000,1201118,0.3774949312210083
10,3000,1201125,0.061331331729888916
10,3000,1201145,0.21035362780094147
10,3000,1201159,0.29566052556037903
10,3000,1201171,0.19985927641391754
10,3000,1201185,0.2389652281999588
10,3000,1201197,0.06112545728683472
10,3000,1201211,0.35909369587898254
10,3000,1201217,0.10508851706981659
10,3000,1201222,0.39482858777046204
10,3000,1201240,0.17280548810958862
10,3000,1201254,0.26722776889801025
10,3000,1201270,0.03105166368186474
10,3000,1201283,0.31886470317840576
10,3000,1201292,0.05314525589346886
10,3000,1201298,0.29116111993789673
10,3000,1201315,0.10787369310855865
10,3000,1201333,0.1886943280696869
10,3000,1201350,0.019396863877773285
10,3000,1201365,0.20848417282104492
10,3000,1201382,0.001289517618715763
10,3000,1201399,0.14852268993854523
10,3000,1201406,0.0025602667592465878
10,3000,1201410,0.0007995506166480482
10,3000,1201419,0.029835380613803864
10,3000,1201430,0.08837376534938812
10,3000,1201453,0.038497235625982285
10,3000,1201469,5.3245828894432634e-05
10,3000,1201481,0.03434565290808678
10,3000,1201497,0.00015978433657437563
10,3000,1201510,0.00987496878951788
10,3000,1201525,0.00019692996283993125
10,3000,1201541,0.003048246493563056
10,3000,1201558,0.0017889675218611956
10,3000,1201589,1.065050128090661e-05
10,3000,1201606,0.0033290202263742685
10,3000,1201620,0.000101441029983107
10,3000,1201637,0.0003982098132837564
10,3000,1201653,1.1504168924147962e-06
10,3000,1201671,0.00022112154692877084
10,3000,1201687,3.935089353035437e-06
10,3000,1201705,0.00010792652756208554
10,3000,1201719,2.8375748417630575e-09
10,3000,1201735,2.0373616280267015e-05
10,3000,1201751,1.6682251953170635e-05
10,3000,1201767,1.7434147991934879e-07
10,3000,1201787,1.793590740817308e-06
10,3000,1201805,0.0
10,3000,1201823,1.464406295781373e-06
10,3000,1201839,0.0
10,3000,1201853,6.890039117024571e-08
10,3000,1201867,0.0
10,3000,1201883,0.0
10,3000,1201899,1.4855437990846099e-09
10,3000,1201911,0.0
10,3000,1201923,0.0
10,3000,1201941,0.0
10,3000,1201959,0.0
10,3000,1201969,0.0
10,3000,1201977,0.0
10,3000,1201985,0.0
10,3000,1201987,0.0
10,3000,1201998,0.0
10,3000,1202011,3.6074768172689176e-10
10,3000,1202024,2.8544580588096835e-10
10,3000,1202040,0.0
10,3000,1202053,5.942938502423445e-11
10,3000,1202067,2.3479326122233246e-11
10,3000,1202078,0.0
10,3000,1202093,0.0
10,3000,1202105,0.0
10,3000,1202118,0.0
10,3000,1202132,0.0
10,3000,1202146,0.0
10,3000,1202160,0.0
10,3000,1202172,0.0
10,3000,1202186,0.0
10,3000,1202201,0.0
10,3000,1202215,0.0
10,3000,1202230,0.0
10,3000,1202248,0.0
10,3000,1202263,0.0
10,3000,1202278,0.0
10,3000,1202290,0.0
10,3000,1202308,0.0
10,3000,1202322,0.0
10,3000,1202337,0.0
10,3000,1202353,0.0
10,3000,1202365,0.0
10,3000,1202373,0.0
10,3000,1202380,0.0
10,3000,1202394,0.0
10,3000,1202408,0.0
10,3000,1202422,0.0
10,3000,1202436,0.0
10,3000,1202451,0.0
10,3000,1202464,0.0
10,3000,1202475,0.0
10,3000,1202522,0.0
10,3000,1202527,0.0
10,3000,1202537,0.0
10,3000,1202549,0.0
10,3000,1202564,0.0
10,3000,1202574,0.0
10,3000,1202590,0.0
10,3000,1202595,0.0
10,3000,1202599,0.0
10,3000,1202610,0.0
10,3000,1202614,0.0
10,3000,1202627,0.0
10,3000,1202631,0.0
10,3000,1202648,0.0
10,3000,1202663,0.0
10,3000,1202676,0.0
10,3000,1202691,0.0
10,3000,1202701,0.0
10,3000,1202705,0.0
10,3000,1202720,0.0
10,3000,1202724,0.0
10,3000,1202738,0.0
10,3000,1202742,0.0
10,3000,1202753,0.0
10,3000,1202766,0.0
10,3000,1202779,0.0
10,3000,1202785,0.0
10,3000,1202789,0.0
10,3000,1202803,0.0
10,3000,1202814,0.0
10,3000,1202827,0.0
10,3000,1202840,3.895688979738132e-11
10,3000,1202844,0.0
10,3000,1202855,0.0
10,3000,1202859,7.240803095998061e-11
10,3000,1202872,1.8442150584441208e-10
10,3000,1202885,0.0
10,3000,1202901,0.0
10,3000,1202912,6.813969388730357e-10
10,3000,1202917,1.0158912822078037e-08
10,3000,1202921,0.0
10,3000,1202929,7.332798812598185e-09
10,3000,1202938,1.923522496838359e-08
10,3000,1202949,0.0
10,3000,1202960,3.0685498586535687e-08
10,3000,1202964,2.91975166266667e-10
10,3000,1202977,3.8997225587644735e-11
10,3000,1202981,1.4023989081124455e-07
10,3000,1202993,1.3924563972977921e-06
10,3000,1203016,0.00034174532629549503
10,3000,1203021,4.028391413157806e-05
10,3000,1203035,2.9307493605301715e-05
10,3000,1203040,0.0004235103842802346
10,3000,1203050,0.0007069617277011275
10,3000,1203057,2.8802603992517106e-05
10,3000,1203071,1.4237632967706304e-05
10,3000,1203076,0.0007910358253866434
10,3000,1203082,0.00022203689150046557
10,3000,1203084,0.004963190294802189
10,3000,1203090,3.046272468054667e-05
10,3000,1203095,1.64665383550755e-08
10,3000,1203110,0.001302697230130434
10,3000,1203124,0.02015995793044567
10,3000,1203136,0.0013398593291640282
10,3000,1203148,0.01476490218192339
10,3000,1203172,0.0060768406838178635
10,3000,1203184,0.005586298182606697
10,3000,1203188,4.116249783692183e-06
10,3000,1203206,5.1985418394906446e-05
10,3000,1203221,0.001767465379089117
10,3000,1203239,1.2998403917663381e-06
10,3000,1203254,0.000935048796236515
10,3000,1203266,2.0015954760310706e-06
10,3000,1203271,2.761828181974124e-05
10,3000,1203284,1.6056263802965987e-06
10,3000,1203288,7.059191557345912e-05
10,3000,1203303,5.864713966730051e-05
10,3000,1203317,3.174839002806351e-10
10,3000,1203331,2.5987732442445122e-05
10,3000,1203342,7.5005814323958475e-06
10,3000,1203361,7.055377437836796e-08
10,3000,1203387,0.0
10,3000,1203400,4.899473537989252e-07
10,3000,1203428,3.156245398372448e-08
10,3000,1203440,0.0
10,3000,1203468,8.838463849691891e-10
10,3000,1203481,0.0
10,3000,1203495,0.0
10,3000,1203506,0.0
10,3000,1203513,0.0
10,3000,1203524,0.0
10,3000,1203536,0.0
10,3000,1203549,0.0
10,3000,1203561,0.0
10,3000,1203573,0.0
10,3000,1203589,0.0
11,3300,1201054,0.11270738393068314
11,3300,1201066,0.28099778294563293
11,3300,1201076,0.9100797772407532
11,3300,1201087,0.5510408282279968
11,3300,1201100,0.0
11,3300,1201112,0.2697887420654297
11,3300,1201118,0.38612645864486694
11,3300,1201125,0.0553208589553833
11,3300,1201145,0.26709482073783875
11,3300,1201159,0.304232656955719
11,3300,1201171,0.24991166591644287
11,3300,1201185,0.2586492598056793
11,3300,1201197,0.0953560471534729
11,3300,1201211,0.41370782256126404
11,3300,1201217,0.15521922707557678
11,3300,1201222,0.470807284116745
11,3300,1201240,0.23389047384262085
11,3300,1201254,0.33695077896118164
11,3300,1201270,0.053495295345783234
11,3300,1201283,0.4219554662704468
11,3300,1201292,0.08625613898038864
11,3300,1201298,0.40201544761657715
11,3300,1201315,0.16438981890678406
11,3300,1201333,0.2757940888404846
11,3300,1201350,0.03345881402492523
11,3300,1201365,0.3155788481235504
11,3300,1201382,0.0027328836731612682
11,3300,1201399,0.24016700685024261
11,3300,1201406,0.005154106765985489
11,3300,1201410,0.0016086576506495476
11,3300,1201419,0.05071152746677399
11,3300,1201430,0.15419447422027588
11,3300,1201453,0.07890678942203522
11,3300,1201469,0.0001852524292189628
11,3300,1201481,0.07130662351846695
11,3300,1201497,0.0005036016809754074
11,3300,1201510,0.02291170135140419
11,3300,1201525,0.0006077544530853629
11,3300,1201541,0.007527950219810009
11,3300,1201558,0.004396490287035704
11,3300,1201589,5.51708071725443e-05
11,3300,1201606,0.009531861171126366
11,3300,1201620,0.00037432595854625106
11,3300,1201637,0.0013963523088023067
11,3300,1201653,6.49805133434711e-06
11,3300,1201671,0.0008368995040655136
11,3300,1201687,1.9557453924790025e-05
11,3300,1201705,0.00042915070662274957
11,3300,1201719,5.083622411916622e-08
11,3300,1201735,0.00010526072583161294
11,3300,1201751,8.713598072063178e-05
11,3300,1201767,1.427608708581829e-06
11,3300,1201787,1.14028989628423e-05
11,3300,1201805,0.0
11,3300,1201823,9.46026648307452e-06
11,3300,1201839,0.0
11,3300,1201853,7.400473691632214e-07
11,3300,1201867,0.0
11,3300,1201883,0.0
11,3300,1201899,3.9113363214937635e-08
11,3300,1201911,0.0
11,3300,1201923,5.603512653884479e-10
11,3300,1201941,0.0
11,3300,1201959,0.0
11,3300,1201969,0.0
11,3300,1201977,0.0
11,3300,1201985,0.0
11,3300,1201987,0.0
11,3300,1201998,3.810627507983e-11
11,3300,1202011,6.510952221816524e-09
11,3300,1202024,5.233114830360819e-09
11,3300,1202040,2.5898491250869737e-12
11,3300,1202053,1.2606287125294102e-09
11,3300,1202067,5.488417498256126e-10
11,3300,1202078,2.988403621784208e-11
11,3300,1202093,5.628620486364255e-11
11,3300,1202105,0.0
11,3300,1202118,4.5682062299601256e-11
11,3300,1202132,1.8372697026952656e-12
11,3300,1202146,1.8604413148937127e-11
11,3300,1202160,0.0
11,3300,1202172,1.365311509682332e-11
11,3300,1202186,0.0
11,3300,1202201,0.0
11,3300,1202215,0.0
11,3300,1202230,0.0
11,3300,1202248,0.0
11,3300,1202263,0.0
11,3300,1202278,0.0
11,3300,1202290,0.0
11,3300,1202308,0.0
11,3300,1202322,0.0
11,3300,1202337,0.0
11,3300,1202353,0.0
11,3300,1202365,0.0
11,3300,1202373,0.0
11,3300,1202380,0.0
11,3300,1202394,0.0
11,3300,1202408,0.0
11,3300,1202422,0.0
11,3300,1202436,0.0
11,3300,1202451,0.0
11,3300,1202464,0.0
11,3300,1202475,0.0
11,3300,1202522,0.0
11,3300,1202527,0.0
11,3300,1202537,0.0
11,3300,1202549,0.0
11,3300,1202564,0.0
11,3300,1202574,0.0
11,3300,1202590,0.0
11,3300,1202595,2.56697801903627e-10
11,3300,1202599,0.0
11,3300,1202610,0.0
11,3300,1202614,0.0
11,3300,1202627,0.0
11,3300,1202631,0.0
11,3300,1202648,0.0
11,3300,1202663,0.0
11,3300,1202676,0.0
11,3300,1202691,0.0
11,3300,1202701,0.0
11,3300,1202705,0.0
11,3300,1202720,0.0
11,3300,1202724,0.0
11,3300,1202738,0.0
11,3300,1202742,0.0
11,3300,1202753,0.0
11,3300,1202766,4.579751942263011e-12
11,3300,1202779,0.0
11,3300,1202785,0.0
11,3300,1202789,1.2786521841334775e-11
11,3300,1202803,2.4524628855493447e-11
11,3300,1202814,4.724773697284412e-11
11,3300,1202827,0.0
11,3300,1202840,9.363098074643972e-10
11,3300,1202844,3.243157261842433e-12
11,3300,1202855,1.0074809909943472e-12
11,3300,1202859,1.639620994531299e-09
11,3300,1202872,3.947673299364851e-09
11,3300,1202885,8.295334905095153e-12
11,3300,1202901,4.00614827769652e-12
11,3300,1202912,1.2761038448161344e-08
11,3300,1202917,9.731152061931425e-08
11,3300,1202921,0.0
11,3300,1202929,7.2289275010462e-08
11,3300,1202938,1.79239108888396e-07
11,3300,1202949,0.0
11,3300,1202960,2.7962698823102983e-07
11,3300,1202964,5.134215719238e-09
11,3300,1202977,8.946163809753216e-10
11,3300,1202981,1.1016303460564814e-06
11,3300,1202993,7.635203473910224e-06
11,3300,1203016,0.0008744738879613578
11,3300,1203021,0.00012653721205424517
11,3300,1203035,9.333554044133052e-05
11,3300,1203040,0.0010536572663113475
11,3300,1203050,0.0016117439372465014
11,3300,1203057,8.586791955167428e-05
11,3300,1203071,4.592178447637707e-05
11,3300,1203076,0.0017897228244692087
11,3300,1203082,0.0004969586152583361
11,3300,1203084,0.00922277383506298
11,3300,1203090,8.478489326080307e-05
11,3300,1203095,1.2131822302308137e-07
11,3300,1203110,0.003027629107236862
11,3300,1203124,0.0366772823035717
11,3300,1203136,0.002981110941618681
11,3300,1203148,0.028538953512907028
11,3300,1203172,0.01312052272260189
11,3300,1203184,0.012701965868473053
11,3300,1203188,1.9273898942628875e-05
11,3300,1203206,0.0001769267109921202
11,3300,1203221,0.004692170303314924
11,3300,1203239,6.366789421008434e-06
11,3300,1203254,0.002661660313606262
11,3300,1203266,9.520192179479636e-06
11,3300,1203271,9.461581794312224e-05
11,3300,1203284,7.531232313340297e-06
11,3300,1203288,0.00023813742154743522
11,3300,1203303,0.00020259179291315377
11,3300,1203317,5.216769682903077e-09
11,3300,1203331,9.569356188876554e-05
11,3300,1203342,3.599666160880588e-05
11,3300,1203361,5.320908371686528e-07
11,3300,1203387,0.0
11,3300,1203400,2.8497302082541864e-06
11,3300,1203428,2.953522653115215e-07
11,3300,1203440,0.0
11,3300,1203468,1.8084103103888083e-08
11,3300,1203481,0.0
11,3300,1203495,0.0
11,3300,1203506,0.0
11,3300,1203513,0.0
11,3300,1203524,0.0
11,3300,1203536,0.0
11,3300,1203549,0.0
11,3300,1203561,0.0
11,3300,1203573,0.0
11,3300,1203589,0.0
12,3600,1201054,0.0924200564622879
12,3600,1201066,0.2907279431819916
12,3600,1201076,0.9493829011917114
12,3600,1201087,0.5733271241188049
12,3600,1201100,0.0
12,3600,1201112,0.2790086567401886
12,3600,1201118,0.39322927594184875
12,3600,1201125,0.04948702082037926
12,3600,1201145,0.34018492698669434
12,3600,1201159,0.3195478022098541
12,3600,1201171,0.3172389268875122
12,3600,1201185,0.2787019610404968
12,3600,1201197,0.1429009735584259
12,3600,1201211,0.47382304072380066
12,3600,1201217,0.22220328450202942
12,3600,1201222,0.5517919659614563
12,3600,1201240,0.3111427128314972
12,3600,1201254,0.41325417160987854
12,3600,1201270,0.08675871789455414
12,3600,1201283,0.5430343151092529
12,3600,1201292,0.13292713463306427
12,3600,1201298,0.5365948677062988
12,3600,1201315,0.23940512537956238
12,3600,1201333,0.38614097237586975
12,3600,1201350,0.0542130284011364
12,3600,1201365,0.45628821849823
12,3600,1201382,0.005287378095090389
12,3600,1201399,0.36782944202423096
12,3600,1201406,0.009509049355983734
12,3600,1201410,0.0029885622207075357
12,3600,1201419,0.08089996874332428
12,3600,1201430,0.2523044943809509
12,3600,1201453,0.14917248487472534
12,3600,1201469,0.000546341179870069
12,3600,1201481,0.13635703921318054
12,3600,1201497,0.0013618215452879667
12,3600,1201510,0.04816987365484238
12,3600,1201525,0.001614250591956079
12,3600,1201541,0.016636526212096214
12,3600,1201558,0.009673829190433025
12,3600,1201589,0.00021729069703724235
12,3600,1201606,0.023802965879440308
12,3600,1201620,0.0011434971820563078
12,3600,1201637,0.004122552927583456
12,3600,1201653,2.7682519430527464e-05
12,3600,1201671,0.0026168571785092354
12,3600,1201687,7.533679308835417e-05
12,3600,1201705,0.0014098193496465683
12,3600,1201719,4.389087848721829e-07
12,3600,1201735,0.0004201759584248066
12,3600,1201751,0.0003512583498377353
12,3600,1201767,7.845954314689152e-06
12,3600,1201787,5.412863538367674e-05
12,3600,1201805,0.0
12,3600,1201823,4.554592305794358e-05
12,3600,1201839,0.0
12,3600,1201853,5.025467544328421e-06
12,3600,1201867,0.0
12,3600,1201883,0.0
12,3600,1201899,4.3909901137340057e-07
12,3600,1201911,0.0
12,3600,1201923,1.5213156956406237e-08
12,3600,1201941,0.0
12,3600,1201959,2.2220457418509199e-10
12,3600,1201969,8.598862594189072e-11
12,3600,1201977,0.0
12,3600,1201985,0.0
12,3600,1201987,0.0
12,3600,1201998,7.291540704557065e-10
12,3600,1202011,5.754235843369315e-08
12,3600,1202024,4.706654976871505e-08
12,3600,1202040,6.301325433666349e-11
12,3600,1202053,1.289300133322513e-08
12,3600,1202067,6.088153980954303e-09
12,3600,1202078,5.949234438418216e-10
12,3600,1202093,1.10887965476536e-09
12,3600,1202105,3.8109467838387534e-12
12,3600,1202118,9.122674282657783e-10
12,3600,1202132,5.071014094748527e-11
12,3600,1202146,3.857826558206767e-10
12,3600,1202160,0.0
12,3600,1202172,2.9045829630369724e-10
12,3600,1202186,2.9109809181193658e-12
12,3600,1202201,8.422770293725623e-12
12,3600,1202215,0.0
12,3600,1202230,5.684012722301235e-12
12,3600,1202248,0.0
12,3600,1202263,0.0
12,3600,1202278,0.0
12,3600,1202290,0.0
12,3600,1202308,0.0
12,3600,1202322,0.0
12,3600,1202337,0.0
12,3600,1202353,0.0
12,3600,1202365,0.0
12,3600,1202373,0.0
12,3600,1202380,0.0
12,3600,1202394,0.0
12,3600,1202408,0.0
12,3600,1202422,0.0
12,3600,1202436,0.0
12,3600,1202451,0.0
12,3600,1202464,0.0
12,3600,1202475,0.0
12,3600,1202522,0.0
12,3600,1202527,0.0
12,3600,1202537,0.0
12,3600,1202549,0.0
12,3600,1202564,0.0
12,3600,1202574,0.0
12,3600,1202590,0.0
12,3600,1202595,6.969171462145596e-09
12,3600,1202599,1.693462904628351e-11
12,3600,1202610,0.0
12,3600,1202614,4.808088649443931e-11
12,3600,1202627,3.773809736928868e-11
12,3600,1202631,0.0
12,3600,1202648,1.9353617666806322e-11
12,3600,1202663,7.15986037819194e-12
12,3600,1202676,0.0
12,3600,1202691,1.1916709806436554e-11
12,3600,1202701,3.8186446192634005e-13
12,3600,1202705,0.0
12,3600,1202720,0.0
12,3600,1202724,6.174574198290761e-13
12,3600,1202738,4.3249379771959084e-12
12,3600,1202742,0.0
12,3600,1202753,0.0
12,3600,1202766,1.237208807625123e-10
12,3600,1202779,0.0
12,3600,1202785,6.688284041184156e-12
12,3600,1202789,3.128492742643374e-10
12,3600,1202803,5.800793179133734e-10
12,3600,1202814,1.0256455684753973e-09
12,3600,1202827,1.414928612643307e-12
12,3600,1202840,1.0774455105888592e-08
12,3600,1202844,7.876544555474041e-11
12,3600,1202855,2.5707672102193158e-11
12,3600,1202859,1.7893086123876856e-08
12,3600,1202872,4.086838245598301e-08
12,3600,1202885,1.8500717624547747e-10
12,3600,1202901,9.137166717687606e-11
12,3600,1202912,1.1722040937911515e-07
12,3600,1202917,6.164460728541599e-07
12,3600,1202921,2.402356525516014e-12
12,3600,1202929,4.7066086494851334e-07
12,3600,1202938,1.1054441984015284e-06
12,3600,1202949,1.5001054868776786e-12
12,3600,1202960,1.6880990187928546e-06
12,3600,1202964,4.4170690216560615e-08
12,3600,1202977,9.662129762944005e-09
12,3600,1202981,5.850497018400347e-06
12,3600,1202993,3.2041658414527774e-05
12,3600,1203016,0.002005354966968298
12,3600,1203021,0.00034268543822690845
12,3600,1203035,0.00025605084374547005
12,3600,1203040,0.002358740195631981
12,3600,1203050,0.003312068060040474
12,3600,1203057,0.00022311951033771038
12,3600,1203071,0.00012802857963833958
12,3600,1203076,0.0036517130210995674
12,3600,1203082,0.0010091664735227823
12,3600,1203084,0.015895241871476173
12,3600,1203090,0.00020541463163681328
12,3600,1203095,6.04316255703452e-07
12,3600,1203110,0.0063408901914954185
12,3600,1203124,0.062144748866558075
12,3600,1203136,0.005993375554680824
12,3600,1203148,0.05097613483667374
12,3600,1203172,0.025720372796058655
12,3600,1203184,0.026116706430912018
12,3600,1203188,7.017917960183695e-05
12,3600,1203206,0.0005056834779679775
12,3600,1203221,0.01096771564334631
12,3600,1203239,2.4224462322308682e-05
12,3600,1203254,0.006600621156394482
12,3600,1203266,3.518515586620197e-05
12,3600,1203271,0.0002720915654208511
12,3600,1203284,2.7432282877271064e-05
12,3600,1203288,0.0006737959920428693
12,3600,1203303,0.0005866301944479346
12,3600,1203317,4.1707007625291226e-08
12,3600,1203331,0.000293947960017249
12,3600,1203342,0.0001341333845630288
12,3600,1203361,2.712315335884341e-06
12,3600,1203387,0.0
12,3600,1203400,1.2484479157137685e-05
12,3600,1203428,1.8095405494022998e-06
12,3600,1203440,0.0
12,3600,1203468,1.7727272449974407e-07
12,3600,1203481,0.0
12,3600,1203495,0.0
12,3600,1203506,0.0
12,3600,1203513,0.0
12,3600,1203524,0.0
12,3600,1203536,0.0
12,3600,1203549,0.0
12,3600,1203561,0.0
12,3600,1203573,0.0
12,3600,1203589,0.0
13,3900,1201054,0.07578444480895996
13,3900,1201066,0.30748695135116577
13,3900,1201076,0.993884801864624
13,3900,1201087,0.6005107164382935
13,3900,1201100,0.0
13,3900,1201112,0.29496297240257263
13,3900,1201118,0.4005153477191925
13,3900,1201125,0.043960969895124435
13,3900,1201145,0.43622887134552
13,3900,1201159,0.3449826240539551
13,3900,1201171,0.4082667827606201
13,3900,1201185,0.3010885715484619
13,3900,1201197,0.20763278007507324
13,3900,1201211,0.5427170395851135
13,3900,1201217,0.31063055992126465
13,3900,1201222,0.6394612789154053
13,3900,1201240,0.40902018547058105
13,3900,1201254,0.4963735342025757
13,3900,1201270,0.13405191898345947
13,3900,1201283,0.6842105984687805
13,3900,1201292,0.196505606174469
13,3900,1201298,0.6973471641540527
13,3900,1201315,0.33634239435195923
13,3900,1201333,0.5224369764328003
13,3900,1201350,0.08356459438800812
13,3900,1201365,0.6358283758163452
13,3900,1201382,0.00952377263456583
13,3900,1201399,0.5391506552696228
13,3900,1201406,0.016392098739743233
13,3900,1201410,0.005238159094005823
13,3900,1201419,0.12268374860286713
13,3900,1201430,0.3919956088066101
13,3900,1201453,0.26441776752471924
13,3900,1201469,0.0014216817216947675
13,3900,1201481,0.24419675767421722
13,3900,1201497,0.0032829735428094864
13,3900,1201510,0.09366825222969055
13,3900,1201525,0.0038333560805767775
13,3900,1201541,0.03371807187795639
13,3900,1201558,0.019534938037395477
13,3900,1201589,0.0007060699281282723
13,3900,1201606,0.05349349603056908
13,3900,1201620,0.003036507871001959
13,3900,1201637,0.010688930749893188
13,3900,1201653,9.666690311860293e-05
13,3900,1201671,0.0070996591821312904
13,3900,1201687,0.0002419835072942078
13,3900,1201705,0.004018367268145084
13,3900,1201719,2.5429924335185206e-06
13,3900,1201735,0.0013955855974927545
13,3900,1201751,0.0011772228172048926
13,3900,1201767,3.32182644342538e-05
13,3900,1201787,0.0002089335030177608
13,3900,1201805,0.0
13,3900,1201823,0.00017802731599658728
13,3900,1201839,0.0
13,3900,1201853,2.5368826754856855e-05
13,3900,1201867,0.0
13,3900,1201883,0.0
13,3900,1201899,3.124068371107569e-06
13,3900,1201911,0.0
13,3900,1201923,1.781041731874211e-07
13,3900,1201941,0.0
13,3900,1201959,6.214910808211016e-09
13,3900,1201969,2.450820879573712e-09
13,3900,1201977,4.915417031736702e-11
13,3900,1201985,4.154339719453226e-11
13,3900,1201987,3.017839103613973e-11
13,3900,1201998,6.872466595808646e-09
13,3900,1202011,3.4258081882398983e-07
13,3900,1202024,2.85355071127924e-07
13,3900,1202040,7.325832163118662e-10
13,3900,1202053,8.690180663961655e-08
13,3900,1202067,4.391202068632083e-08
13,3900,1202078,5.834683847183442e-09
13,3900,1202093,1.075734346045465e-08
13,3900,1202105,8.083107100320674e-11
13,3900,1202118,8.980844512507247e-09
13,3900,1202132,6.432556709512482e-10
13,3900,1202146,3.947425497585755e-09
13,3900,1202160,5.755848271962738e-13
13,3900,1202172,3.0521531968474847e-09
13,3900,1202186,6.368140043067072e-11
13,3900,1202201,1.8068499474388489e-10
13,3900,1202215,0.0
13,3900,1202230,1.2666466486788153e-10
13,3900,1202248,0.0
13,3900,1202263,4.101238012393926e-12
13,3900,1202278,0.0
13,3900,1202290,0.0
13,3900,1202308,0.0
13,3900,1202322,0.0
13,3900,1202337,0.0
13,3900,1202353,0.0
13,3900,1202365,0.0
13,3900,1202373,0.0
13,3900,1202380,0.0
13,3900,1202394,0.0
13,3900,1202408,0.0
13,3900,1202422,0.0
13,3900,1202436,0.0
13,3900,1202451,0.0
13,3900,1202464,0.0
13,3900,1202475,0.0
13,3900,1202522,0.0
13,3900,1202527,2.852807616873787e-12
13,3900,1202537,0.0
13,3900,1202549,0.0
13,3900,1202564,4.815091467907928e-12
13,3900,1202574,3.900035676351887e-12
13,3900,1202590,0.0
13,3900,1202595,8.159057784951074e-08
13,3900,1202599,4.742219394948677e-10
13,3900,1202610,2.0831962457140696e-12
13,3900,1202614,1.344789835044935e-09
13,3900,1202627,1.0646942216752109e-09
13,3900,1202631,4.742357548326304e-12
13,3900,1202648,5.542577508066415e-10
13,3900,1202663,2.0739282513559942e-10
13,3900,1202676,7.607638477513667e-13
13,3900,1202691,3.4760930245347765e-10
13,3900,1202701,1.1445575390234275e-11
13,3900,1202705,8.813409203833888e-12
13,3900,1202720,5.365972857024337e-12
13,3900,1202724,1.7994676929089515e-11
13,3900,1202738,1.0976792391703682e-10
13,3900,1202742,2.0353360923736075e-12
13,3900,1202753,1.5100968435780016e-12
13,3900,1202766,1.601712651400078e-09
13,3900,1202779,0.0
13,3900,1202785,1.600262006240527e-10
13,3900,1202789,3.709625273629058e-09
13,3900,1202803,6.646272865395986e-09
13,3900,1202814,1.0923371540627613e-08
13,3900,1202827,3.652868632575412e-11
13,3900,1202840,8.100081316797514e-08
13,3900,1202844,9.249717658477152e-10
13,3900,1202855,3.166354956007922e-10
13,3900,1202859,1.2836910912028543e-07
13,3900,1202872,2.7938597213506e-07
13,3900,1202885,2.0057924210448164e-09
13,3900,1202901,1.0157881202843555e-09
13,3900,1202912,7.244329367495084e-07
13,3900,1202917,2.9579987312899902e-06
13,3900,1202921,5.645161421652389e-11
13,3900,1202929,2.3176876311481465e-06
13,3900,1202938,5.1704073484870605e-06
13,3900,1202949,3.566329176418748e-11
13,3900,1202960,7.736728548479732e-06
13,3900,1202964,2.5640076728450367e-07
13,3900,1202977,6.751672287919064e-08
13,3900,1202981,2.4032944565988146e-05
13,3900,1202993,0.0001108455253415741
13,3900,1203016,0.004220053553581238
13,3900,1203021,0.000829323660582304
13,3900,1203035,0.0006272028549574316
13,3900,1203040,0.00486143771559
13,3900,1203050,0.006275283172726631
13,3900,1203057,0.0005232159746810794
13,3900,1203071,0.000319699349347502
13,3900,1203076,0.006873129867017269
13,3900,1203082,0.0019042077474296093
13,3900,1203084,0.025796040892601013
13,3900,1203090,0.0004492081643547863
13,3900,1203095,2.3337211132457014e-06
13,3900,1203110,0.012235479429364204
13,3900,1203124,0.09946031868457794
13,3900,1203136,0.011130151338875294
13,3900,1203148,0.08548720180988312
13,3900,1203172,0.046720705926418304
13,3900,1203184,0.049590256065130234
13,3900,1203188,0.00021376578661147505
13,3900,1203206,0.00126845040358603
13,3900,1203221,0.023224137723445892
13,3900,1203239,7.696788816247135e-05
13,3900,1203254,0.014718633145093918
13,3900,1203266,0.00010866747470572591
13,3900,1203271,0.0006863155867904425
13,3900,1203284,8.346578397322446e-05
13,3900,1203288,0.0016710372874513268
13,3900,1203303,0.001487833564169705
13,3900,1203317,2.2541588862168283e-07
13,3900,1203331,0.0007873231079429388
13,3900,1203342,0.00041731316014193
13,3900,1203361,1.070556572813075e-05
13,3900,1203387,0.0
13,3900,1203400,4.4598062231671065e-05
13,3900,1203428,8.350286407221574e-06
13,3900,1203440,0.0
13,3900,1203468,1.140610947913956e-06
13,3900,1203481,0.0
13,3900,1203495,0.0
13,3900,1203506,0.0
13,3900,1203513,0.0
13,3900,1203524,0.0
13,3900,1203536,0.0
13,3900,1203549,0.0
13,3900,1203561,0.0
13,3900,1203573,0.0
13,3900,1203589,0.0
14,4200,1201054,0.062143243849277496
14,4200,1201066,0.334048330783844
14,4200,1201076,1.0
14,4200,1201087,0.636583149433136
14,4200,1201100,0.0
14,4200,1201112,0.32030755281448364
14,4200,1201118,0.40990400314331055
14,4200,1201125,0.03882091864943504
14,4200,1201145,0.5639107823371887
14,4200,1201159,0.3846850097179413
14,4200,1201171,0.5311135649681091
14,4200,1201185,0.32833269238471985
14,4200,1201197,0.2944539487361908
14,4200,1201211,0.6248860955238342
14,4200,1201217,0.42632874846458435
14,4200,1201222,0.7367117404937744
14,4200,1201240,0.5332345962524414
14,4200,1201254,0.5872756242752075
14,4200,1201270,0.19910100102424622
14,4200,1201283,0.8485687375068665
14,4200,1201292,0.2808200418949127
14,4200,1201298,0.8874226808547974
14,4200,1201315,0.45910996198654175
14,4200,1201333,0.6876846551895142
14,4200,1201350,0.12369789183139801
14,4200,1201365,0.8598049283027649
14,4200,1201382,0.016202803701162338
14,4200,1201399,0.7623162269592285
14,4200,1201406,0.026779862120747566
14,4200,1201410,0.00880342349410057
14,4200,1201419,0.1785396933555603
14,4200,1201430,0.5836625099182129
14,4200,1201453,0.44473618268966675
14,4200,1201469,0.0033535477705299854
14,4200,1201481,0.41454118490219116
14,4200,1201497,0.00723798805847764
14,4200,1201510,0.17096057534217834
14,4200,1201525,0.008346844464540482
14,4200,1201541,0.06375769525766373
14,4200,1201558,0.036836959421634674
14,4200,1201589,0.00198737857863307
14,4200,1201606,0.11054560542106628
14,4200,1201620,0.007234811782836914
14,4200,1201637,0.025029052048921585
14,4200,1201653,0.0002908156020566821
14,4200,1201671,0.017252132296562195
14,4200,1201687,0.0006776967202313244
14,4200,1201705,0.010257840156555176
14,4200,1201719,1.1328025721013546e-05
14,4200,1201735,0.004034825600683689
14,4200,1201751,0.003431976307183504
14,4200,1201767,0.00011662693577818573
14,4200,1201787,0.0006903353496454656
14,4200,1201805,0.0
14,4200,1201823,0.0005948843900114298
14,4200,1201839,0.0
14,4200,1201853,0.00010366740025347099
14,4200,1201867,0.0
14,4200,1201883,0.0
14,4200,1201899,1.6514590242877603e-05
14,4200,1201911,0.0
14,4200,1201923,1.324452796325204e-06
14,4200,1201941,0.0
14,4200,1201959,7.572323568183492e-08
14,4200,1201969,3.062825726374285e-08
14,4200,1201977,1.4241410273285737e-09
14,4200,1201985,1.228680046594377e-09
14,4200,1201987,9.053821581339605e-10
14,4200,1201998,4.3695763451978564e-08
14,4200,1202011,1.5675940403525601e-06
14,4200,1202024,1.3300260661708307e-06
14,4200,1202040,5.56140156149354e-09
14,4200,1202053,4.42083290863593e-07
14,4200,1202067,2.367330296237924e-07
14,4200,1202078,3.85042824291304e-08
14,4200,1202093,7.022828896197097e-08
14,4200,1202105,8.480009472400241e-10
14,4200,1202118,5.9512650807391765e-08
14,4200,1202132,5.201165276247366e-09
14,4200,1202146,2.7152729842327972e-08
14,4200,1202160,1.3063627436749048e-11
14,4200,1202172,2.155178968621385e-08
14,4200,1202186,6.895625181968512e-10
14,4200,1202201,1.9188028943517565e-09
14,4200,1202215,0.0
14,4200,1202230,1.3992692560194087e-09
14,4200,1202248,3.6353835523514344e-13
14,4200,1202263,9.394492128667054e-11
14,4200,1202278,4.540130207550397e-13
14,4200,1202290,0.0
14,4200,1202308,6.797620192428022e-13
14,4200,1202322,1.401047653544138e-13
14,4200,1202337,3.5924429121585166e-13
14,4200,1202353,0.0
14,4200,1202365,2.5901850109200097e-13
14,4200,1202373,0.0
14,4200,1202380,0.0
14,4200,1202394,0.0
14,4200,1202408,0.0
14,4200,1202422,0.0
14,4200,1202436,0.0
14,4200,1202451,0.0
14,4200,1202464,0.0
14,4200,1202475,0.0
14,4200,1202522,0.0
14,4200,1202527,8.633696535476076e-11
14,4200,1202537,0.0
14,4200,1202549,3.487550526148908e-12
14,4200,1202564,1.4142483018009244e-10
14,4200,1202574,1.152392764547372e-10
14,4200,1202590,0.0
14,4200,1202595,6.067563163014711e-07
14,4200,1202599,5.789502655062506e-09
14,4200,1202610,6.251840711790635e-11
14,4200,1202614,1.63850835122048e-08
14,4200,1202627,1.3124889619575697e-08
14,4200,1202631,1.3846807034312292e-10
14,4200,1202648,6.970231059000298e-09
14,4200,1202663,2.6462576574459717e-09
14,4200,1202676,2.207311070034912e-11
14,4200,1202691,4.477503701139085e-09
14,4200,1202701,1.643695179964766e-10
14,4200,1202705,2.5909147050029446e-10
14,4200,1202720,1.6049936379936014e-10
14,4200,1202724,2.51703879960985e-10
14,4200,1202738,1.3598281389803901e-09
14,4200,1202742,6.236371835610655e-11
14,4200,1202753,4.690966712295186e-11
14,4200,1202766,1.351862621845612e-08
14,4200,1202779,1.0188892915138914e-12
14,4200,1202785,1.873953658915184e-09
14,4200,1202789,2.8984851851987514e-08
14,4200,1202803,5.019958138063885e-08
14,4200,1202814,7.764842990809484e-08
14,4200,1202827,4.586621638047461e-10
14,4200,1202840,4.55731196780107e-07
14,4200,1202844,7.1507386678604234e-09
14,4200,1202855,2.562105416714644e-09
14,4200,1202859,6.928383982085506e-07
14,4200,1202872,1.4428151189349592e-06
14,4200,1202885,1.4401494219384858e-08
14,4200,1202901,7.489914466418668e-09
14,4200,1202912,3.434653081058059e-06
14,4200,1202917,1.1591866496019065e-05
14,4200,1202921,6.477188785325438e-10
14,4200,1202929,9.307342224929016e-06
14,4200,1202938,1.9774255633819848e-05
14,4200,1202949,4.1430936459363465e-10
14,4200,1202960,2.902240157709457e-05
14,4200,1202964,1.14623924218904e-06
14,4200,1202977,3.5184535818189033e-07
14,4200,1202981,8.2047437899746e-05
14,4200,1202993,0.00033095598337240517
14,4200,1203016,0.008286463096737862
14,4200,1203021,0.0018367788288742304
14,4200,1203035,0.0014049885794520378
14,4200,1203040,0.009374510496854782
14,4200,1203050,0.011137456633150578
14,4200,1203057,0.0011329208500683308
14,4200,1203071,0.0007320573786273599
14,4200,1203076,0.012124093249440193
14,4200,1203082,0.003396389540284872
14,4200,1203084,0.03985922038555145
14,4200,1203090,0.0009085724595934153
14,4200,1203095,7.512752745242324e-06
14,4200,1203110,0.022099114954471588
14,4200,1203124,0.15194115042686462
14,4200,1203136,0.019393950700759888
14,4200,1203148,0.13617049157619476
14,4200,1203172,0.07979138195514679
14,4200,1203184,0.08827196061611176
14,4200,1203188,0.0005692797130905092
14,4200,1203206,0.002874145982787013
14,4200,1203221,0.0454360768198967
14,4200,1203239,0.00021336194186005741
14,4200,1203254,0.03015523962676525
14,4200,1203266,0.0002930618356913328
14,4200,1203271,0.0015626869862899184
14,4200,1203284,0.00022169429576024413
14,4200,1203288,0.0037387264892458916
14,4200,1203303,0.003401719266548753
14,4200,1203317,9.420039646101941e-07
14,4200,1203331,0.0018933304818347096
14,4200,1203342,0.001132741803303361
14,4200,1203361,3.516870128805749e-05
14,4200,1203387,0.0
14,4200,1203400,0.00013646777370013297
14,4200,1203428,3.13761702273041e-05
14,4200,1203440,0.0
14,4200,1203468,5.527958819584455e-06
14,4200,1203481,0.0
14,4200,1203495,0.0
14,4200,1203506,0.0
14,4200,1203513,0.0
14,4200,1203524,0.0
14,4200,1203536,0.0
14,4200,1203549,0.0
14,4200,1203561,0.0
14,4200,1203573,0.0
14,4200,1203589,0.0
15,4500,1201054,0.05095745995640755
15,4500,1201066,0.374000608921051
15,4500,1201076,1.0
15,4500,1201087,0.6865275502204895
15,4500,1201100,0.0
15,4500,1201112,0.35847771167755127
15,4500,1201118,0.4236387014389038
15,4500,1201125,0.03410695120692253
15,4500,1201145,0.7344804406166077
15,4500,1201159,0.44382262229919434
15,4500,1201171,0.6960126161575317
15,4500,1201185,0.36363470554351807
15,4500,1201197,0.4095473885536194
15,4500,1201211,0.7262901067733765
15,4500,1201217,0.5766326785087585
15,4500,1201222,0.8479207158088684
15,4500,1201240,0.6909817457199097
15,4500,1201254,0.687890887260437
15,4500,1201270,0.2862238883972168
15,4500,1201283,1.0
15,4500,1201292,0.3902931809425354
15,4500,1201298,1.0
15,4500,1201315,0.6123062372207642
15,4500,1201333,0.8854751586914062
15,4500,1201350,0.17712733149528503
15,4500,1201365,1.0
15,4500,1201382,0.026327649131417274
15,4500,1201399,1.0
15,4500,1201406,0.04191958159208298
15,4500,1201410,0.014365362003445625
15,4500,1201419,0.2511677145957947
15,4500,1201430,0.8388350009918213
15,4500,1201453,0.7161819934844971
15,4500,1201469,0.007310023996978998
15,4500,1201481,0.6731547713279724
15,4500,1201497,0.014859396032989025
15,4500,1201510,0.2961048483848572
15,4500,1201525,0.0169626846909523
15,4500,1201541,0.1139008179306984
15,4500,1201558,0.06569774448871613
15,4500,1201589,0.00500214658677578
15,4500,1201606,0.21334826946258545
15,4500,1201620,0.015809191390872
15,4500,1201637,0.05397975444793701
15,4500,1201653,0.0007787418435327709
15,4500,1201671,0.038382019847631454
15,4500,1201687,0.0017046477878466249
15,4500,1201705,0.02397235482931137
15,4500,1201719,4.1739691369002685e-05
15,4500,1201735,0.010461617261171341
15,4500,1201751,0.008967868983745575
15,4500,1201767,0.00035521373501978815
15,4500,1201787,0.002019510604441166
15,4500,1201805,0.0
15,4500,1201823,0.0017580894054844975
15,4500,1201839,0.0
15,4500,1201853,0.00036109989741817117
15,4500,1201867,0.0
15,4500,1201883,0.0
15,4500,1201899,7.055903552100062e-05
15,4500,1201911,0.0
15,4500,1201923,7.315401035157265e-06
15,4500,1201941,0.0
15,4500,1201959,5.873180271009915e-07
15,4500,1201969,2.4416959831796703e-07
15,4500,1201977,1.817986827745699e-08
15,4500,1201985,1.6128213431443328e-08
15,4500,1201987,1.2099679480570558e-08
15,4500,1201998,2.1348326129100315e-07
15,4500,1202011,5.921282991039334e-06
15,4500,1202024,5.117747150507057e-06
15,4500,1202040,3.1613446083156305e-08
15,4500,1202053,1.8306051288163872e-06
15,4500,1202067,1.0314859082427574e-06
15,4500,1202078,1.946918359863048e-07
15,4500,1202093,3.5135656162310624e-07
15,4500,1202105,5.987054851885887e-09
15,4500,1202118,3.0220655844459543e-07
15,4500,1202132,3.10252410429257e-08
15,4500,1202146,1.4285100746747048e-07
15,4500,1202160,1.4705855977403814e-10
15,4500,1202172,1.1629694540715718e-07
15,4500,1202186,5.0202455526005e-09
15,4500,1202201,1.3715340863029724e-08
15,4500,1202215,1.168832825665378e-13
15,4500,1202230,1.039842612016173e-08
15,4500,1202248,8.825806405154957e-12
15,4500,1202263,1.068756194655407e-09
15,4500,1202278,1.0810466237465288e-11
15,4500,1202290,5.490181605779382e-14
15,4500,1202308,1.6161145338644545e-11
15,4500,1202322,3.3912720721895884e-12
15,4500,1202337,8.637444925962967e-12
15,4500,1202353,0.0
15,4500,1202365,6.325169554788346e-12
15,4500,1202373,8.663758763410943e-15
15,4500,1202380,1.3807540993806405e-13
15,4500,1202394,3.050845641112791e-14
15,4500,1202408,8.660543934562934e-14
15,4500,1202422,0.0
15,4500,1202436,6.456896242722568e-14
15,4500,1202451,0.0
15,4500,1202464,0.0
15,4500,1202475,0.0
15,4500,1202522,0.0
15,4500,1202527,1.164810914389136e-09
15,4500,1202537,0.0
15,4500,1202549,1.0592988985980156e-10
15,4500,1202564,1.8399909373911782e-09
15,4500,1202574,1.5109929973888825e-09
15,4500,1202590,0.0
15,4500,1202595,3.3514811548229773e-06
15,4500,1202599,4.5030216000441214e-08
15,4500,1202610,8.355756642153267e-10
15,4500,1202614,1.2708450469745003e-07
15,4500,1202627,1.0309408082775917e-07
15,4500,1202631,1.7875187996452269e-09
15,4500,1202648,5.593387797375726e-08
15,4500,1202663,2.1560522256436343e-08
15,4500,1202676,2.9744670615450275e-10
15,4500,1202691,3.6850313023251147e-08
15,4500,1202701,1.5371216521842257e-09
15,4500,1202705,3.3714622205138767e-09
15,4500,1202720,2.1356063584221374e-09
15,4500,1202724,2.2977399982693214e-09
15,4500,1202738,1.1145984579741253e-08
15,4500,1202742,8.718265553930848e-10
15,4500,1202753,6.669046981322424e-10
15,4500,1202766,8.502989601311128e-08
15,4500,1202779,3.168209097847985e-11
15,4500,1202785,1.4576433393642674e-08
15,4500,1202789,1.7035854682490026e-07
15,4500,1202803,2.8548333830258343e-07
15,4500,1202814,4.195931921913143e-07
15,4500,1202827,3.8003626912086474e-09
15,4500,1202840,2.0712307104986394e-06
15,4500,1202844,4.1592450372718304e-08
15,4500,1202855,1.5566429922841962e-08
15,4500,1202859,3.0335932024172507e-06
15,4500,1202872,6.066407422622433e-06
15,4500,1202885,7.820921865686614e-08
15,4500,1202901,4.179750234811763e-08
15,4500,1202912,1.3417729860520922e-05
15,4500,1202917,3.888735591317527e-05
15,4500,1202921,4.931262509444423e-09
15,4500,1202929,3.19537975883577e-05
15,4500,1202938,6.481718446593732e-05
15,4500,1202949,3.1946685297157273e-09
15,4500,1202960,9.339300595456734e-05
15,4500,1202964,4.2383016989333555e-06
15,4500,1202977,1.4807510524406098e-06
15,4500,1202981,0.000243240938289091
15,4500,1202993,0.0008794636814855039
15,4500,1203016,0.01536999735981226
15,4500,1203021,0.0037861985620111227
15,4500,1203035,0.002927205292508006
15,4500,1203040,0.017114710062742233
15,4500,1203050,0.018733030185103416
15,4500,1203057,0.0023014501202851534
15,4500,1203071,0.0015627562534064054
15,4500,1203076,0.020278586074709892
15,4500,1203082,0.005800456739962101
15,4500,1203084,0.05913544446229935
15,4500,1203090,0.0017295724246650934
15,4500,1203095,2.1071426090202294e-05
15,4500,1203110,0.03780200332403183
15,4500,1203124,0.22334197163581848
15,4500,1203136,0.032079149037599564
15,4500,1203148,0.20785000920295715
15,4500,1203172,0.12951061129570007
15,4500,1203184,0.14895255863666534
15,4500,1203188,0.0013645936269313097
15,4500,1203206,0.006002211943268776
15,4500,1203221,0.08331254124641418
15,4500,1203239,0.000531181285623461
15,4500,1203254,0.057648807764053345
15,4500,1203266,0.0007104403921402991
15,4500,1203271,0.0032767653465270996
15,4500,1203284,0.0005292094429023564
15,4500,1203288,0.007699479814618826
15,4500,1203303,0.0071534342132508755
15,4500,1203317,3.270538854849292e-06
15,4500,1203331,0.004172469023615122
15,4500,1203342,0.002761507872492075
15,4500,1203361,0.00010048334661405534
15,4500,1203387,0.0
15,4500,1203400,0.00036965974140912294
15,4500,1203428,0.0001007857354125008
15,4500,1203440,0.0
15,4500,1203468,2.17898195842281e-05
15,4500,1203481,0.0
15,4500,1203495,0.0
15,4500,1203506,0.0
15,4500,1203513,0.0
15,4500,1203524,0.0
15,4500,1203536,0.0
15,4500,1203549,0.0
15,4500,1203561,0.0
15,4500,1203573,0.0
15,4500,1203589,0.0
16,4800,1201054,0.041785117238759995
16,4800,1201066,0.43201369047164917
16,4800,1201076,1.0
16,4800,1201087,0.7566632032394409
16,4800,1201100,0.0
16,4800,1201112,0.4139435291290283
16,4800,1201118,0.4444398581981659
16,4800,1201125,0.02983221225440502
16,4800,1201145,0.9623647928237915
16,4800,1201159,0.5288804769515991
16,4800,1201171,0.9158272743225098
16,4800,1201185,0.41103363037109375
16,4800,1201197,0.560668408870697
16,4800,1201211,0.8546628952026367
16,4800,1201217,0.7706992626190186
16,4800,1201222,0.979267954826355
16,4800,1201240,0.8912314772605896
16,4800,1201254,0.8013802170753479
16,4800,1201270,0.39812302589416504
16,4800,1201283,1.0
16,4800,1201292,0.5239984393119812
16,4800,1201298,1.0
16,4800,1201315,0.782180905342102
16,4800,1201333,1.0
16,4800,1201350,0.24007296562194824
16,4800,1201365,1.0
16,4800,1201382,0.04122455045580864
16,4800,1201399,1.0
16,4800,1201406,0.06343090534210205
16,4800,1201410,0.022979404777288437
16,4800,1201419,0.33274757862091064
16,4800,1201430,1.0
16,4800,1201453,1.0
16,4800,1201469,0.014936082065105438
16,4800,1201481,1.0
16,4800,1201497,0.0287858285009861
16,4800,1201510,0.49079012870788574
16,4800,1201525,0.03259214013814926
16,4800,1201541,0.19407901167869568
16,4800,1201558,0.11189882457256317
16,4800,1201589,0.011510215699672699
16,4800,1201606,0.3890257477760315
16,4800,1201620,0.03218982368707657
16,4800,1201637,0.10878080129623413
16,4800,1201653,0.0018988553201779723
16,4800,1201671,0.07943147420883179
16,4800,1201687,0.003932348918169737
16,4800,1201705,0.05210895836353302
16,4800,1201719,0.00013306252367328852
16,4800,1201735,0.02484138123691082
16,4800,1201751,0.021449675783514977
16,4800,1201767,0.0009671151638031006
16,4800,1201787,0.005355583503842354
16,4800,1201805,0.0
16,4800,1201823,0.004705684259533882
16,4800,1201839,0.0
16,4800,1201853,0.0011093728244304657
16,4800,1201867,0.0
16,4800,1201883,0.0
16,4800,1201899,0.0002564633614383638
16,4800,1201911,0.0
16,4800,1201923,3.2613694202154875e-05
16,4800,1201941,0.0
16,4800,1201959,3.38274412570172e-06
16,4800,1201969,1.4464874311670428e-06
16,4800,1201977,1.481590174989833e-07
16,4800,1201985,1.3562326728333574e-07
16,4800,1201987,1.0362574442979167e-07
16,4800,1201998,8.602725074524642e-07
16,4800,1202011,1.9298331608297303e-05
16,4800,1202024,1.6991052689263597e-05
16,4800,1202040,1.4530372993704077e-07
16,4800,1202053,6.470139851444401e-06
16,4800,1202067,3.815599029621808e-06
16,4800,1202078,8.097875934254262e-07
16,4800,1202093,1.4462073067988968e-06
16,4800,1202105,3.234340084645737e-08
16,4800,1202118,1.2622981557797175e-06
16,4800,1202132,1.481840570249915e-07
16,4800,1202146,6.169435664560297e-07
16,4800,1202160,1.1132492705456798e-09
16,4800,1202172,5.146741273165389e-07
16,4800,1202186,2.7924336620799295e-08
16,4800,1202201,7.499830445567568e-08
16,4800,1202215,2.9216199771975315e-12
16,4800,1202230,5.90392517096916e-08
16,4800,1202248,1.0675826195294391e-10
16,4800,1202263,8.183221211766067e-09
16,4800,1202278,1.2811579575000565e-10
16,4800,1202290,1.362325616899307e-12
16,4800,1202308,1.911744235139068e-10
16,4800,1202322,4.0890190539100146e-11
16,4800,1202337,1.0341198730667855e-10
16,4800,1202353,7.758034903241392e-15
16,4800,1202365,7.698335718897553e-11
16,4800,1202373,2.3627475843890355e-13
16,4800,1202380,3.443241568604205e-12
16,4800,1202394,7.854717310601389e-13
16,4800,1202408,2.1830334848843558e-12
16,4800,1202422,1.133470097972435e-14
16,4800,1202436,1.6607133420179498e-12
16,4800,1202451,0.0
16,4800,1202464,4.47596366708828e-14
16,4800,1202475,0.0
16,4800,1202522,0.0
16,4800,1202527,1.0049956422619744e-08
16,4800,1202537,0.0
16,4800,1202549,1.4370757916992716e-09
16,4800,1202564,1.5331721670008847e-08
16,4800,1202574,1.2693436524102708e-08
16,4800,1202590,0.0
16,4800,1202595,1.4942686902941205e-05
16,4800,1202599,2.603128450573422e-07
16,4800,1202610,7.150988245996359e-09
16,4800,1202614,7.319598012145434e-07
16,4800,1202627,6.015287681293557e-07
16,4800,1202631,1.4753666732758575e-08
16,4800,1202648,3.3352768014083267e-07
16,4800,1202663,1.3053022485109977e-07
16,4800,1202676,2.6038897704694364e-09
16,4800,1202691,2.2536215738000465e-07
16,4800,1202701,1.0685800688747804e-08
16,4800,1202705,2.8050635592080653e-08
16,4800,1202720,1.8191201434092363e-08
16,4800,1202724,1.5623902172023918e-08
16,4800,1202738,6.883267644752777e-08
16,4800,1202742,7.851150840565424e-09
16,4800,1202753,6.106899430591284e-09
16,4800,1202766,4.298796625334944e-07
16,4800,1202779,4.4722428538257475e-10
16,4800,1202785,8.578042809403996e-08
16,4800,1202789,8.111525175991119e-07
16,4800,1202803,1.3167419865567354e-06
16,4800,1202814,1.852239165600622e-06
16,4800,1202827,2.3685771566306357e-08
16,4800,1202840,7.980836926435586e-06
16,4800,1202844,1.9617239388480812e-07
16,4800,1202855,7.654714551108555e-08
16,4800,1202859,1.1300585356366355e-05
16,4800,1202872,2.1767769794678316e-05
16,4800,1202885,3.4593929854054295e-07
16,4800,1202901,1.9000192708062968e-07
16,4800,1202912,4.5150834921514615e-05
16,4800,1202917,0.0001152817567344755
16,4800,1202921,2.8401609952766194e-08
16,4800,1202929,9.682749805506319e-05
16,4800,1202938,0.00018795736832544208
16,4800,1202949,1.8635649468023985e-08
16,4800,1202960,0.0002660905593074858
16,4800,1202964,1.3545870388043113e-05
16,4800,1202977,5.290493845677702e-06
16,4800,1202981,0.0006447868072427809
16,4800,1202993,0.002125705825164914
16,4800,1203016,0.027182403951883316
16,4800,1203021,0.007354504428803921
16,4800,1203035,0.005743267480283976
16,4800,1203040,0.029849227517843246
16,4800,1203050,0.030125711113214493
16,4800,1203057,0.0044370051473379135
16,4800,1203071,0.003148010466247797
16,4800,1203076,0.03244650363922119
16,4800,1203082,0.009579927660524845
16,4800,1203084,0.08319289982318878
16,4800,1203090,0.0031392211094498634
16,4800,1203095,5.302095087245107e-05
16,4800,1203110,0.061797820031642914
16,4800,1203124,0.3100064992904663
16,4800,1203136,0.05082399398088455
16,4800,1203148,0.30294448137283325
16,4800,1203172,0.20144842565059662
16,4800,1203184,0.24032807350158691
16,4800,1203188,0.0030047809705138206
16,4800,1203206,0.011723063886165619
16,4800,1203221,0.1447259485721588
16,4800,1203239,0.0012119844323024154
16,4800,1203254,0.10403242707252502
16,4800,1203266,0.0015798627864569426
16,4800,1203271,0.006420522928237915
16,4800,1203284,0.0011587038170546293
16,4800,1203288,0.014810066670179367
16,4800,1203303,0.014039875939488411
16,4800,1203317,9.858658813755028e-06
16,4800,1203331,0.008554176427423954
16,4800,1203342,0.00617080507799983
16,4800,1203361,0.00025710545014590025
16,4800,1203387,0.0
16,4800,1203400,0.0009071989916265011
16,4800,1203428,0.0002859571832232177
16,4800,1203440,0.0
16,4800,1203468,7.329980871872976e-05
16,4800,1203481,0.0
16,4800,1203495,0.0
16,4800,1203506,0.0
16,4800,1203513,0.0
16,4800,1203524,0.0
16,4800,1203536,0.0
16,4800,1203549,0.0
16,4800,1203561,0.0
16,4800,1203573,0.0
16,4800,1203589,0.0
17,5100,1201054,0.03426379710435867
17,5100,1201066,0.5141531229019165
17,5100,1201076,1.0
17,5100,1201087,0.8550705909729004
17,5100,1201100,0.0
17,5100,1201112,0.49251076579093933
17,5100,1201118,0.4756969213485718
17,5100,1201125,0.02599131502211094
17,5100,1201145,1.0
17,5100,1201159,0.6480180621147156
17,5100,1201171,1.0
17,5100,1201185,0.4756179451942444
17,5100,1201197,0.7571694254875183
17,5100,1201211,1.0
17,5100,1201217,1.0
17,5100,1201222,1.0
17,5100,1201240,1.0
17,5100,1201254,0.9324498176574707
17,5100,1201270,0.5341837406158447
17,5100,1201283,1.0
17,5100,1201292,0.6735246181488037
17,5100,1201298,1.0
17,5100,1201315,0.9420770406723022
17,5100,1201333,1.0
17,5100,1201350,0.3034211993217468
17,5100,1201365,1.0
17,5100,1201382,0.06228625774383545
17,5100,1201399,1.0
17,5100,1201406,0.0924498438835144
17,5100,1201410,0.03595522791147232
17,5100,1201419,0.4067230224609375
17,5100,1201430,1.0
17,5100,1201453,1.0
17,5100,1201469,0.028919663280248642
17,5100,1201481,1.0
17,5100,1201497,0.053152356296777725
17,5100,1201510,0.7516782283782959
17,5100,1201525,0.05978623777627945
17,5100,1201541,0.3070552349090576
17,5100,1201558,0.17701366543769836
17,5100,1201589,0.02460695058107376
17,5100,1201606,0.6762151718139648
17,5100,1201620,0.06180697679519653
17,5100,1201637,0.20708706974983215
17,5100,1201653,0.004286818206310272
17,5100,1201671,0.15474440157413483
17,5100,1201687,0.00844799168407917
17,5100,1201705,0.10661965608596802
17,5100,1201719,0.00037820497527718544
17,5100,1201735,0.0548555813729763
17,5100,1201751,0.04768991842865944
17,5100,1201767,0.002404089318588376
17,5100,1201787,0.013098379597067833
17,5100,1201805,0.0
17,5100,1201823,0.011606702581048012
17,5100,1201839,0.0
17,5100,1201853,0.0030788604635745287
17,5100,1201867,0.0
17,5100,1201883,0.0
17,5100,1201899,0.0008204550249502063
17,5100,1201911,0.0
17,5100,1201923,0.00012348192103672773
17,5100,1201941,0.0
17,5100,1201959,1.5708803402958438e-05
17,5100,1201969,6.909651801834116e-06
17,5100,1201977,8.968899010142195e-07
17,5100,1201985,8.490009690831357e-07
17,5100,1201987,6.602590474358294e-07
17,5100,1201998,2.987954758282285e-06
17,5100,1202011,5.5907017667777836e-05
17,5100,1202024,5.014092312194407e-05
17,5100,1202040,5.668309768225299e-07
17,5100,1202053,2.0156443497398868e-05
17,5100,1202067,1.2388576578814536e-05
17,5100,1202078,2.8962272153876256e-06
17,5100,1202093,5.118981334817363e-06
17,5100,1202105,1.4344506382713007e-07
17,5100,1202118,4.5329770728130825e-06
17,5100,1202132,5.966192588857666e-07
17,5100,1202146,2.2863059712108225e-06
17,5100,1202160,6.434661692367172e-09
17,5100,1202172,1.9525853076629573e-06
17,5100,1202186,1.2730750142964098e-07
17,5100,1202201,3.365499026131147e-07
17,5100,1202215,3.6428419308842663e-11
17,5100,1202230,2.7466126084618736e-07
17,5100,1202248,8.698240461235685e-10
17,5100,1202263,4.7863736085673736e-08
17,5100,1202278,1.0223993873736958e-09
17,5100,1202290,1.6857884879706297e-11
17,5100,1202308,1.5223475813286313e-09
17,5100,1202322,3.3205801996949447e-10
17,5100,1202337,8.337641688171971e-10
17,5100,1202353,2.0720170100085172e-13
17,5100,1202365,6.311672295922222e-10
17,5100,1202373,3.215518129540129e-12
17,5100,1202380,4.282622520501711e-11
17,5100,1202394,1.0103494429980486e-11
17,5100,1202408,2.746195111591465e-11
17,5100,1202422,2.987661116768403e-13
17,5100,1202436,2.1335719649351326e-11
17,5100,1202451,0.0
17,5100,1202464,1.1749138988104146e-12
17,5100,1202475,0.0
17,5100,1202522,0.0
17,5100,1202527,6.433200638866765e-08
17,5100,1202537,0.0
17,5100,1202549,1.2488581724312553e-08
17,5100,1202564,9.51331102783115e-08
17,5100,1202574,7.940514734627868e-08
17,5100,1202590,0.0
17,5100,1202595,5.658111331285909e-05
17,5100,1202599,1.2144121228629956e-06
17,5100,1202610,4.548682852600905e-08
17,5100,1202614,3.399053184693912e-06
17,5100,1202627,2.829865479725413e-06
17,5100,1202631,9.053320582097513e-08
17,5100,1202648,1.60331603638042e-06
17,5100,1202663,6.369307357090292e-07
17,5100,1202676,1.7040088451381052e-08
17,5100,1202691,1.1105508974651457e-06
17,5100,1202701,5.951927661840273e-08
17,5100,1202705,1.73445201312461e-07
17,5100,1202720,1.1516382869558583e-07
17,5100,1202724,8.526004791065134e-08
17,5100,1202738,3.4439867135915847e-07
17,5100,1202742,5.2585409804351e-08
17,5100,1202753,4.1552546292678016e-08
17,5100,1202766,1.8332855233893497e-06
17,5100,1202779,4.06576372569134e-09
17,5100,1202785,4.1066607536777155e-07
17,5100,1202789,3.2792793263070052e-06
17,5100,1202803,5.1626052481879015e-06
17,5100,1202814,6.988837412791327e-06
17,5100,1202827,1.1949890676987707e-07
17,5100,1202840,2.694455542950891e-05
17,5100,1202844,7.8670757375221e-07
17,5100,1202855,3.195228828190011e-07
17,5100,1202859,3.699167791637592e-05
17,5100,1202872,6.881995795993134e-05
17,5100,1202885,1.3059427601547213e-06
17,5100,1202901,7.369885679509025e-07
17,5100,1202912,0.00013484706869348884
17,5100,1202917,0.00030890718335285783
17,5100,1202921,1.3313592717167921e-07
17,5100,1202929,0.0002649248926900327
17,5100,1202938,0.0004931630101054907
17,5100,1202949,8.846215848734573e-08
17,5100,1202960,0.0006864859606139362
17,5100,1202964,3.854518217849545e-05
17,5100,1202977,1.6597085050307214e-05
17,5100,1202981,0.0015601434279233217
17,5100,1202993,0.004748841281980276
17,5100,1203016,0.04609611630439758
17,5100,1203021,0.013589909300208092
17,5100,1203035,0.010713160037994385
17,5100,1203040,0.04996982216835022
17,5100,1203050,0.04636669158935547
17,5100,1203057,0.008188498206436634
17,5100,1203071,0.006038936786353588
17,5100,1203076,0.04969082772731781
17,5100,1203082,0.015322515740990639
17,5100,1203084,0.10293080657720566
17,5100,1203090,0.005486693233251572
17,5100,1203095,0.00012218048505019397
17,5100,1203110,0.09681012481451035
17,5100,1203124,0.38513463735580444
17,5100,1203136,0.07712236046791077
17,5100,1203148,0.4048805832862854
17,5100,1203172,0.2996949553489685
17,5100,1203184,0.3714415431022644
17,5100,1203188,0.0061691221781075
17,5100,1203206,0.021652083843946457
17,5100,1203221,0.24007748067378998
17,5100,1203239,0.002572387456893921
17,5100,1203254,0.17879998683929443
17,5100,1203266,0.00327105401083827
17,5100,1203271,0.011885607615113258
17,5100,1203284,0.0023619337007403374
17,5100,1203288,0.026903893798589706
17,5100,1203303,0.026004787534475327
17,5100,1203317,2.6571469788905233e-05
17,5100,1203331,0.016501830890774727
17,5100,1203342,0.012828940525650978
17,5100,1203361,0.0006013737875036895
17,5100,1203387,0.0
17,5100,1203400,0.0020517497323453426
17,5100,1203428,0.000733444350771606
17,5100,1203440,0.0
17,5100,1203468,0.00021738230134360492
17,5100,1203481,0.0
17,5100,1203495,0.0
17,5100,1203506,0.0
17,5100,1203513,0.0
17,5100,1203524,0.0
17,5100,1203536,0.0
17,5100,1203549,0.0
17,5100,1203561,0.0
17,5100,1203573,0.0
17,5100,1203589,0.0
18,5400,1201054,0.028096312656998634
18,5400,1201066,0.5862299203872681
18,5400,1201076,1.0
18,5400,1201087,0.9616284370422363
18,5400,1201100,0.0
18,5400,1201112,0.5614528059959412
18,5400,1201118,0.5217041969299316
18,5400,1201125,0.022566575556993484
18,5400,1201145,1.0
18,5400,1201159,0.775925874710083
18,5400,1201171,1.0
18,5400,1201185,0.5540135502815247
18,5400,1201197,0.9869676828384399
18,5400,1201211,1.0
18,5400,1201217,1.0
18,5400,1201222,1.0
18,5400,1201240,1.0
18,5400,1201254,1.0
18,5400,1201270,0.6911402344703674
18,5400,1201283,1.0
18,5400,1201292,0.8350903987884521
18,5400,1201298,1.0
18,5400,1201315,1.0
18,5400,1201333,1.0
18,5400,1201350,0.3656553626060486
18,5400,1201365,1.0
18,5400,1201382,0.09066610783338547
18,5400,1201399,1.0
18,5400,1201406,0.12911151349544525
18,5400,1201410,0.054953694343566895
18,5400,1201419,0.46936583518981934
18,5400,1201430,1.0
18,5400,1201453,1.0
18,5400,1201469,0.05325630307197571
18,5400,1201481,1.0
18,5400,1201497,0.09312330186367035
18,5400,1201510,0.9679232835769653
18,5400,1201525,0.10393980145454407
18,5400,1201541,0.40913376212120056
18,5400,1201558,0.2350946068763733
18,5400,1201589,0.04947173222899437
18,5400,1201606,1.0
18,5400,1201620,0.11294744908809662
18,5400,1201637,0.37452733516693115
18,5400,1201653,0.009073767811059952
18,5400,1201671,0.2864135801792145
18,5400,1201687,0.017100337892770767
18,5400,1201705,0.20724371075630188
18,5400,1201719,0.000979050761088729
18,5400,1201735,0.11396815627813339
18,5400,1201751,0.09971809387207031
18,5400,1201767,0.005541995633393526
18,5400,1201787,0.029931191354990005
18,5400,1201805,0.0
18,5400,1201823,0.026729382574558258
18,5400,1201839,0.0
18,5400,1201853,0.007855680771172047
18,5400,1201867,0.0
18,5400,1201883,0.0
18,5400,1201899,0.0023661465384066105
18,5400,1201911,0.0
18,5400,1201923,0.00041073307511396706
18,5400,1201941,0.0
18,5400,1201959,6.186077371239662e-05
18,5400,1201969,2.7983674954157323e-05
18,5400,1201977,4.374198852019617e-06
18,5400,1201985,4.28874636781984e-06
18,5400,1201987,3.3914807318069506e-06
18,5400,1201998,9.214763849740848e-06
18,5400,1202011,0.00014704592467751354
18,5400,1202024,0.00013433459389489144
18,5400,1202040,1.939577714438201e-06
18,5400,1202053,5.663038609782234e-05
18,5400,1202067,3.6153807741357014e-05
18,5400,1202078,9.178444088320248e-06
18,5400,1202093,1.605519537406508e-05
18,5400,1202105,5.458448413264705e-07
18,5400,1202118,1.4420079423871357e-05
18,5400,1202132,2.0965180738130584e-06
18,5400,1202146,7.492148597521009e-06
18,5400,1202160,3.045316177008317e-08
18,5400,1202172,6.544498774019303e-06
18,5400,1202186,4.971635689798859e-07
18,5400,1202201,1.2951051076015574e-06
18,5400,1202215,3.0595601052674226e-10
18,5400,1202230,1.0940087804556242e-06
18,5400,1202248,5.411810111155546e-09
18,5400,1202263,2.2927143561446428e-07
18,5400,1202278,6.2310840931445455e-09
18,5400,1202290,1.4052095598238168e-10
18,5400,1202308,9.255359145754483e-09
18,5400,1202322,2.0590962268585145e-09
18,5400,1202337,5.133043323723996e-09
18,5400,1202353,2.7686043561903073e-12
18,5400,1202365,3.951492022480352e-09
18,5400,1202373,2.9412042246157455e-11
18,5400,1202380,3.587846686414764e-10
18,5400,1202394,8.75933076072144e-11
18,5400,1202408,2.327480153052619e-10
18,5400,1202422,3.9368968154929185e-12
18,5400,1202436,1.8470919238566808e-10
18,5400,1202451,0.0
18,5400,1202464,1.541596711396309e-11
18,5400,1202475,0.0
18,5400,1202522,0.0
18,5400,1202527,3.310340446205373e-07
18,5400,1202537,0.0
18,5400,1202549,8.062920642259996e-08
18,5400,1202564,4.766315839788149e-07
18,5400,1202574,4.009997951470723e-07
18,5400,1202590,0.0
18,5400,1202595,0.00018822462880052626
18,5400,1202599,4.8090314521687105e-06
18,5400,1202610,2.3302800400415435e-07
18,5400,1202614,1.3385172678681556e-05
18,5400,1202627,1.1288037057965994e-05
18,5400,1202631,4.478562516396778e-07
18,5400,1202648,6.532774477818748e-06
18,5400,1202663,2.6335433176427614e-06
18,5400,1202676,9.000651601809295e-08
18,5400,1202691,4.635366167349275e-06
18,5400,1202701,2.786883328553813e-07
18,5400,1202705,8.640916462354653e-07
18,5400,1202720,5.871645498700673e-07
18,5400,1202724,3.9164746112874127e-07
18,5400,1202738,1.462022964915377e-06
18,5400,1202742,2.833049563832901e-07
18,5400,1202753,2.2716508851772232e-07
18,5400,1202766,6.817488610977307e-06
18,5400,1202779,2.751342798035239e-08
18,5400,1202785,1.6746650999266421e-06
18,5400,1202789,1.162295120593626e-05
18,5400,1202803,1.776623867044691e-05
18,5400,1202814,2.3245294869411737e-05
18,5400,1202827,5.113750489726954e-07
18,5400,1202840,8.161105506587774e-05
18,5400,1202844,2.770711489574751e-06
18,5400,1202855,1.1696274668793194e-06
18,5400,1202859,0.00010889724944718182
18,5400,1202872,0.00019612384494394064
18,5400,1202885,4.343539785622852e-06
18,5400,1202901,2.5176645976898726e-06
18,5400,1202912,0.0003651527804322541
18,5400,1202917,0.0007608190644532442
18,5400,1202921,5.319827209859795e-07
18,5400,1202929,0.0006655937759205699
18,5400,1202938,0.0011904762359336019
18,5400,1202949,3.578507801194064e-07
18,5400,1202960,0.0016305464087054133
18,5400,1202964,9.972901170840487e-05
18,5400,1202977,4.6827328333165497e-05
18,5400,1202981,0.0034985458478331566
18,5400,1202993,0.0099259614944458
18,5400,1203016,0.07486175000667572
18,5400,1203021,0.02404455840587616
18,5400,1203035,0.019125763326883316
18,5400,1203040,0.08001028001308441
18,5400,1203050,0.06699839234352112
18,5400,1203057,0.014541979879140854
18,5400,1203071,0.011103924363851547
18,5400,1203076,0.07131587713956833
18,5400,1203082,0.023330578580498695
18,5400,1203084,0.11913925409317017
18,5400,1203090,0.009280018508434296
18,5400,1203095,0.00026177390827797353
18,5400,1203110,0.14399126172065735
18,5400,1203124,0.45119762420654297
18,5400,1203136,0.11013196408748627
18,5400,1203148,0.5102487802505493
18,5400,1203172,0.41887277364730835
18,5400,1203184,0.5448460578918457
18,5400,1203188,0.01194355171173811
18,5400,1203206,0.0381353497505188
18,5400,1203221,0.3811992406845093
18,5400,1203239,0.005136389285326004
18,5400,1203254,0.2941938638687134
18,5400,1203266,0.006377103738486767
18,5400,1203271,0.02096150815486908
18,5400,1203284,0.004533430095762014
18,5400,1203288,0.04654510319232941
18,5400,1203303,0.04584035277366638
18,5400,1203317,6.537992157973349e-05
18,5400,1203331,0.03021853044629097
18,5400,1203342,0.025095950812101364
18,5400,1203361,0.0013054769951850176
18,5400,1203387,0.0
18,5400,1203400,0.004331859294325113
18,5400,1203428,0.0017298867460340261
18,5400,1203440,0.0
18,5400,1203468,0.0005816478515043855
18,5400,1203481,0.0
18,5400,1203495,0.0
18,5400,1203506,0.0
18,5400,1203513,0.0
18,5400,1203524,0.0
18,5400,1203536,0.0
18,5400,1203549,0.0
18,5400,1203561,0.0
18,5400,1203573,0.0
18,5400,1203589,0.0
19,5700,1201054,0.02303897589445114
19,5700,1201066,0.6442956328392029
19,5700,1201076,1.0
19,5700,1201087,1.0
19,5700,1201100,0.0
19,5700,1201112,0.6169896125793457
19,5700,1201118,0.5773310661315918
19,5700,1201125,0.019532624632120132
19,5700,1201145,1.0
19,5700,1201159,0.8996239304542542
19,5700,1201171,1.0
19,5700,1201185,0.6413311958312988
19,5700,1201197,1.0
19,5700,1201211,1.0
19,5700,1201217,1.0
19,5700,1201222,1.0
19,5700,1201240,1.0
19,5700,1201254,1.0
19,5700,1201270,0.8543343544006348
19,5700,1201283,1.0
19,5700,1201292,0.9893872141838074
19,5700,1201298,1.0
19,5700,1201315,1.0
19,5700,1201333,1.0
19,5700,1201350,0.42910096049308777
19,5700,1201365,1.0
19,5700,1201382,0.12772588431835175
19,5700,1201399,1.0
19,5700,1201406,0.1741732954978943
19,5700,1201410,0.08273020386695862
19,5700,1201419,0.523354172706604
19,5700,1201430,1.0
19,5700,1201453,1.0
19,5700,1201469,0.09229494631290436
19,5700,1201481,1.0
19,5700,1201497,0.15019118785858154
19,5700,1201510,1.0
19,5700,1201525,0.16525042057037354
19,5700,1201541,0.5041000843048096
19,5700,1201558,0.2909567356109619
19,5700,1201589,0.09442286193370819
19,5700,1201606,1.0
19,5700,1201620,0.18670326471328735
19,5700,1201637,0.6151504516601562
19,5700,1201653,0.018184497952461243
19,5700,1201671,0.4850260615348816
19,5700,1201687,0.03288679197430611
19,5700,1201705,0.37597551941871643
19,5700,1201719,0.002344846725463867
19,5700,1201735,0.22469650208950043
19,5700,1201751,0.19780443608760834
19,5700,1201767,0.011988498270511627
19,5700,1201787,0.06455148756504059
19,5700,1201805,0.0
19,5700,1201823,0.05806030333042145
19,5700,1201839,0.0
19,5700,1201853,0.01867377944290638
19,5700,1201867,0.0
19,5700,1201883,0.0
19,5700,1201899,0.006260864902287722
19,5700,1201911,0.0
19,5700,1201923,0.0012293182080611587
19,5700,1201941,0.0
19,5700,1201959,0.0002136674738721922
19,5700,1201969,9.93666035356e-05
19,5700,1201977,1.8068671124638058e-05
19,5700,1201985,1.8373006241745315e-05
19,5700,1201987,1.4758006727788597e-05
19,5700,1201998,2.577418854343705e-05
19,5700,1202011,0.00035670175566338
19,5700,1202024,0.00033191905822604895
19,5700,1202040,5.960389444226166e-06
19,5700,1202053,0.00014595125685445964
19,5700,1202067,9.651871368987486e-05
19,5700,1202078,2.633371332194656e-05
19,5700,1202093,4.5586235501104966e-05
19,5700,1202105,1.836342562455684e-06
19,5700,1202118,4.151630128035322e-05
19,5700,1202132,6.591111741727218e-06
19,5700,1202146,2.218335612269584e-05
19,5700,1202160,1.2331194909620535e-07
19,5700,1202172,1.98025991267059e-05
19,5700,1202186,1.713841584205511e-06
19,5700,1202201,4.403555976750795e-06
19,5700,1202215,1.961329987310023e-09
19,5700,1202230,3.844268576358445e-06
19,5700,1202248,2.754940808813444e-08
19,5700,1202263,9.396305244990799e-07
19,5700,1202278,3.1081199836080486e-08
19,5700,1202290,8.942076523688058e-10
19,5700,1202308,4.604009262720865e-08
19,5700,1202322,1.0447370968336145e-08
19,5700,1202337,2.585711555980197e-08
19,5700,1202353,2.4938757656189914e-11
19,5700,1202365,2.0239269815647276e-08
19,5700,1202373,2.046864622240463e-10
19,5700,1202380,2.294168854888312e-09
19,5700,1202394,5.796721991302434e-10
19,5700,1202408,1.5056564883764167e-09
19,5700,1202422,3.4958914235661e-11
19,5700,1202436,1.2203655863629592e-09
19,5700,1202451,0.0
19,5700,1202464,1.3630724327029498e-10
19,5700,1202475,0.0
19,5700,1202522,0.0
19,5700,1202527,1.439037646377983e-06
19,5700,1202537,0.0
19,5700,1202549,4.189113269603695e-07
19,5700,1202564,2.026715264946688e-06
19,5700,1202574,1.7182426290673902e-06
19,5700,1202590,0.0
19,5700,1202595,0.0005634286790154874
19,5700,1202599,1.6720234270906076e-05
19,5700,1202610,1.0103580052600591e-06
19,5700,1202614,4.623132917913608e-05
19,5700,1202627,3.948486482840963e-05
19,5700,1202631,1.877404088190815e-06
19,5700,1202648,2.3331163902184926e-05
19,5700,1202663,9.541813597024884e-06
19,5700,1202676,4.0255395106214564e-07
19,5700,1202691,1.6945394236245193e-05
19,5700,1202701,1.133929345087381e-06
19,5700,1202705,3.6454985092859715e-06
19,5700,1202720,2.5335050395369763e-06
19,5700,1202724,1.5650607565476093e-06
19,5700,1202738,5.4351030485122465e-06
19,5700,1202742,1.2892019185528625e-06
19,5700,1202753,1.0478058811713709e-06
19,5700,1202766,2.2642834665020928e-05
19,5700,1202779,1.4990735053288518e-07
19,5700,1202785,6.003221642458811e-06
19,5700,1202789,3.696015483001247e-05
19,5700,1202803,5.4912103223614395e-05
19,5700,1202814,6.967812805669382e-05
19,5700,1202827,1.9166618585586548e-06
19,5700,1202840,0.0002256940642837435
19,5700,1202844,8.771421562414616e-06
19,5700,1202855,3.843635568046011e-06
19,5700,1202859,0.0002933047362603247
19,5700,1202872,0.0005124073359183967
19,5700,1202885,1.3021886843489483e-05
19,5700,1202901,7.748943062324543e-06
19,5700,1202912,0.0009108594385907054
19,5700,1202917,0.0017445215489715338
19,5700,1202921,1.8700907276070211e-06
19,5700,1202929,0.0015554323326796293
19,5700,1202938,0.0026777812745422125
19,5700,1202949,1.2731038623314817e-06
19,5700,1202960,0.0036110887303948402
19,5700,1202964,0.00023831200087442994
19,5700,1202977,0.0001209504043799825
19,5700,1202981,0.007355649024248123
19,5700,1202993,0.019597003236413002
19,5700,1203016,0.11666812747716904
19,5700,1203021,0.04081403464078903
19,5700,1203035,0.032759733498096466
19,5700,1203040,0.12296958267688751
19,5700,1203050,0.09162622690200806
19,5700,1203057,0.024851351976394653
19,5700,1203071,0.019627351313829422
19,5700,1203076,0.09684168547391891
19,5700,1203082,0.0344710536301136
19,5700,1203084,0.13247732818126678
19,5700,1203090,0.015122060663998127
19,5700,1203095,0.0005274884169921279
19,5700,1203110,0.2041446417570114
19,5700,1203124,0.5104935169219971
19,5700,1203136,0.14936019480228424
19,5700,1203148,0.6168959140777588
19,5700,1203172,0.5540621876716614
19,5700,1203184,0.7607463598251343
19,5700,1203188,0.021994251757860184
19,5700,1203206,0.06436379253864288
19,5700,1203221,0.5780940055847168
19,5700,1203239,0.009733079001307487
19,5700,1203254,0.46317413449287415
19,5700,1203266,0.011808574199676514
19,5700,1203271,0.035392917692661285
19,5700,1203284,0.008264856413006783
19,5700,1203288,0.07704296708106995
19,5700,1203303,0.07729689031839371
19,5700,1203317,0.00014913328050170094
19,5700,1203331,0.05285191535949707
19,5700,1203342,0.04659857600927353
19,5700,1203361,0.002660668920725584
19,5700,1203387,0.0
19,5700,1203400,0.00862403679639101
19,5700,1203428,0.0038010296411812305
19,5700,1203440,0.0
19,5700,1203468,0.0014283889904618263
19,5700,1203481,0.0
19,5700,1203495,0.0
19,5700,1203506,0.0
19,5700,1203513,0.0
19,5700,1203524,0.0
19,5700,1203536,0.0
19,5700,1203549,0.0
19,5700,1203561,0.0
19,5700,1203573,0.0
19,5700,1203589,0.0
20,6000,1201054,0.018891960382461548
20,6000,1201066,0.6910322904586792
20,6000,1201076,1.0
20,6000,1201087,1.0
20,6000,1201100,0.0
20,6000,1201112,0.6616879105567932
20,6000,1201118,0.6373610496520996
20,6000,1201125,0.016859738156199455
20,6000,1201145,1.0
20,6000,1201159,1.0
20,6000,1201171,1.0
20,6000,1201185,0.7352069020271301
20,6000,1201197,1.0
20,6000,1201211,1.0
20,6000,1201217,1.0
20,6000,1201222,1.0
20,6000,1201240,1.0
20,6000,1201254,1.0
20,6000,1201270,1.0
20,6000,1201283,1.0
20,6000,1201292,1.0
20,6000,1201298,1.0
20,6000,1201315,1.0
20,6000,1201333,1.0
20,6000,1201350,0.4962722063064575
20,6000,1201365,1.0
20,6000,1201382,0.17554648220539093
20,6000,1201399,1.0
20,6000,1201406,0.22990170121192932
20,6000,1201410,0.12274818122386932
20,6000,1201419,0.5710360407829285
20,6000,1201430,1.0
20,6000,1201453,1.0
20,6000,1201469,0.15030530095100403
20,6000,1201481,1.0
20,6000,1201497,0.227591872215271
20,6000,1201510,1.0
20,6000,1201525,0.24718981981277466
20,6000,1201541,0.5954970121383667
20,6000,1201558,0.3500123918056488
20,6000,1201589,0.1673005223274231
20,6000,1201606,1.0
20,6000,1201620,0.25395891070365906
20,6000,1201637,0.8558183908462524
20,6000,1201653,0.034319646656513214
20,6000,1201671,0.6981426477432251
20,6000,1201687,0.059047505259513855
20,6000,1201705,0.613777756690979
20,6000,1201719,0.005258498247712851
20,6000,1201735,0.4157794713973999
20,6000,1201751,0.36869752407073975
20,6000,1201767,0.024555550888180733
20,6000,1201787,0.1318921446800232
20,6000,1201805,0.0
20,6000,1201823,0.11948101222515106
20,6000,1201839,0.0
20,6000,1201853,0.04178573936223984
20,6000,1201867,0.0
20,6000,1201883,0.0
20,6000,1201899,0.01540448796004057
20,6000,1201911,0.0
20,6000,1201923,0.0033696568571031094
20,6000,1201941,0.0
20,6000,1201959,0.0006629754789173603
20,6000,1201969,0.0003168157709296793
20,6000,1201977,6.537113222293556e-05
20,6000,1201985,6.901341112097725e-05
20,6000,1201987,5.62475725018885e-05
20,6000,1201998,6.642614607699215e-05
20,6000,1202011,0.0008077073143795133
20,6000,1202024,0.0007655229419469833
20,6000,1202040,1.6740708815632388e-05
20,6000,1202053,0.00034957786556333303
20,6000,1202067,0.00023891733144409955
20,6000,1202078,6.950541865080595e-05
20,6000,1202093,0.00011906235158676282
20,6000,1202105,5.58068632017239e-06
20,6000,1202118,0.00010991930321324617
20,6000,1202132,1.88820376934018e-05
20,6000,1202146,6.03104563197121e-05
20,6000,1202160,4.4022746692462533e-07
20,6000,1202172,5.497546953847632e-05
20,6000,1202186,5.329233317752369e-06
20,6000,1202201,1.3516793842427433e-05
20,6000,1202215,1.0279737949758783e-08
20,6000,1202230,1.2176955351606011e-05
20,6000,1202248,1.1984545267296198e-07
20,6000,1202263,3.3946064377232688e-06
20,6000,1202278,1.3254160080578004e-07
20,6000,1202290,4.653795127040894e-09
20,6000,1202308,1.9573701592889847e-07
20,6000,1202322,4.5300573958684254e-08
20,6000,1202337,1.1131582766665815e-07
20,6000,1202353,1.7141037200740783e-10
20,6000,1202365,8.857457345357034e-08
20,6000,1202373,1.1606213767834106e-09
20,6000,1202380,1.1993829041045956e-08
20,6000,1202394,3.1358524665847654e-09
20,6000,1202408,7.963015136169815e-09
20,6000,1202422,2.3682433791805124e-10
20,6000,1202436,6.589597312256501e-09
20,6000,1202451,0.0
20,6000,1202464,9.19523512887821e-10
20,6000,1202475,0.0
20,6000,1202522,0.0
20,6000,1202527,5.464674813993042e-06
20,6000,1202537,0.0
20,6000,1202549,1.8402051864541136e-06
20,6000,1202564,7.562729933852097e-06
20,6000,1202574,6.45915133645758e-06
20,6000,1202590,0.0
20,6000,1202595,0.0015446398174390197
20,6000,1202599,5.2278479415690526e-05
20,6000,1202610,3.833319624391152e-06
20,6000,1202614,0.00014344292867463082
20,6000,1202627,0.00012404125300236046
20,6000,1202631,6.896016657265136e-06
20,6000,1202648,7.479557825718075e-05
20,6000,1202663,3.102572009083815e-05
20,6000,1202676,1.5747336874483153e-06
20,6000,1202691,5.5561456974828616e-05
20,6000,1202701,4.1068151404033415e-06
20,6000,1202705,1.346674525848357e-05
20,6000,1202720,9.564673746353947e-06
20,6000,1202724,5.572148438659497e-06
20,6000,1202738,1.8102700778399594e-05
20,6000,1202742,5.122004040458705e-06
20,6000,1202753,4.2152710193477105e-06
20,6000,1202766,6.838268745923415e-05
20,6000,1202779,6.904763267812086e-07
20,6000,1202785,1.935255750140641e-05
20,6000,1202789,0.0001072806044248864
20,6000,1202803,0.000155075074872002
20,6000,1202814,0.00019136699847877026
20,6000,1202827,6.439697699534008e-06
20,6000,1202840,0.0005776283796876669
20,6000,1202844,2.539770503062755e-05
20,6000,1202855,1.1539793376869056e-05
20,6000,1202859,0.0007324019097723067
20,6000,1202872,0.0012433797819539905
20,6000,1202885,3.5794761060969904e-05
20,6000,1202901,2.185624725825619e-05
20,6000,1202912,0.002118621487170458
20,6000,1202917,0.003761522937566042
20,6000,1202921,5.916478585277218e-06
20,6000,1202929,0.0034153242595493793
20,6000,1202938,0.0056686075404286385
20,6000,1202949,4.074735898029758e-06
20,6000,1202960,0.007530969101935625
20,6000,1202964,0.0005322919460013509
20,6000,1202977,0.00028990075225010514
20,6000,1202981,0.014631658792495728
20,6000,1202993,0.03681478649377823
20,6000,1203016,0.1753045916557312
20,6000,1203021,0.06662102788686752
20,6000,1203035,0.0539693608880043
20,6000,1203040,0.18246158957481384
20,6000,1203050,0.1199357807636261
20,6000,1203057,0.041019029915332794
20,6000,1203071,0.033451542258262634
20,6000,1203076,0.1259894073009491
20,6000,1203082,0.05029841512441635
20,6000,1203084,0.1435043066740036
20,6000,1203090,0.023885663598775864
20,6000,1203095,0.0010086291003972292
20,6000,1203110,0.2780959904193878
20,6000,1203124,0.5654754638671875
20,6000,1203136,0.1948263794183731
20,6000,1203148,0.7242031693458557
20,6000,1203172,0.7013694643974304
20,6000,1203184,1.0
20,6000,1203188,0.038756318390369415
20,6000,1203206,0.10427448153495789
20,6000,1203221,0.8386423587799072
20,6000,1203239,0.017614498734474182
20,6000,1203254,0.6984731554985046
20,6000,1203266,0.020895760506391525
20,6000,1203271,0.0573161244392395
20,6000,1203284,0.01439756155014038
20,6000,1203288,0.12213119864463806
20,6000,1203303,0.12491730600595474
20,6000,1203317,0.000319079466862604
20,6000,1203331,0.08859464526176453
20,6000,1203342,0.08263958990573883
20,6000,1203361,0.005136924795806408
20,6000,1203387,0.0
20,6000,1203400,0.016316162422299385
20,6000,1203428,0.007860064506530762
20,6000,1203440,0.0
20,6000,1203468,0.003261845326051116
20,6000,1203481,0.0
20,6000,1203495,0.0
20,6000,1203506,0.0
20,6000,1203513,0.0
20,6000,1203524,0.0
20,6000,1203536,0.0
20,6000,1203549,0.0
20,6000,1203561,0.0
20,6000,1203573,0.0
20,6000,1203589,0.0
21,6300,1201054,0.015491407364606857
21,6300,1201066,0.7286151647567749
21,6300,1201076,1.0
21,6300,1201087,1.0
21,6300,1201100,0.0
21,6300,1201112,0.6976292729377747
21,6300,1201118,0.6981844902038574
21,6300,1201125,0.014516234397888184
21,6300,1201145,1.0
21,6300,1201159,1.0
21,6300,1201171,1.0
21,6300,1201185,0.8302603960037231
21,6300,1201197,1.0
21,6300,1201211,1.0
21,6300,1201217,1.0
21,6300,1201222,1.0
21,6300,1201240,1.0
21,6300,1201254,1.0
21,6300,1201270,1.0
21,6300,1201283,1.0
21,6300,1201292,1.0
21,6300,1201298,1.0
21,6300,1201315,1.0
21,6300,1201333,1.0
21,6300,1201350,0.5701679587364197
21,6300,1201365,1.0
21,6300,1201382,0.23718412220478058
21,6300,1201399,1.0
21,6300,1201406,0.30002158880233765
21,6300,1201410,0.17924433946609497
21,6300,1201419,0.6146396398544312
21,6300,1201430,1.0
21,6300,1201453,1.0
21,6300,1201469,0.2323540896177292
21,6300,1201481,1.0
21,6300,1201497,0.3308146595954895
21,6300,1201510,1.0
21,6300,1201525,0.3530299663543701
21,6300,1201541,0.6871872544288635
21,6300,1201558,0.41837066411972046
21,6300,1201589,0.26201188564300537
21,6300,1201606,1.0
21,6300,1201620,0.3207714557647705
21,6300,1201637,1.0
21,6300,1201653,0.059673815965652466
21,6300,1201671,0.9231619834899902
21,6300,1201687,0.0955260843038559
21,6300,1201705,0.9353596568107605
21,6300,1201719,0.011144395917654037
21,6300,1201735,0.7035534381866455
21,6300,1201751,0.6305035352706909
21,6300,1201767,0.047490689903497696
21,6300,1201787,0.25395122170448303
21,6300,1201805,0.0
21,6300,1201823,0.23195946216583252
21,6300,1201839,0.0
21,6300,1201853,0.08854348957538605
21,6300,1201867,0.0
21,6300,1201883,0.0
21,6300,1201899,0.03561383858323097
21,6300,1201911,0.0
21,6300,1201923,0.008573735132813454
21,6300,1201941,0.0
21,6300,1201959,0.0018809399334713817
21,6300,1201969,0.0009231276926584542
21,6300,1201977,0.00021214316075202078
21,6300,1201985,0.00023274571867659688
21,6300,1201987,0.0001922768569784239
21,6300,1201998,0.0001596691581653431
21,6300,1202011,0.001723485765978694
21,6300,1202024,0.0016637109220027924
21,6300,1202040,4.355620330898091e-05
21,6300,1202053,0.0007861312478780746
21,6300,1202067,0.0005541846039704978
21,6300,1202078,0.00017086032312363386
21,6300,1202093,0.0002895832294598222
21,6300,1202105,1.5569068636978045e-05
21,6300,1202118,0.00027093899552710354
21,6300,1202132,4.99880661664065e-05
21,6300,1202146,0.00015243812231346965
21,6300,1202160,1.4159654710965697e-06
21,6300,1202172,0.00014178556739352643
21,6300,1202186,1.5192389582807664e-05
21,6300,1202201,3.8062204112065956e-05
21,6300,1202215,4.600256531261948e-08
21,6300,1202230,3.5335728171048686e-05
21,6300,1202248,4.5896138090029126e-07
21,6300,1202263,1.1045625797123648e-05
21,6300,1202278,4.978049332748924e-07
21,6300,1202290,2.0687480173364747e-08
21,6300,1202308,7.327168987103505e-07
21,6300,1202322,1.729371490455378e-07
21,6300,1202337,4.2190885096715647e-07
21,6300,1202353,9.624239183381178e-10
21,6300,1202365,3.41192048836092e-07
21,6300,1202373,5.599782859633251e-09
21,6300,1202380,5.35379953703341e-08
21,6300,1202394,1.4479487830953985e-08
21,6300,1202408,3.595375730469641e-08
21,6300,1202422,1.310455965963797e-09
21,6300,1202436,3.036382878462973e-08
21,6300,1202451,0.0
21,6300,1202464,5.067346098286407e-09
21,6300,1202475,0.0
21,6300,1202522,0.0
21,6300,1202527,1.8566481230664067e-05
21,6300,1202537,0.0
21,6300,1202549,7.065999852784444e-06
21,6300,1202564,2.5360444851685315e-05
21,6300,1202574,2.1813788407598622e-05
21,6300,1202590,0.0
21,6300,1202595,0.003930859267711639
21,6300,1202599,0.00014962261775508523
21,6300,1202610,1.3032610695518088e-05
21,6300,1202614,0.0004069426213391125
21,6300,1202627,0.0003562000929377973
21,6300,1202631,2.272960227855947e-05
21,6300,1202648,0.0002190664818044752
21,6300,1202663,9.214971942128614e-05
21,6300,1202676,5.5145842452475335e-06
21,6300,1202691,0.00016630830941721797
21,6300,1202701,1.348162732028868e-05
21,6300,1202705,4.4606294977711514e-05
21,6300,1202720,3.235260373912752e-05
21,6300,1202724,1.7996142560150474e-05
21,6300,1202738,5.4955184168647975e-05
21,6300,1202742,1.8193371943198144e-05
21,6300,1202753,1.5146772057050839e-05
21,6300,1202766,0.0001904095697682351
21,6300,1202779,2.778569069050718e-06
21,6300,1202785,5.707085074391216e-05
21,6300,1202789,0.00028803988243453205
21,6300,1202803,0.00040546501986682415
21,6300,1202814,0.00048772513400763273
21,6300,1202827,1.9737348338821903e-05
21,6300,1202840,0.0013827602379024029
21,6300,1202844,6.816758104832843e-05
21,6300,1202855,3.208369525964372e-05
21,6300,1202859,0.0017132499488070607
21,6300,1202872,0.0028308762703090906
21,6300,1202885,9.140832116827369e-05
21,6300,1202901,5.7238590670749545e-05
21,6300,1202912,0.004639084450900555
21,6300,1202917,0.0076876552775502205
21,6300,1202921,1.713531673885882e-05
21,6300,1202929,0.007102919742465019
21,6300,1202938,0.011382585391402245
21,6300,1202949,1.1934154827031307e-05
21,6300,1202960,0.014906046912074089
21,6300,1202964,0.0011218413710594177
21,6300,1202977,0.0006517040310427547
21,6300,1202981,0.027728235349059105
21,6300,1202993,0.06615808606147766
21,6300,1203016,0.25535789132118225
21,6300,1203021,0.10493403673171997
21,6300,1203035,0.08579615503549576
21,6300,1203040,0.2629024386405945
21,6300,1203050,0.15171003341674805
21,6300,1203057,0.06570238620042801
21,6300,1203071,0.0551624521613121
21,6300,1203076,0.1586880087852478
21,6300,1203082,0.07323862612247467
21,6300,1203084,0.1527089625597
21,6300,1203090,0.03690773993730545
21,6300,1203095,0.001842208206653595
21,6300,1203110,0.36709946393966675
21,6300,1203124,0.6187611818313599
21,6300,1203136,0.24724717438220978
21,6300,1203148,0.832918643951416
21,6300,1203172,0.8581240773200989
21,6300,1203184,1.0
21,6300,1203188,0.06557242572307587
21,6300,1203206,0.16248764097690582
21,6300,1203221,1.0
21,6300,1203239,0.03057144209742546
21,6300,1203254,1.0
21,6300,1203266,0.03546377271413803
21,6300,1203271,0.08919272571802139
21,6300,1203284,0.024044759571552277
21,6300,1203288,0.18567514419555664
21,6300,1203303,0.19381269812583923
21,6300,1203317,0.0006462468300014734
21,6300,1203331,0.14267316460609436
21,6300,1203342,0.14050233364105225
21,6300,1203361,0.00945865735411644
21,6300,1203387,0.0
21,6300,1203400,0.029504626989364624
21,6300,1203428,0.015419142320752144
21,6300,1203440,0.0
21,6300,1203468,0.006997748278081417
21,6300,1203481,0.0
21,6300,1203495,0.0
21,6300,1203506,0.0
21,6300,1203513,0.0
21,6300,1203524,0.0
21,6300,1203536,0.0
21,6300,1203549,0.0
21,6300,1203561,0.0
21,6300,1203573,0.0
21,6300,1203589,0.0
22,6600,1201054,0.01270295400172472
22,6600,1201066,0.7588074803352356
22,6600,1201076,1.0
22,6600,1201087,1.0
22,6600,1201100,0.0
22,6600,1201112,0.726500928401947
22,6600,1201118,0.7573831081390381
22,6600,1201125,0.012470136396586895
22,6600,1201145,1.0
22,6600,1201159,1.0
22,6600,1201171,1.0
22,6600,1201185,0.908204197883606
22,6600,1201197,1.0
22,6600,1201211,1.0
22,6600,1201217,1.0
22,6600,1201222,1.0
22,6600,1201240,1.0
22,6600,1201254,1.0
22,6600,1201270,1.0
22,6600,1201283,1.0
22,6600,1201292,1.0
22,6600,1201298,1.0
22,6600,1201315,1.0
22,6600,1201333,1.0
22,6600,1201350,0.6545633673667908
22,6600,1201365,1.0
22,6600,1201382,0.3169432282447815
22,6600,1201399,1.0
22,6600,1201406,0.389852374792099
22,6600,1201410,0.25754106044769287
22,6600,1201419,0.6564722061157227
22,6600,1201430,1.0
22,6600,1201453,1.0
22,6600,1201469,0.34491485357284546
22,6600,1201481,1.0
22,6600,1201497,0.465446412563324
22,6600,1201510,1.0
22,6600,1201525,0.4860278069972992
22,6600,1201541,0.7833268046379089
22,6600,1201558,0.5002714395523071
22,6600,1201589,0.3767246603965759
22,6600,1201606,1.0
22,6600,1201620,0.39301884174346924
22,6600,1201637,1.0
22,6600,1201653,0.09618155658245087
22,6600,1201671,1.0
22,6600,1201687,0.140956848859787
22,6600,1201705,1.0
22,6600,1201719,0.022352389991283417
22,6600,1201735,1.0
22,6600,1201751,0.9971507787704468
22,6600,1201767,0.08549755811691284
22,6600,1201787,0.45981019735336304
22,6600,1201805,0.0
22,6600,1201823,0.4238082766532898
22,6600,1201839,0.0
22,6600,1201853,0.1775493323802948
22,6600,1201867,0.0
22,6600,1201883,0.0
22,6600,1201899,0.07790227234363556
22,6600,1201911,0.0
22,6600,1201923,0.020464103668928146
22,6600,1201941,0.0
22,6600,1201959,0.0049458760768175125
22,6600,1201969,0.0024915148969739676
22,6600,1201977,0.0006285389536060393
22,6600,1201985,0.0007172310724854469
22,6600,1201987,0.0006000089342705905
22,6600,1201998,0.0003613987937569618
22,6600,1202011,0.003491562558338046
22,6600,1202024,0.003432872472330928
22,6600,1202040,0.00010609634045977145
22,6600,1202053,0.0016733998199924827
22,6600,1202067,0.0012147874804213643
22,6600,1202078,0.0003950032696593553
22,6600,1202093,0.0006622731452807784
22,6600,1202105,4.037131293443963e-05
22,6600,1202118,0.0006278000655584037
22,6600,1202132,0.00012365009752102196
22,6600,1202146,0.00036173276021145284
22,6600,1202160,4.170595275354572e-06
22,6600,1202172,0.00034307726309634745
22,6600,1202186,4.0207189158536494e-05
22,6600,1202201,9.955195855582133e-05
22,6600,1202215,1.8106534582784661e-07
22,6600,1202230,9.511875396128744e-05
22,6600,1202248,1.580886532792647e-06
22,6600,1202263,3.289819505880587e-05
22,6600,1202278,1.6825079001137055e-06
22,6600,1202290,8.091841152690904e-08
22,6600,1202308,2.4675402983120875e-06
22,6600,1202322,5.938814524597547e-07
22,6600,1202337,1.4384386304300278e-06
22,6600,1202353,4.608479819978584e-09
22,6600,1202365,1.181904394798039e-06
22,6600,1202373,2.3685629457759205e-08
22,6600,1202380,2.10195238992128e-07
22,6600,1202394,5.8779008327292104e-08
22,6600,1202408,1.4275599369284464e-07
22,6600,1202422,6.1839555698384174e-09
22,6600,1202436,1.2297847717945842e-07
22,6600,1202451,0.0
22,6600,1202464,2.3817701588768614e-08
22,6600,1202475,0.0
22,6600,1202522,0.0
22,6600,1202527,5.745101589127444e-05
22,6600,1202537,0.0
22,6600,1202549,2.428571315249428e-05
22,6600,1202564,7.778134749969468e-05
22,6600,1202574,6.735989154549316e-05
22,6600,1202590,0.0
22,6600,1202595,0.009384151548147202
22,6600,1202599,0.0003973293933086097
22,6600,1202610,4.0412749513052404e-05
22,6600,1202614,0.0010699641425162554
22,6600,1202627,0.0009477157145738602
22,6600,1202631,6.84227779856883e-05
22,6600,1202648,0.0005941531853750348
22,6600,1202663,0.0002534136001486331
22,6600,1202676,1.7590233255759813e-05
22,6600,1202691,0.00046062300680205226
22,6600,1202701,4.0681203245185316e-05
22,6600,1202705,0.00013483893417287618
22,6600,1202720,9.979195601772517e-05
22,6600,1202724,5.346338730305433e-05
22,6600,1202738,0.0001540863886475563
22,6600,1202742,5.8807756431633607e-05
22,6600,1202753,4.948801506543532e-05
22,6600,1202766,0.0004942144150845706
22,6600,1202779,1.0001540431403555e-05
22,6600,1202785,0.00015601485210936517
22,6600,1202789,0.0007229167968034744
22,6600,1202803,0.0009918006835505366
22,6600,1202814,0.0011651557870209217
22,6600,1202827,5.593763853539713e-05
22,6600,1202840,0.0031225658021867275
22,6600,1202844,0.00017140034469775856
22,6600,1202855,8.349110430572182e-05
22,6600,1202859,0.0037856907583773136
22,6600,1202872,0.0060967751778662205
22,6600,1202885,0.0002191192761529237
22,6600,1202901,0.00014063154230825603
22,6600,1202912,0.009635875932872295
22,6600,1202917,0.014985861256718636
22,6600,1202921,4.6031771489651874e-05
22,6600,1202929,0.014080863445997238
22,6600,1202938,0.02181375026702881
22,6600,1202949,3.2407282560598105e-05
22,6600,1202960,0.02817022055387497
22,6600,1202964,0.0022476979065686464
22,6600,1202977,0.0013858210295438766
22,6600,1202981,0.0503166988492012
22,6600,1202993,0.11415839195251465
22,6600,1203016,0.3624565601348877
22,6600,1203021,0.16012722253799438
22,6600,1203035,0.13211379945278168
22,6600,1203040,0.36974674463272095
22,6600,1203050,0.18685126304626465
22,6600,1203057,0.10256096720695496
22,6600,1203071,0.08832500874996185
22,6600,1203076,0.19510211050510406
22,6600,1203082,0.10684193670749664
22,6600,1203084,0.16053834557533264
22,6600,1203090,0.056218840181827545
22,6600,1203095,0.003228129120543599
22,6600,1203110,0.47324204444885254
22,6600,1203124,0.6732579469680786
22,6600,1203136,0.30819225311279297
22,6600,1203148,0.9451349377632141
22,6600,1203172,1.0
22,6600,1203184,1.0
22,6600,1203188,0.10680018365383148
22,6600,1203206,0.23185434937477112
22,6600,1203221,1.0
22,6600,1203239,0.05103756859898567
22,6600,1203254,1.0
22,6600,1203266,0.057878464460372925
22,6600,1203271,0.12726418673992157
22,6600,1203284,0.0385868102312088
22,6600,1203288,0.25423699617385864
22,6600,1203303,0.2760534882545471
22,6600,1203317,0.0012478394201025367
22,6600,1203331,0.21640530228614807
22,6600,1203342,0.22962060570716858
22,6600,1203361,0.016687612980604172
22,6600,1203387,0.0
22,6600,1203400,0.05120027810335159
22,6600,1203428,0.028871241956949234
22,6600,1203440,0.0
22,6600,1203468,0.014218682423233986
22,6600,1203481,0.0
22,6600,1203495,0.0
22,6600,1203506,0.0
22,6600,1203513,0.0
22,6600,1203524,0.0
22,6600,1203536,0.0
22,6600,1203549,0.0
22,6600,1203561,0.0
22,6600,1203573,0.0
22,6600,1203589,0.0
23,6900,1201054,0.010416422039270401
23,6900,1201066,0.7830374240875244
23,6900,1201076,1.0
23,6900,1201087,1.0
23,6900,1201100,0.0
23,6900,1201112,0.7496694326400757
23,6900,1201118,0.8134127259254456
23,6900,1201125,0.010690308175981045
23,6900,1201145,1.0
23,6900,1201159,1.0
23,6900,1201171,1.0
23,6900,1201185,0.9721181392669678
23,6900,1201197,1.0
23,6900,1201211,1.0
23,6900,1201217,1.0
23,6900,1201222,1.0
23,6900,1201240,1.0
23,6900,1201254,1.0
23,6900,1201270,1.0
23,6900,1201283,1.0
23,6900,1201292,1.0
23,6900,1201298,1.0
23,6900,1201315,1.0
23,6900,1201333,1.0
23,6900,1201350,0.7543395757675171
23,6900,1201365,1.0
23,6900,1201382,0.42072227597236633
23,6900,1201399,1.0
23,6900,1201406,0.5066305994987488
23,6900,1201410,0.3641674518585205
23,6900,1201419,0.6991255879402161
23,6900,1201430,1.0
23,6900,1201453,1.0
23,6900,1201469,0.49556922912597656
23,6900,1201481,1.0
23,6900,1201497,0.6373709440231323
23,6900,1201510,1.0
23,6900,1201525,0.6500004529953003
23,6900,1201541,0.8881503343582153
23,6900,1201558,0.5991612672805786
23,6900,1201589,0.5129010081291199
23,6900,1201606,1.0
23,6900,1201620,0.476146936416626
23,6900,1201637,1.0
23,6900,1201653,0.14216464757919312
23,6900,1201671,1.0
23,6900,1201687,0.18953777849674225
23,6900,1201705,1.0
23,6900,1201719,0.04211811348795891
23,6900,1201735,1.0
23,6900,1201751,1.0
23,6900,1201767,0.14034855365753174
23,6900,1201787,0.7576556205749512
23,6900,1201805,0.0
23,6900,1201823,0.7084678411483765
23,6900,1201839,0.0
23,6900,1201853,0.33635249733924866
23,6900,1201867,0.0
23,6900,1201883,0.0
23,6900,1201899,0.16153199970722198
23,6900,1201911,0.0
23,6900,1201923,0.04616551846265793
23,6900,1201941,0.0
23,6900,1201959,0.012181742116808891
23,6900,1201969,0.006295217201113701
23,6900,1201977,0.001723364694043994
23,6900,1201985,0.002046989742666483
23,6900,1201987,0.0017325072549283504
23,6900,1201998,0.0007761739543639123
23,6900,1202011,0.006755209527909756
23,6900,1202024,0.0067651523277163506
23,6900,1202040,0.00024401128757745028
23,6900,1202053,0.0033937999978661537
23,6900,1202067,0.0025335957761853933
23,6900,1202078,0.0008655257988721132
23,6900,1202093,0.0014352741418406367
23,6900,1202105,9.826169116422534e-05
23,6900,1202118,0.0013781574089080095
23,6900,1202132,0.00028831130475737154
23,6900,1202146,0.0008122645085677505
23,6900,1202160,1.139177675213432e-05
23,6900,1202172,0.0007850433466956019
23,6900,1202186,9.977424633689225e-05
23,6900,1202201,0.0002442309632897377
23,6900,1202215,6.404162036233174e-07
23,6900,1202230,0.00023988042084965855
23,6900,1202248,4.9774794206314255e-06
23,6900,1202263,9.081610915018246e-05
23,6900,1202278,5.200758096179925e-06
23,6900,1202290,2.8455451683839783e-07
23,6900,1202308,7.597615876875352e-06
23,6900,1202322,1.8645160935193417e-06
23,6900,1202337,4.483193606574787e-06
23,6900,1202353,1.9383163518682522e-08
23,6900,1202365,3.7417050862131873e-06
23,6900,1202373,8.975169407676731e-08
23,6900,1202380,7.415823120027198e-07
23,6900,1202394,2.1431952745842864e-07
23,6900,1202408,5.092566084385908e-07
23,6900,1202422,2.5632241218431773e-08
23,6900,1202436,4.4727579506798065e-07
23,6900,1202451,0.0
23,6900,1202464,9.834505476646882e-08
23,6900,1202475,0.0
23,6900,1202522,0.0
23,6900,1202527,0.0001641391427256167
23,6900,1202537,0.0
23,6900,1202549,7.604446727782488e-05
23,6900,1202564,0.00022115150932222605
23,6900,1202574,0.0001927729754243046
23,6900,1202590,0.0
23,6900,1202595,0.021174557507038116
23,6900,1202599,0.0009894655086100101
23,6900,1202610,0.00011585799802560359
23,6900,1202614,0.0026350729167461395
23,6900,1202627,0.002361129503697157
23,6900,1202631,0.00019067522953264415
23,6900,1202648,0.0015081604942679405
23,6900,1202663,0.0006521565956063569
23,6900,1202676,5.179463914828375e-05
23,6900,1202691,0.001193125732243061
23,6900,1202701,0.00011410268780309707
23,6900,1202705,0.0003770428302232176
23,6900,1202720,0.0002845152048394084
23,6900,1202724,0.00014772680879104882
23,6900,1202738,0.00040324946166947484
23,6900,1202742,0.00017536127415951341
23,6900,1202753,0.0001490502618253231
23,6900,1202766,0.0012063097674399614
23,6900,1202779,3.277276118751615e-05
23,6900,1202785,0.0003995430306531489
23,6900,1202789,0.0017104099970310926
23,6900,1202803,0.002288692630827427
23,6900,1202814,0.0026302640326321125
23,6900,1202827,0.00014818148338235915
23,6900,1202840,0.006697853095829487
23,6900,1202844,0.000407188490498811
23,6900,1202855,0.00020511928596533835
23,6900,1202859,0.007954956032335758
23,6900,1202872,0.012501893565058708
23,6900,1202885,0.0004972034366801381
23,6900,1202901,0.00032687728526070714
23,6900,1202912,0.01910065859556198
23,6900,1202917,0.02799837291240692
23,6900,1202921,0.0001158987361122854
23,6900,1202929,0.026740964502096176
23,6900,1202938,0.04008481651544571
23,6900,1202949,8.244545460911468e-05
23,6900,1202960,0.05106321722269058
23,6900,1202964,0.004306344781070948
23,6900,1202977,0.002806644421070814
23,6900,1202981,0.08775883913040161
23,6900,1202993,0.18878361582756042
23,6900,1203016,0.5035781860351562
23,6900,1203021,0.23769043385982513
23,6900,1203035,0.19781598448753357
23,6900,1203040,0.5097874402999878
23,6900,1203050,0.22541165351867676
23,6900,1203057,0.15656022727489471
23,6900,1203071,0.13777872920036316
23,6900,1203076,0.23568248748779297
23,6900,1203082,0.15611641108989716
23,6900,1203084,0.16742661595344543
23,6900,1203090,0.08482500910758972
23,6900,1203095,0.005444450303912163
23,6900,1203110,0.5991382598876953
23,6900,1203124,0.7323682904243469
23,6900,1203136,0.3792933225631714
23,6900,1203148,1.0
23,6900,1203172,1.0
23,6900,1203184,1.0
23,6900,1203188,0.16414666175842285
23,6900,1203206,0.30252495408058167
23,6900,1203221,1.0
23,6900,1203239,0.08108164370059967
23,6900,1203254,1.0
23,6900,1203266,0.08928938955068588
23,6900,1203271,0.16572941839694977
23,6900,1203284,0.058188680559396744
23,6900,1203288,0.310457706451416
23,6900,1203303,0.3574695587158203
23,6900,1203317,0.002309339353814721
23,6900,1203331,0.30528753995895386
23,6900,1203342,0.3550729751586914
23,6900,1203361,0.028304126113653183
23,6900,1203387,0.0
23,6900,1203400,0.08525358140468597
23,6900,1203428,0.05183456838130951
23,6900,1203440,0.0
23,6900,1203468,0.02753850445151329
23,6900,1203481,0.0
23,6900,1203495,0.0
23,6900,1203506,0.0
23,6900,1203513,0.0
23,6900,1203524,0.0
23,6900,1203536,0.0
23,6900,1203549,0.0
23,6900,1203561,0.0
23,6900,1203573,0.0
23,6900,1203589,0.0
